{
    "type": "FeatureCollection",
    "name": "610_cameras",
    "features": [
        {
            "type": "Feature",
            "properties": {
                "name": "1",
                "jurisdiccion": "10 de Octubre",
                "tipo": "TIPO II",
                "camara": "360",
                "megafono": true,
                "boton": true,
                "referencia": "",
                "direccion": "AV. AMPLIACIÓN OESTE/AV. DEL MERCADO",
                "WKT": "POINT Z (-76.989381 -11.938414 0)"
            },
            "geometry": {
                "type": "Point",
                "coordinates": [
                    -76.989381,
                    -11.938414,
                    0.0
                ]
            }
        },
        {
            "type": "Feature",
            "properties": {
                "name": "2",
                "jurisdiccion": "Mariscal Caceres",
                "tipo": "TIPO II",
                "camara": "360",
                "megafono": true,
                "boton": true,
                "referencia": "",
                "direccion": "AV. AMPLIACION OESTE/ AV. FERNADO WIESSE",
                "WKT": "POINT Z (-76.982144 -11.943528 0)"
            },
            "geometry": {
                "type": "Point",
                "coordinates": [
                    -76.982144,
                    -11.943528,
                    0.0
                ]
            }
        },
        {
            "type": "Feature",
            "properties": {
                "name": "3",
                "jurisdiccion": "10 de Octubre",
                "tipo": "TIPO I",
                "camara": "180",
                "megafono": true,
                "boton": false,
                "referencia": "-11.9426536308963, -76.9924886482349",
                "direccion": "AV. EL MURO / AV. DEL MERCADO",
                "WKT": "POINT Z (-76.979124 -11.935576 0)"
            },
            "geometry": {
                "type": "Point",
                "coordinates": [
                    -76.992430,
                    -11.942717,
                    0.0
                ]
            }
        },
        {
            "type": "Feature",
            "properties": {
                "name": "4",
                "jurisdiccion": "Mariscal Caceres",
                "tipo": "TIPO I",
                "camara": "180",
                "megafono": true,
                "boton": false,
                "referencia": "-11.9463337986253, -76.9781128108856",
                "direccion": "AV. AMPLIACION OESTE / AV. CENTRAL",
                "WKT": "POINT Z (-76.978072 -11.946233 0)"
            },
            "geometry": {
                "type": "Point",
                "coordinates": [
                    -76.978072,
                    -11.946233,
                    0.0
                ]
            }
        },
        {
            "type": "Feature",
            "properties": {
                "name": "5",
                "jurisdiccion": "Mariscal Caceres",
                "tipo": "TIPO II",
                "camara": "360",
                "megafono": true,
                "boton": true,
                "referencia": "",
                "direccion": "AV. EL MURO / AV.CENTRAL",
                "WKT": "POINT Z (-76.980928 -11.950331 0)"
            },
            "geometry": {
                "type": "Point",
                "coordinates": [
                    -76.980928,
                    -11.950331,
                    0.0
                ]
            }
        },
        {
            "type": "Feature",
            "properties": {
                "name": "6",
                "jurisdiccion": "Mariscal Caceres",
                "tipo": "TIPO I",
                "camara": "180",
                "megafono": true,
                "boton": false,
                "referencia": "-11.953939682635, -76.9833477333347",
                "direccion": "AV. CENTRAL / JR. POZO SECO",
                "WKT": "POINT Z (-76.983206 -11.953939 0)"
            },
            "geometry": {
                "type": "Point",
                "coordinates": [
                    -76.983206,
                    -11.953939,
                    0.0
                ]
            }
        },
        {
            "type": "Feature",
            "properties": {
                "name": "7",
                "jurisdiccion": "Canto Rey",
                "tipo": "TIPO I",
                "camara": "180",
                "megafono": true,
                "boton": false,
                "referencia": "-11.9607253325779, -76.9842611076139",
                "direccion": "AV. BAYOVAR / AV. CENTRAL",
                "WKT": "POINT Z (-76.984211 -11.960703 0)"
            },
            "geometry": {
                "type": "Point",
                "coordinates": [
                    -76.984211,
                    -11.960703,
                    0.0
                ]
            }
        },
        {
            "type": "Feature",
            "properties": {
                "name": "8",
                "jurisdiccion": "Canto Rey",
                "tipo": "TIPO I",
                "camara": "180",
                "megafono": false,
                "boton": false,
                "referencia": "-11.9665534373824, -76.9884709810251",
                "direccion": "AV. CENTRAL / JR. FISICOS",
                "WKT": "POINT Z (-76.988442 -11.966558 0)"
            },
            "geometry": {
                "type": "Point",
                "coordinates": [
                    -76.988442,
                    -11.966558,
                    0.0
                ]
            }
        },
        {
            "type": "Feature",
            "properties": {
                "name": "9",
                "jurisdiccion": "Bayovar",
                "tipo": "TIPO II",
                "camara": "360",
                "megafono": true,
                "boton": true,
                "referencia": "",
                "direccion": "AV. FERNADO WIESSE / AV. JOSE CARLOS MAREATEGUI",
                "WKT": "POINT Z (-76.987619 -11.951622 0)"
            },
            "geometry": {
                "type": "Point",
                "coordinates": [
                    -76.987619,
                    -11.951622,
                    0.0
                ]
            }
        },
        {
            "type": "Feature",
            "properties": {
                "name": "11",
                "jurisdiccion": "Bayovar",
                "tipo": "TIPO II",
                "camara": "360",
                "megafono": true,
                "boton": true,
                "referencia": "",
                "direccion": "AV. HEROES DEL CENEPA OESTE / AV. REPUBLICA DE POLONIA",
                "WKT": "POINT Z (-76.989697 -11.957153 0)"
            },
            "geometry": {
                "type": "Point",
                "coordinates": [
                    -76.989697,
                    -11.957153,
                    0.0
                ]
            }
        },
        {
            "type": "Feature",
            "properties": {
                "name": "12",
                "jurisdiccion": "Bayovar",
                "tipo": "TIPO II",
                "camara": "360",
                "megafono": true,
                "boton": true,
                "referencia": "",
                "direccion": "AV. FERNADO WIESSE / AV. HEROES DEL CENEPA",
                "WKT": "POINT Z (-76.987097 -11.958697 0)"
            },
            "geometry": {
                "type": "Point",
                "coordinates": [
                    -76.987097,
                    -11.958697,
                    0.0
                ]
            }
        },
        {
            "type": "Feature",
            "properties": {
                "name": "13",
                "jurisdiccion": "Canto Rey",
                "tipo": "TIPO I",
                "camara": "180",
                "megafono": true,
                "boton": false,
                "referencia": "-11.9710018206708, -76.9923071115172",
                "direccion": "AV. CENTRAL / AV. SANTA ROSA DE LIMA",
                "WKT": "POINT Z (-76.992328 -11.970931 0)"
            },
            "geometry": {
                "type": "Point",
                "coordinates": [
                    -76.992328,
                    -11.970931,
                    0.0
                ]
            }
        },
        {
            "type": "Feature",
            "properties": {
                "name": "14",
                "jurisdiccion": "Canto Rey",
                "tipo": "TIPO I",
                "camara": "180",
                "megafono": true,
                "boton": true,
                "referencia": "-11.9724255978514, -76.9964752743614",
                "direccion": "AV. FERNADO DE WIESSE / AV. SAN MARTIN",
                "WKT": "POINT Z (-76.996447 -11.972422 0)"
            },
            "geometry": {
                "type": "Point",
                "coordinates": [
                    -76.996447,
                    -11.972422,
                    0.0
                ]
            }
        },
        {
            "type": "Feature",
            "properties": {
                "name": "15",
                "jurisdiccion": "Canto Rey",
                "tipo": "TIPO I",
                "camara": "180",
                "megafono": true,
                "boton": false,
                "referencia": "-11.9788829830309, -76.9918528495486",
                "direccion": "AV. SAN MARTIN / AV SANTA ROSA DE LIMA",
                "WKT": "POINT Z (-76.991775 -11.97885 0)"
            },
            "geometry": {
                "type": "Point",
                "coordinates": [
                    -76.991775,
                    -11.97885,
                    0.0
                ]
            }
        },
        {
            "type": "Feature",
            "properties": {
                "name": "16",
                "jurisdiccion": "Canto Rey",
                "tipo": "TIPO I",
                "camara": "180",
                "megafono": false,
                "boton": false,
                "referencia": "-11.9832984839604, -76.9936519556939",
                "direccion": "AV. SANTA ROSA DE LIMA / AV. LOS BAMBUES",
                "WKT": "POINT Z (-76.993639 -11.983264 0)"
            },
            "geometry": {
                "type": "Point",
                "coordinates": [
                    -76.993639,
                    -11.983264,
                    0.0
                ]
            }
        },
        {
            "type": "Feature",
            "properties": {
                "name": "17",
                "jurisdiccion": "Santa Elizabeth",
                "tipo": "TIPO II",
                "camara": "360",
                "megafono": true,
                "boton": true,
                "referencia": "",
                "direccion": "AV. FERNANDO WIESSE / AV. SANTA ROSA DE LIMA",
                "WKT": "POINT Z (-76.994275 -11.968744 0)"
            },
            "geometry": {
                "type": "Point",
                "coordinates": [
                    -76.994275,
                    -11.968744,
                    0.0
                ]
            }
        },
        {
            "type": "Feature",
            "properties": {
                "name": "18",
                "jurisdiccion": "Santa Elizabeth",
                "tipo": "TIPO I",
                "camara": "180",
                "megafono": false,
                "boton": false,
                "referencia": "-11.966616659925, -76.9963260102235",
                "direccion": "AV. SANTA ROSA / AV. REPUBLICA DE POLONIA",
                "WKT": "POINT Z (-76.996358 -11.966661 0)"
            },
            "geometry": {
                "type": "Point",
                "coordinates": [
                    -76.996358,
                    -11.966661,
                    0.0
                ]
            }
        },
        {
            "type": "Feature",
            "properties": {
                "name": "19",
                "jurisdiccion": "Santa Elizabeth",
                "tipo": "TIPO II",
                "camara": "360",
                "megafono": true,
                "boton": true,
                "referencia": "",
                "direccion": "JR. RIO AMAZONAS / JR. RIO SANTA ROSA",
                "WKT": "POINT Z (-76.99855 -11.969958 0)"
            },
            "geometry": {
                "type": "Point",
                "coordinates": [
                    -76.99855,
                    -11.969958,
                    0.0
                ]
            }
        },
        {
            "type": "Feature",
            "properties": {
                "name": "21",
                "jurisdiccion": "Zarate",
                "tipo": "TIPO II",
                "camara": "360",
                "megafono": true,
                "boton": true,
                "referencia": "",
                "direccion": "AV. LOS PROCERES / CALLE 14",
                "WKT": "POINT Z (-76.963839 -12.014796 0)"
            },
            "geometry": {
                "type": "Point",
                "coordinates": [
                    -76.963839,
                    -12.014796,
                    0.0
                ]
            }
        },
        {
            "type": "Feature",
            "properties": {
                "name": "22",
                "jurisdiccion": "Zarate",
                "tipo": "TIPO II",
                "camara": "360",
                "megafono": true,
                "boton": true,
                "referencia": "",
                "direccion": "AV. LOS PROCERES / AV. CIRCUNVALACIÓN",
                "WKT": "POINT Z (-76.967702 -12.016982 0)"
            },
            "geometry": {
                "type": "Point",
                "coordinates": [
                    -76.967702,
                    -12.016982,
                    0.0
                ]
            }
        },
        {
            "type": "Feature",
            "properties": {
                "name": "23",
                "jurisdiccion": "Zarate",
                "tipo": "TIPO I",
                "camara": "180",
                "megafono": true,
                "boton": false,
                "referencia": "-12.018466627965, -76.9708220527405",
                "direccion": "AV. SAN MARTIN / AV. CIRIRCUNVALACIÓN",
                "WKT": "POINT Z (-76.970808 -12.0185 0)"
            },
            "geometry": {
                "type": "Point",
                "coordinates": [
                    -76.970808,
                    -12.0185,
                    0.0
                ]
            }
        },
        {
            "type": "Feature",
            "properties": {
                "name": "24",
                "jurisdiccion": "Zarate",
                "tipo": "TIPO II",
                "camara": "360",
                "megafono": true,
                "boton": true,
                "referencia": "",
                "direccion": "AV. PRIMAVERA / CALLE 11",
                "WKT": "POINT Z (-76.966113 -12.020973 0)"
            },
            "geometry": {
                "type": "Point",
                "coordinates": [
                    -76.966113,
                    -12.020973,
                    0.0
                ]
            }
        },
        {
            "type": "Feature",
            "properties": {
                "name": "25",
                "jurisdiccion": "Zarate",
                "tipo": "TIPO II",
                "camara": "360",
                "megafono": true,
                "boton": true,
                "referencia": "",
                "direccion": "JR LOS PINOS / CALLE 8",
                "WKT": "POINT Z (-76.961653 -12.019108 0)"
            },
            "geometry": {
                "type": "Point",
                "coordinates": [
                    -76.961653,
                    -12.019108,
                    0.0
                ]
            }
        },
        {
            "type": "Feature",
            "properties": {
                "name": "27",
                "jurisdiccion": "Santa Elizabeth",
                "tipo": "TIPO I",
                "camara": "180",
                "megafono": true,
                "boton": false,
                "referencia": "-11.9685792950227, -77.0114186093876",
                "direccion": "AV. JOSE CARLOS MAREATEGUI / CALLE CAJAMARCA",
                "WKT": "POINT Z (-77.011344 -11.968592 0)"
            },
            "geometry": {
                "type": "Point",
                "coordinates": [
                    -77.011344,
                    -11.968592,
                    0.0
                ]
            }
        },
        {
            "type": "Feature",
            "properties": {
                "name": "28",
                "jurisdiccion": "Santa Elizabeth",
                "tipo": "TIPO I",
                "camara": "180",
                "megafono": false,
                "boton": false,
                "referencia": "-11.9702208439849, -77.0097412610841",
                "direccion": "AV. MACCHU PICCHU /  AV. LIBERACION",
                "WKT": "POINT Z (-77.009717 -11.970147 0)"
            },
            "geometry": {
                "type": "Point",
                "coordinates": [
                    -77.009717,
                    -11.970147,
                    0.0
                ]
            }
        },
        {
            "type": "Feature",
            "properties": {
                "name": "29",
                "jurisdiccion": "Santa Elizabeth",
                "tipo": "TIPO I",
                "camara": "180",
                "megafono": true,
                "boton": false,
                "referencia": "-11.9619155713035, -77.0070891201796",
                "direccion": "AV. JOSE CARLOS MAREATEGUI / PSJ DEL 5",
                "WKT": "POINT Z (-77.006894 -11.961806 0)"
            },
            "geometry": {
                "type": "Point",
                "coordinates": [
                    -77.006894,
                    -11.961806,
                    0.0
                ]
            }
        },
        {
            "type": "Feature",
            "properties": {
                "name": "30",
                "jurisdiccion": "Santa Elizabeth",
                "tipo": "TIPO I",
                "camara": "180",
                "megafono": true,
                "boton": false,
                "referencia": "-11.957058175175, -77.0012755516032",
                "direccion": "AV. JOSE CARLOS MARETEGUI / AV. RIO GRANDE",
                "WKT": "POINT Z (-77.000903 -11.956789 0)"
            },
            "geometry": {
                "type": "Point",
                "coordinates": [
                    -77.000903,
                    -11.956789,
                    0.0
                ]
            }
        },
        {
            "type": "Feature",
            "properties": {
                "name": "31",
                "jurisdiccion": "Santa Elizabeth",
                "tipo": "TIPO I",
                "camara": "180",
                "megafono": true,
                "boton": true,
                "referencia": "-11.9667300597572, -77.0032464686484",
                "direccion": "AV. CANTO GRANDE  / HOSPITAL SJL",
                "WKT": "POINT Z (-77.003264 -11.966689 0)"
            },
            "geometry": {
                "type": "Point",
                "coordinates": [
                    -77.003264,
                    -11.966689,
                    0.0
                ]
            }
        },
        {
            "type": "Feature",
            "properties": {
                "name": "33",
                "jurisdiccion": "Santa Elizabeth",
                "tipo": "TIPO I",
                "camara": "180",
                "megafono": false,
                "boton": false,
                "referencia": "-11.9671003221312, -77.0060157579655",
                "direccion": "AV. SAN MARTIN /  MERCADO VALLE SAGRADO",
                "WKT": "POINT Z (-77.005947 -11.967075 0)"
            },
            "geometry": {
                "type": "Point",
                "coordinates": [
                    -77.005947,
                    -11.967075,
                    0.0
                ]
            }
        },
        {
            "type": "Feature",
            "properties": {
                "name": "34",
                "jurisdiccion": "Santa Elizabeth",
                "tipo": "TIPO II",
                "camara": "360",
                "megafono": true,
                "boton": true,
                "referencia": "",
                "direccion": "AV. CANTO GRANDE / LAS NACIONES",
                "WKT": "POINT Z (-76.998347 -11.957983 0)"
            },
            "geometry": {
                "type": "Point",
                "coordinates": [
                    -76.998347,
                    -11.957983,
                    0.0
                ]
            }
        },
        {
            "type": "Feature",
            "properties": {
                "name": "35",
                "jurisdiccion": "Santa Elizabeth",
                "tipo": "TIPO II",
                "camara": "360",
                "megafono": true,
                "boton": true,
                "referencia": "",
                "direccion": "AV. CANTO GRANDE / AV. EL SOL",
                "WKT": "POINT Z (-77.013206 -11.982397 0)"
            },
            "geometry": {
                "type": "Point",
                "coordinates": [
                    -77.013206,
                    -11.982397,
                    0.0
                ]
            }
        },
        {
            "type": "Feature",
            "properties": {
                "name": "36",
                "jurisdiccion": "Santa Elizabeth",
                "tipo": "TIPO I",
                "camara": "180",
                "megafono": true,
                "boton": false,
                "referencia": "-11.979135987322, -77.0114821721123",
                "direccion": "AV. CANTO GRANDE / PJE LOS AMANCAES",
                "WKT": "POINT Z (-77.011406 -11.979083 0)"
            },
            "geometry": {
                "type": "Point",
                "coordinates": [
                    -77.011406,
                    -11.979083,
                    0.0
                ]
            }
        },
        {
            "type": "Feature",
            "properties": {
                "name": "37",
                "jurisdiccion": "Santa Elizabeth",
                "tipo": "TIPO I",
                "camara": "180",
                "megafono": true,
                "boton": false,
                "referencia": "-11.974920687531, -77.0086545246692",
                "direccion": "AV. CANTO GRANDE / AV. DEL PARQUE",
                "WKT": "POINT Z (-77.008464 -11.974839 0)"
            },
            "geometry": {
                "type": "Point",
                "coordinates": [
                    -77.008464,
                    -11.974839,
                    0.0
                ]
            }
        },
        {
            "type": "Feature",
            "properties": {
                "name": "38",
                "jurisdiccion": "Santa Elizabeth",
                "tipo": "TIPO I",
                "camara": "180",
                "megafono": true,
                "boton": false,
                "referencia": "-11.9720254939315, -77.0070277179254",
                "direccion": "AV. CANTO GRANDE / AV. MACHU PICCHU",
                "WKT": "POINT Z (-77.007019 -11.971922 0)"
            },
            "geometry": {
                "type": "Point",
                "coordinates": [
                    -77.007019,
                    -11.971922,
                    0.0
                ]
            }
        },
        {
            "type": "Feature",
            "properties": {
                "name": "39",
                "jurisdiccion": "Canto Rey",
                "tipo": "TIPO I",
                "camara": "180",
                "megafono": false,
                "boton": false,
                "referencia": "-11.9815374588198, -76.9990762791345",
                "direccion": "AV. LOS CIRUELOS / AV. DEL PARQUE",
                "WKT": "POINT Z (-76.999047 -11.981361 0)"
            },
            "geometry": {
                "type": "Point",
                "coordinates": [
                    -76.999047,
                    -11.981361,
                    0.0
                ]
            }
        },
        {
            "type": "Feature",
            "properties": {
                "name": "40",
                "jurisdiccion": "Huayrona",
                "tipo": "TIPO I",
                "camara": "180",
                "megafono": true,
                "boton": false,
                "referencia": "-11.9858268558617, -77.003186221091",
                "direccion": "AV. 13 DE ENERO / AV. EL SOL",
                "WKT": "POINT Z (-77.003136 -11.985961 0)"
            },
            "geometry": {
                "type": "Point",
                "coordinates": [
                    -77.003136,
                    -11.985961,
                    0.0
                ]
            }
        },
        {
            "type": "Feature",
            "properties": {
                "name": "41",
                "jurisdiccion": "Huayrona",
                "tipo": "TIPO II",
                "camara": "360",
                "megafono": true,
                "boton": true,
                "referencia": "",
                "direccion": "JR. LOS CORALES / JR. PERLAS",
                "WKT": "POINT Z (-77.00665 -11.985219 0)"
            },
            "geometry": {
                "type": "Point",
                "coordinates": [
                    -77.00665,
                    -11.985219,
                    0.0
                ]
            }
        },
        {
            "type": "Feature",
            "properties": {
                "name": "43",
                "jurisdiccion": "Huayrona",
                "tipo": "TIPO II",
                "camara": "360",
                "megafono": true,
                "boton": true,
                "referencia": "",
                "direccion": "AV. PROCERES DE LA INDEPENDENCIA / AV. JORGE BASADRE",
                "WKT": "POINT Z (-77.010878 -11.989489 0)"
            },
            "geometry": {
                "type": "Point",
                "coordinates": [
                    -77.010878,
                    -11.989489,
                    0.0
                ]
            }
        },
        {
            "type": "Feature",
            "properties": {
                "name": "44",
                "jurisdiccion": "Santa Elizabeth",
                "tipo": "TIPO II",
                "camara": "360",
                "megafono": true,
                "boton": true,
                "referencia": "",
                "direccion": "AV. JORGE BASADRE / AV. CANTO GRANDE",
                "WKT": "POINT Z (-77.015311 -11.990097 0)"
            },
            "geometry": {
                "type": "Point",
                "coordinates": [
                    -77.015311,
                    -11.990097,
                    0.0
                ]
            }
        },
        {
            "type": "Feature",
            "properties": {
                "name": "45",
                "jurisdiccion": "Huayrona",
                "tipo": "TIPO II",
                "camara": "360",
                "megafono": true,
                "boton": true,
                "referencia": "",
                "direccion": "AV. CANTO GRANDE / AV. SAN HILARION OESTE",
                "WKT": "POINT Z (-77.015031 -11.995794 0)"
            },
            "geometry": {
                "type": "Point",
                "coordinates": [
                    -77.015031,
                    -11.995794,
                    0.0
                ]
            }
        },
        {
            "type": "Feature",
            "properties": {
                "name": "46",
                "jurisdiccion": "Huayrona",
                "tipo": "TIPO I",
                "camara": "180",
                "megafono": true,
                "boton": false,
                "referencia": "-11.9902594324875, -77.005119811108",
                "direccion": "AV. JORGE BASADRE ESTE / AV. 13 DE ENERO",
                "WKT": "POINT Z (-77.004867 -11.990172 0)"
            },
            "geometry": {
                "type": "Point",
                "coordinates": [
                    -77.004867,
                    -11.990172,
                    0.0
                ]
            }
        },
        {
            "type": "Feature",
            "properties": {
                "name": "47",
                "jurisdiccion": "Huayrona",
                "tipo": "TIPO II",
                "camara": "360",
                "megafono": true,
                "boton": true,
                "referencia": "",
                "direccion": "AV. LOS POSTES ESTE / AV. SANTA ROSA DE LIMA",
                "WKT": "POINT Z (-77.000772 -11.995975 0)"
            },
            "geometry": {
                "type": "Point",
                "coordinates": [
                    -77.000772,
                    -11.995975,
                    0.0
                ]
            }
        },
        {
            "type": "Feature",
            "properties": {
                "name": "48",
                "jurisdiccion": "Huayrona",
                "tipo": "TIPO II",
                "camara": "360",
                "megafono": true,
                "boton": true,
                "referencia": "",
                "direccion": "AV. SANTA ROSA DE LIMA / AV. JORGE BASADRE ESTE",
                "WKT": "POINT Z (-77.000497 -11.992061 0)"
            },
            "geometry": {
                "type": "Point",
                "coordinates": [
                    -77.000497,
                    -11.992061,
                    0.0
                ]
            }
        },
        {
            "type": "Feature",
            "properties": {
                "name": "49",
                "jurisdiccion": "Huayrona",
                "tipo": "TIPO II",
                "camara": "360",
                "megafono": true,
                "boton": true,
                "referencia": "",
                "direccion": "AV. LOS POSTES ESTE / AV. 13 DE ENERO",
                "WKT": "POINT Z (-77.005072 -11.996108 0)"
            },
            "geometry": {
                "type": "Point",
                "coordinates": [
                    -77.005072,
                    -11.996108,
                    0.0
                ]
            }
        },
        {
            "type": "Feature",
            "properties": {
                "name": "50",
                "jurisdiccion": "Huayrona",
                "tipo": "TIPO II",
                "camara": "360",
                "megafono": true,
                "boton": true,
                "referencia": "",
                "direccion": "AV. LOS POSTES OESTE / AV. PROCERES DE LA INDEPENDENCIA",
                "WKT": "POINT Z (-77.009892 -11.997439 0)"
            },
            "geometry": {
                "type": "Point",
                "coordinates": [
                    -77.009892,
                    -11.997439,
                    0.0
                ]
            }
        },
        {
            "type": "Feature",
            "properties": {
                "name": "51",
                "jurisdiccion": "Huayrona",
                "tipo": "TIPO II",
                "camara": "360",
                "megafono": true,
                "boton": true,
                "referencia": "",
                "direccion": "AV. LOS JARDINES OESTE / AV. PROCERES DE LA INDEPENDENCIA",
                "WKT": "POINT Z (-77.006361 -12.005992 0)"
            },
            "geometry": {
                "type": "Point",
                "coordinates": [
                    -77.006361,
                    -12.005992,
                    0.0
                ]
            }
        },
        {
            "type": "Feature",
            "properties": {
                "name": "52",
                "jurisdiccion": "Huayrona",
                "tipo": "TIPO I",
                "camara": "180",
                "megafono": true,
                "boton": false,
                "referencia": "-12.001481088976, -77.0082251237612",
                "direccion": "AV. PROCERES DE LA INDEPENDENCIA / JR. DRUSAS",
                "WKT": "POINT Z (-77.008175 -12.001422 0)"
            },
            "geometry": {
                "type": "Point",
                "coordinates": [
                    -77.008175,
                    -12.001422,
                    0.0
                ]
            }
        },
        {
            "type": "Feature",
            "properties": {
                "name": "53",
                "jurisdiccion": "Huayrona",
                "tipo": "TIPO II",
                "camara": "360",
                "megafono": true,
                "boton": true,
                "referencia": "",
                "direccion": "AV. PROCERES DE LA INDEPENDENCIA / AV. LOS POSTES ESTE",
                "WKT": "POINT Z (-77.009533 -11.997025 0)"
            },
            "geometry": {
                "type": "Point",
                "coordinates": [
                    -77.009533,
                    -11.997025,
                    0.0
                ]
            }
        },
        {
            "type": "Feature",
            "properties": {
                "name": "55",
                "jurisdiccion": "Huayrona",
                "tipo": "TIPO II",
                "camara": "360",
                "megafono": true,
                "boton": true,
                "referencia": "",
                "direccion": "AV. FLORES DE PRIMAVERA /Â  JR. MARTICARIAS",
                "WKT": "POINT Z (-77.012375 -12.003919 0)"
            },
            "geometry": {
                "type": "Point",
                "coordinates": [
                    -77.012375,
                    -12.003919,
                    0.0
                ]
            }
        },
        {
            "type": "Feature",
            "properties": {
                "name": "56",
                "jurisdiccion": "Huayrona",
                "tipo": "TIPO II",
                "camara": "360",
                "megafono": true,
                "boton": true,
                "referencia": "",
                "direccion": "AV. CANTO GRANDE / JR. ROSAMALVAS",
                "WKT": "POINT Z (-77.015947 -12.006569 0)"
            },
            "geometry": {
                "type": "Point",
                "coordinates": [
                    -77.015947,
                    -12.006569,
                    0.0
                ]
            }
        },
        {
            "type": "Feature",
            "properties": {
                "name": "57",
                "jurisdiccion": "Huayrona",
                "tipo": "TIPO II",
                "camara": "360",
                "megafono": true,
                "boton": true,
                "referencia": "",
                "direccion": "AV. LOS POSTES / AV. LAS FLORES DE PRIMAVERA",
                "WKT": "POINT Z (-77.014272 -11.998556 0)"
            },
            "geometry": {
                "type": "Point",
                "coordinates": [
                    -77.014272,
                    -11.998556,
                    0.0
                ]
            }
        },
        {
            "type": "Feature",
            "properties": {
                "name": "58",
                "jurisdiccion": "Huayrona",
                "tipo": "TIPO II",
                "camara": "360",
                "megafono": true,
                "boton": true,
                "referencia": "",
                "direccion": "AV. CANTO GRANDE / AV. LAS LOMAS",
                "WKT": "POINT Z (-77.016861 -12.003264 0)"
            },
            "geometry": {
                "type": "Point",
                "coordinates": [
                    -77.016861,
                    -12.003264,
                    0.0
                ]
            }
        },
        {
            "type": "Feature",
            "properties": {
                "name": "59",
                "jurisdiccion": "Huayrona",
                "tipo": "TIPO II",
                "camara": "360",
                "megafono": true,
                "boton": true,
                "referencia": "",
                "direccion": "AV. LOS JARDINES OESTE / AV. LAS FLORES DE PRIMAVERA",
                "WKT": "POINT Z (-77.0108 -12.007642 0)"
            },
            "geometry": {
                "type": "Point",
                "coordinates": [
                    -77.0108,
                    -12.007642,
                    0.0
                ]
            }
        },
        {
            "type": "Feature",
            "properties": {
                "name": "60",
                "jurisdiccion": "Huayrona",
                "tipo": "TIPO II",
                "camara": "360",
                "megafono": true,
                "boton": true,
                "referencia": "",
                "direccion": "AV. CANTO GRANDE GRANDE / JR. LAS VERDOLAGAS",
                "WKT": "POINT Z (-77.016667 -12.008975 0)"
            },
            "geometry": {
                "type": "Point",
                "coordinates": [
                    -77.016667,
                    -12.008975,
                    0.0
                ]
            }
        },
        {
            "type": "Feature",
            "properties": {
                "name": "61",
                "jurisdiccion": "Caja de Agua",
                "tipo": "TIPO I",
                "camara": "180",
                "megafono": false,
                "boton": false,
                "referencia": "-12.0121106159065, -77.0132615547613",
                "direccion": "AV. CANTO GRANDE / AV. LOS TUSILAGOS OESTE",
                "WKT": "POINT Z (-77.013311 -12.012172 0)"
            },
            "geometry": {
                "type": "Point",
                "coordinates": [
                    -77.013311,
                    -12.012172,
                    0.0
                ]
            }
        },
        {
            "type": "Feature",
            "properties": {
                "name": "62",
                "jurisdiccion": "Zarate",
                "tipo": "TIPO II",
                "camara": "360",
                "megafono": true,
                "boton": true,
                "referencia": "",
                "direccion": "AV. SAN MARTINÂ  / JR. LOS ANGELES",
                "WKT": "POINT Z (-76.968789 -12.021897 0)"
            },
            "geometry": {
                "type": "Point",
                "coordinates": [
                    -76.968789,
                    -12.021897,
                    0.0
                ]
            }
        },
        {
            "type": "Feature",
            "properties": {
                "name": "66",
                "jurisdiccion": "Zarate",
                "tipo": "TIPO I",
                "camara": "180",
                "megafono": true,
                "boton": false,
                "referencia": "-12.0103383304216, -76.9813604985211",
                "direccion": "AV. LAS LOMAS / JR. MAMACONA",
                "WKT": "POINT Z (-76.981329 -12.010255 0)"
            },
            "geometry": {
                "type": "Point",
                "coordinates": [
                    -76.981329,
                    -12.010255,
                    0.0
                ]
            }
        },
        {
            "type": "Feature",
            "properties": {
                "name": "67",
                "jurisdiccion": "Zarate",
                "tipo": "TIPO I",
                "camara": "180",
                "megafono": false,
                "boton": false,
                "referencia": "-12.0120467040355, -76.9796381743793",
                "direccion": "AV. EL SANTUARIO / JR. MAMACONA",
                "WKT": "POINT Z (-76.979602 -12.01199 0)"
            },
            "geometry": {
                "type": "Point",
                "coordinates": [
                    -76.979602,
                    -12.01199,
                    0.0
                ]
            }
        },
        {
            "type": "Feature",
            "properties": {
                "name": "68",
                "jurisdiccion": "Zarate",
                "tipo": "TIPO I",
                "camara": "180",
                "megafono": false,
                "boton": false,
                "referencia": "-12.0228496958759, -76.986112576023",
                "direccion": "AV. GRAN PAJATEN / JR. CAJAMARQUILLA",
                "WKT": "POINT Z (-76.986203 -12.022808 0)"
            },
            "geometry": {
                "type": "Point",
                "coordinates": [
                    -76.986203,
                    -12.022808,
                    0.0
                ]
            }
        },
        {
            "type": "Feature",
            "properties": {
                "name": "69",
                "jurisdiccion": "Zarate",
                "tipo": "TIPO I",
                "camara": "180",
                "megafono": false,
                "boton": false,
                "referencia": "-12.0210818262146, -76.9861534123641",
                "direccion": "AV. EL SANTUARIO / AV. GRAN PAJATEN",
                "WKT": "POINT Z (-76.986256 -12.021025 0)"
            },
            "geometry": {
                "type": "Point",
                "coordinates": [
                    -76.986256,
                    -12.021025,
                    0.0
                ]
            }
        },
        {
            "type": "Feature",
            "properties": {
                "name": "70",
                "jurisdiccion": "Zarate",
                "tipo": "TIPO II",
                "camara": "360",
                "megafono": true,
                "boton": true,
                "referencia": "",
                "direccion": "AV. MANGOMARCA / JR. KILLIE",
                "WKT": "POINT Z (-76.984025 -12.014983 0)"
            },
            "geometry": {
                "type": "Point",
                "coordinates": [
                    -76.984025,
                    -12.014983,
                    0.0
                ]
            }
        },
        {
            "type": "Feature",
            "properties": {
                "name": "71",
                "jurisdiccion": "Zarate",
                "tipo": "TIPO I",
                "camara": "180",
                "megafono": true,
                "boton": true,
                "referencia": "-12.017855279802, -76.9901235013401",
                "direccion": "AV. LURIGANCHO / AV. LAS LOMAS",
                "WKT": "POINT Z (-76.990167 -12.017906 0)"
            },
            "geometry": {
                "type": "Point",
                "coordinates": [
                    -76.990167,
                    -12.017906,
                    0.0
                ]
            }
        },
        {
            "type": "Feature",
            "properties": {
                "name": "72",
                "jurisdiccion": "Zarate",
                "tipo": "TIPO I",
                "camara": "180",
                "megafono": false,
                "boton": false,
                "referencia": "-12.0165911121183, -76.9930530830084",
                "direccion": "AV. LURIGANCHO / AV. LOS REGADORES",
                "WKT": "POINT Z (-76.993272 -12.016614 0)"
            },
            "geometry": {
                "type": "Point",
                "coordinates": [
                    -76.993272,
                    -12.016614,
                    0.0
                ]
            }
        },
        {
            "type": "Feature",
            "properties": {
                "name": "73",
                "jurisdiccion": "Zarate",
                "tipo": "TIPO II",
                "camara": "360",
                "megafono": true,
                "boton": true,
                "referencia": "",
                "direccion": "AV. LURIGANCHO / AV.Â  13 DE ENERO",
                "WKT": "POINT Z (-76.997092 -12.016733 0)"
            },
            "geometry": {
                "type": "Point",
                "coordinates": [
                    -76.997092,
                    -12.016733,
                    0.0
                ]
            }
        },
        {
            "type": "Feature",
            "properties": {
                "name": "74",
                "jurisdiccion": "Zarate",
                "tipo": "TIPO I",
                "camara": "180",
                "megafono": true,
                "boton": true,
                "referencia": "-12.0245477953819, -76.996621966867",
                "direccion": "AV. GRAN CHIMU / AV. PORTADA DEL SOL",
                "WKT": "POINT Z (-76.996592 -12.024595 0)"
            },
            "geometry": {
                "type": "Point",
                "coordinates": [
                    -76.996592,
                    -12.024595,
                    0.0
                ]
            }
        },
        {
            "type": "Feature",
            "properties": {
                "name": "76",
                "jurisdiccion": "Zarate",
                "tipo": "TIPO II",
                "camara": "360",
                "megafono": true,
                "boton": true,
                "referencia": "",
                "direccion": "AV. LAS LOMAS / JR VILLAC UMO",
                "WKT": "POINT Z (-76.991542 -12.022742 0)"
            },
            "geometry": {
                "type": "Point",
                "coordinates": [
                    -76.991542,
                    -12.022742,
                    0.0
                ]
            }
        },
        {
            "type": "Feature",
            "properties": {
                "name": "80",
                "jurisdiccion": "Zarate",
                "tipo": "TIPO II",
                "camara": "360",
                "megafono": true,
                "boton": true,
                "referencia": "",
                "direccion": "AV. DEL SOL / JR. LOS CHASQUIS",
                "WKT": "POINT Z (-77.002086 -12.025153 0)"
            },
            "geometry": {
                "type": "Point",
                "coordinates": [
                    -77.002086,
                    -12.025153,
                    0.0
                ]
            }
        },
        {
            "type": "Feature",
            "properties": {
                "name": "81",
                "jurisdiccion": "Zarate",
                "tipo": "TIPO II",
                "camara": "360",
                "megafono": true,
                "boton": true,
                "referencia": "",
                "direccion": "AV. PIRAMIDEÂ  DEL SOL / JR. LAS MERCEDES",
                "WKT": "POINT Z (-77.001514 -12.020281 0)"
            },
            "geometry": {
                "type": "Point",
                "coordinates": [
                    -77.001514,
                    -12.020281,
                    0.0
                ]
            }
        },
        {
            "type": "Feature",
            "properties": {
                "name": "82",
                "jurisdiccion": "Caja de Agua",
                "tipo": "TIPO II",
                "camara": "360",
                "megafono": true,
                "boton": true,
                "referencia": "",
                "direccion": "AV. PROCERES DE LA INDEPENDENCIA / AV. PERU",
                "WKT": "POINT Z (-77.011703 -12.0284 0)"
            },
            "geometry": {
                "type": "Point",
                "coordinates": [
                    -77.011703,
                    -12.0284,
                    0.0
                ]
            }
        },
        {
            "type": "Feature",
            "properties": {
                "name": "83",
                "jurisdiccion": "Caja de Agua",
                "tipo": "TIPO I",
                "camara": "180",
                "megafono": true,
                "boton": false,
                "referencia": "-12.0290050292109, -77.0149401264236",
                "direccion": "AV. PERU / CALLE MOQUEGUA",
                "WKT": "POINT Z (-77.014956 -12.028975 0)"
            },
            "geometry": {
                "type": "Point",
                "coordinates": [
                    -77.014956,
                    -12.028975,
                    0.0
                ]
            }
        },
        {
            "type": "Feature",
            "properties": {
                "name": "85",
                "jurisdiccion": "Caja de Agua",
                "tipo": "TIPO II",
                "camara": "360",
                "megafono": true,
                "boton": true,
                "referencia": "",
                "direccion": "AV. LOS TUSILAGOS OESTE/JR. LOS RICINOS",
                "WKT": "POINT Z (-77.008056 -12.012822 0)"
            },
            "geometry": {
                "type": "Point",
                "coordinates": [
                    -77.008056,
                    -12.012822,
                    0.0
                ]
            }
        },
        {
            "type": "Feature",
            "properties": {
                "name": "86",
                "jurisdiccion": "Caja de Agua",
                "tipo": "TIPO I",
                "camara": "180",
                "megafono": false,
                "boton": false,
                "referencia": "-12.0130547208534, -77.0051168312457",
                "direccion": "AV. LOS TUSILAGOS OESTE / CALLE LOS HINOJOS",
                "WKT": "POINT Z (-77.005044 -12.013175 0)"
            },
            "geometry": {
                "type": "Point",
                "coordinates": [
                    -77.005044,
                    -12.013175,
                    0.0
                ]
            }
        },
        {
            "type": "Feature",
            "properties": {
                "name": "87",
                "jurisdiccion": "Caja de Agua",
                "tipo": "TIPO I",
                "camara": "180",
                "megafono": true,
                "boton": false,
                "referencia": "-12.0205877879247, -77.0124041603032",
                "direccion": "AV. TUPAC AMARU / AV. LAS FLORES DE PRIAMVERA",
                "WKT": "POINT Z (-77.012419 -12.020731 0)"
            },
            "geometry": {
                "type": "Point",
                "coordinates": [
                    -77.012419,
                    -12.020731,
                    0.0
                ]
            }
        },
        {
            "type": "Feature",
            "properties": {
                "name": "88",
                "jurisdiccion": "Caja de Agua",
                "tipo": "TIPO II",
                "camara": "360",
                "megafono": true,
                "boton": true,
                "referencia": "",
                "direccion": "AV. LAS FLORES DE PRIAMVERA / AV. ALCAPARRAS",
                "WKT": "POINT Z (-77.01205 -12.017772 0)"
            },
            "geometry": {
                "type": "Point",
                "coordinates": [
                    -77.01205,
                    -12.017772,
                    0.0
                ]
            }
        },
        {
            "type": "Feature",
            "properties": {
                "name": "89",
                "jurisdiccion": "Caja de Agua",
                "tipo": "TIPO II",
                "camara": "360",
                "megafono": true,
                "boton": true,
                "referencia": "",
                "direccion": "AV. PROCERES DE LA INDEPENDENCIA / JR. LIQUENES",
                "WKT": "POINT Z (-77.002869 -12.017903 0)"
            },
            "geometry": {
                "type": "Point",
                "coordinates": [
                    -77.002869,
                    -12.017903,
                    0.0
                ]
            }
        },
        {
            "type": "Feature",
            "properties": {
                "name": "90",
                "jurisdiccion": "Caja de Agua",
                "tipo": "TIPO I",
                "camara": "180",
                "megafono": true,
                "boton": false,
                "referencia": "-12.0215635669968, -77.0062262427877",
                "direccion": "AV. PROCERES DE LA INDEPENDENCIA /Â  JR. JOSE ANTONIO ENCINAS",
                "WKT": "POINT Z (-77.006264 -12.021367 0)"
            },
            "geometry": {
                "type": "Point",
                "coordinates": [
                    -77.006264,
                    -12.021367,
                    0.0
                ]
            }
        },
        {
            "type": "Feature",
            "properties": {
                "name": "91",
                "jurisdiccion": "Caja de Agua",
                "tipo": "TIPO II",
                "camara": "360",
                "megafono": true,
                "boton": true,
                "referencia": "",
                "direccion": "AV. PROCERES DE LA INDEPENDENCIA / AV. LOS TUSILAGOS OESTE",
                "WKT": "POINT Z (-77.002297 -12.013222 0)"
            },
            "geometry": {
                "type": "Point",
                "coordinates": [
                    -77.002297,
                    -12.013222,
                    0.0
                ]
            }
        },
        {
            "type": "Feature",
            "properties": {
                "name": "92",
                "jurisdiccion": "Caja de Agua",
                "tipo": "TIPO I",
                "camara": "180",
                "megafono": false,
                "boton": false,
                "referencia": "-12.0204324153452, -77.0050713016287",
                "direccion": "AV. PROCERES DE LA INDEPENDENCIA /Â  JR. ELEBOROS",
                "WKT": "POINT Z (-77.005089 -12.020156 0)"
            },
            "geometry": {
                "type": "Point",
                "coordinates": [
                    -77.005089,
                    -12.020156,
                    0.0
                ]
            }
        },
        {
            "type": "Feature",
            "properties": {
                "name": "93",
                "jurisdiccion": "Caja de Agua",
                "tipo": "TIPO I",
                "camara": "180",
                "megafono": true,
                "boton": false,
                "referencia": "-12.0229194623671, -77.0078136809306",
                "direccion": "AV. PROCERES DE LA INDEPENDENCIA / AV. TUPAC AMARU",
                "WKT": "POINT Z (-77.00805 -12.023261 0)"
            },
            "geometry": {
                "type": "Point",
                "coordinates": [
                    -77.00805,
                    -12.023261,
                    0.0
                ]
            }
        },
        {
            "type": "Feature",
            "properties": {
                "name": "94",
                "jurisdiccion": "Zarate",
                "tipo": "TIPO II",
                "camara": "360",
                "megafono": true,
                "boton": true,
                "referencia": "",
                "direccion": "AV. PROCERES DE LA INDEPENDENCIA / JR. TUMI",
                "WKT": "POINT Z (-77.010925 -12.027714 0)"
            },
            "geometry": {
                "type": "Point",
                "coordinates": [
                    -77.010925,
                    -12.027714,
                    0.0
                ]
            }
        },
        {
            "type": "Feature",
            "properties": {
                "name": "95",
                "jurisdiccion": "Zarate",
                "tipo": "TIPO I",
                "camara": "180",
                "megafono": true,
                "boton": false,
                "referencia": "-12.019610601521, -76.9982014148292",
                "direccion": "AV. PORTADA DEL SOL / AV. EL SANTUARIO",
                "WKT": "POINT Z (-76.998172 -12.019674 0)"
            },
            "geometry": {
                "type": "Point",
                "coordinates": [
                    -76.998172,
                    -12.019674,
                    0.0
                ]
            }
        },
        {
            "type": "Feature",
            "properties": {
                "name": "96",
                "jurisdiccion": "Zarate",
                "tipo": "TIPO II",
                "camara": "360",
                "megafono": true,
                "boton": true,
                "referencia": "",
                "direccion": "AV. LURIGANCHO / AV. PIRAMIDE DEL SOL",
                "WKT": "POINT Z (-77.001925 -12.017983 0)"
            },
            "geometry": {
                "type": "Point",
                "coordinates": [
                    -77.001925,
                    -12.017983,
                    0.0
                ]
            }
        },
        {
            "type": "Feature",
            "properties": {
                "name": "97",
                "jurisdiccion": "Huayrona",
                "tipo": "TIPO I",
                "camara": "180",
                "megafono": true,
                "boton": false,
                "referencia": "-12.0058665711357, -77.0014215933288",
                "direccion": "AV.Â  13 DE ENRO / JR. MAQUIANRIAS",
                "WKT": "POINT Z (-77.001514 -12.005953 0)"
            },
            "geometry": {
                "type": "Point",
                "coordinates": [
                    -77.001514,
                    -12.005953,
                    0.0
                ]
            }
        },
        {
            "type": "Feature",
            "properties": {
                "name": "98",
                "jurisdiccion": "Huayrona",
                "tipo": "TIPO I",
                "camara": "180",
                "megafono": true,
                "boton": false,
                "referencia": "-12.0049834444055, -77.0056096140333",
                "direccion": "AV. LOS JARDINES ESTE / JR LAS GRAVAS",
                "WKT": "POINT Z (-77.005756 -12.004778 0)"
            },
            "geometry": {
                "type": "Point",
                "coordinates": [
                    -77.005756,
                    -12.004778,
                    0.0
                ]
            }
        },
        {
            "type": "Feature",
            "properties": {
                "name": "99",
                "jurisdiccion": "Huayrona",
                "tipo": "TIPO II",
                "camara": "360",
                "megafono": true,
                "boton": true,
                "referencia": "",
                "direccion": "AV. LOS JARDINES ESTE / AV. 13 DE ENERO",
                "WKT": "POINT Z (-77.002406 -12.003733 0)"
            },
            "geometry": {
                "type": "Point",
                "coordinates": [
                    -77.002406,
                    -12.003733,
                    0.0
                ]
            }
        },
        {
            "type": "Feature",
            "properties": {
                "name": "101",
                "jurisdiccion": "Zarate",
                "tipo": "TIPO I",
                "camara": "180",
                "megafono": true,
                "boton": false,
                "referencia": "-12.0112218205894, -76.9982197073183",
                "direccion": "AV. LOS TUSILAGOS ESTE / AV. 13 DE ENERO",
                "WKT": "POINT Z (-76.998592 -12.011614 0)"
            },
            "geometry": {
                "type": "Point",
                "coordinates": [
                    -76.998592,
                    -12.011614,
                    0.0
                ]
            }
        },
        {
            "type": "Feature",
            "properties": {
                "name": "102",
                "jurisdiccion": "Huayrona",
                "tipo": "TIPO II",
                "camara": "360",
                "megafono": true,
                "boton": true,
                "referencia": "",
                "direccion": "AV. SANTA ROSA DE LIMA / PSJ. BARATINA",
                "WKT": "POINT Z (-76.998008 -12.0051 0)"
            },
            "geometry": {
                "type": "Point",
                "coordinates": [
                    -76.998008,
                    -12.0051,
                    0.0
                ]
            }
        },
        {
            "type": "Feature",
            "properties": {
                "name": "103",
                "jurisdiccion": "Zarate",
                "tipo": "TIPO I",
                "camara": "180",
                "megafono": true,
                "boton": false,
                "referencia": "-12.012820812896, -76.9945545683806",
                "direccion": "AV. SANTA ROSA DE LIMA / AV. LOS CONDORES",
                "WKT": "POINT Z (-76.994514 -12.012764 0)"
            },
            "geometry": {
                "type": "Point",
                "coordinates": [
                    -76.994514,
                    -12.012764,
                    0.0
                ]
            }
        },
        {
            "type": "Feature",
            "properties": {
                "name": "105",
                "jurisdiccion": "Huayrona",
                "tipo": "TIPO II",
                "camara": "360",
                "megafono": true,
                "boton": true,
                "referencia": "",
                "direccion": "AV. SANTA ROSA DE LIMA / AV. LOS JARDINES ESTE",
                "WKT": "POINT Z (-76.998911 -12.002633 0)"
            },
            "geometry": {
                "type": "Point",
                "coordinates": [
                    -76.998911,
                    -12.002633,
                    0.0
                ]
            }
        },
        {
            "type": "Feature",
            "properties": {
                "name": "106",
                "jurisdiccion": "Huayrona",
                "tipo": "TIPO I",
                "camara": "180",
                "megafono": false,
                "boton": false,
                "referencia": "-12.0037625644336, -76.9890393545458",
                "direccion": "AV. LOS CIPRESES / CEMENTERIO EL SAUCE",
                "WKT": "POINT Z (-76.989031 -12.003728 0)"
            },
            "geometry": {
                "type": "Point",
                "coordinates": [
                    -76.989031,
                    -12.003728,
                    0.0
                ]
            }
        },
        {
            "type": "Feature",
            "properties": {
                "name": "107",
                "jurisdiccion": "Huayrona",
                "tipo": "TIPO I",
                "camara": "180",
                "megafono": true,
                "boton": false,
                "referencia": "-12.0046369935032, -76.9928014858495",
                "direccion": "AV. LOS JARDINES ESTE / AV. 12 DE FEBRERO",
                "WKT": "POINT Z (-76.992772 -12.004642 0)"
            },
            "geometry": {
                "type": "Point",
                "coordinates": [
                    -76.992772,
                    -12.004642,
                    0.0
                ]
            }
        },
        {
            "type": "Feature",
            "properties": {
                "name": "108",
                "jurisdiccion": "Zarate",
                "tipo": "TIPO I",
                "camara": "180",
                "megafono": true,
                "boton": false,
                "referencia": "-12.0137992152742, -76.9862957831768",
                "direccion": "AV. LAS LOMAS / AV. MANGOMARCA",
                "WKT": "POINT Z (-76.986168 -12.013973 0)"
            },
            "geometry": {
                "type": "Point",
                "coordinates": [
                    -76.986168,
                    -12.013973,
                    0.0
                ]
            }
        },
        {
            "type": "Feature",
            "properties": {
                "name": "109",
                "jurisdiccion": "Canto Rey",
                "tipo": "TIPO I",
                "camara": "180",
                "megafono": true,
                "boton": false,
                "referencia": "-11.9628822000981, -76.9853916952945",
                "direccion": "AV. CENTRAL / JR. REPUBLICANA",
                "WKT": "POINT Z (-76.98567 -11.962724 0)"
            },
            "geometry": {
                "type": "Point",
                "coordinates": [
                    -76.98567,
                    -11.962724,
                    0.0
                ]
            }
        },
        {
            "type": "Feature",
            "properties": {
                "name": "110",
                "jurisdiccion": "Santa Elizabeth",
                "tipo": "TIPO I",
                "camara": "180",
                "megafono": false,
                "boton": false,
                "referencia": "-11.9842897134211, -77.0110534477766",
                "direccion": "CALLE LAS GALAXIAS / JR. VENUS",
                "WKT": "POINT Z (-77.010994 -11.984317 0)"
            },
            "geometry": {
                "type": "Point",
                "coordinates": [
                    -77.010994,
                    -11.984317,
                    0.0
                ]
            }
        },
        {
            "type": "Feature",
            "properties": {
                "name": "111",
                "jurisdiccion": "Santa Elizabeth",
                "tipo": "TIPO I",
                "camara": "180",
                "megafono": false,
                "boton": false,
                "referencia": "-11.9850512250563, -77.0075546435843",
                "direccion": "JR. LAS NEBULOSAS / JR. MERCURIO",
                "WKT": "POINT Z (-77.007673 -11.985068 0)"
            },
            "geometry": {
                "type": "Point",
                "coordinates": [
                    -77.007673,
                    -11.985068,
                    0.0
                ]
            }
        },
        {
            "type": "Feature",
            "properties": {
                "name": "112",
                "jurisdiccion": "Santa Elizabeth",
                "tipo": "TIPO I",
                "camara": "180",
                "megafono": false,
                "boton": false,
                "referencia": "-11.9787680142482, -77.0073239761373",
                "direccion": "AV. EL BOSQUE /  IZA MOTORS PERU SAC",
                "WKT": "POINT Z (-77.007 -11.978585 0)"
            },
            "geometry": {
                "type": "Point",
                "coordinates": [
                    -77.007,
                    -11.978585,
                    0.0
                ]
            }
        },
        {
            "type": "Feature",
            "properties": {
                "name": "113",
                "jurisdiccion": "Canto Rey",
                "tipo": "TIPO I",
                "camara": "180",
                "megafono": false,
                "boton": false,
                "referencia": "-11.9856845821315, -76.9983029644067",
                "direccion": "AV. EL BOSQUE / AV. LOS ALAMOS",
                "WKT": "POINT Z (-76.99837 -11.985783 0)"
            },
            "geometry": {
                "type": "Point",
                "coordinates": [
                    -76.99837,
                    -11.985783,
                    0.0
                ]
            }
        },
        {
            "type": "Feature",
            "properties": {
                "name": "114",
                "jurisdiccion": "Santa Elizabeth",
                "tipo": "TIPO I",
                "camara": "180",
                "megafono": false,
                "boton": false,
                "referencia": "-11.994171, -77.016599",
                "direccion": "JR. GERMANIO / JR. CROMO",
                "WKT": "POINT Z (-77.016531 -11.994379 0)"
            },
            "geometry": {
                "type": "Point",
                "coordinates": [
                    -77.016531,
                    -11.994379,
                    0.0
                ]
            }
        },
        {
            "type": "Feature",
            "properties": {
                "name": "115",
                "jurisdiccion": "Santa Elizabeth",
                "tipo": "TIPO I",
                "camara": "180",
                "megafono": false,
                "boton": false,
                "referencia": "-11.9797291817174, -77.0091179276112",
                "direccion": "AV. LOS DURAZNOS / AV. LOS MANGOS",
                "WKT": "POINT Z (-77.009208 -11.979787 0)"
            },
            "geometry": {
                "type": "Point",
                "coordinates": [
                    -77.009208,
                    -11.979787,
                    0.0
                ]
            }
        },
        {
            "type": "Feature",
            "properties": {
                "name": "116",
                "jurisdiccion": "10 de Octubre",
                "tipo": "TIPO I",
                "camara": "180",
                "megafono": true,
                "boton": true,
                "referencia": "-11.9407589450917, -76.9857198882581",
                "direccion": "AV. AMPLIACION OESTE / AV. 10 DE OCTUBRE",
                "WKT": "POINT Z (-76.986 -11.9408 0)"
            },
            "geometry": {
                "type": "Point",
                "coordinates": [
                    -76.986,
                    -11.9408,
                    0.0
                ]
            }
        },
        {
            "type": "Feature",
            "properties": {
                "name": "117",
                "jurisdiccion": "Bayovar",
                "tipo": "TIPO I",
                "camara": "180",
                "megafono": false,
                "boton": false,
                "referencia": "-11.955515662901, -76.9888339912339",
                "direccion": "JR. DE LA SALUD / JR. JACINTO LARA",
                "WKT": "POINT Z (-76.9892 -11.9549 0)"
            },
            "geometry": {
                "type": "Point",
                "coordinates": [
                    -76.9892,
                    -11.9549,
                    0.0
                ]
            }
        },
        {
            "type": "Feature",
            "properties": {
                "name": "118",
                "jurisdiccion": "10 de Octubre",
                "tipo": "TIPO I",
                "camara": "180",
                "megafono": false,
                "boton": false,
                "referencia": "-11.9376256690366, -76.9872761373933",
                "direccion": "JR. PAMPILLA / CALLE 28",
                "WKT": "POINT Z (-76.986952 -11.937404 0)"
            },
            "geometry": {
                "type": "Point",
                "coordinates": [
                    -76.986952,
                    -11.937404,
                    0.0
                ]
            }
        },
        {
            "type": "Feature",
            "properties": {
                "name": "119",
                "jurisdiccion": "10 de Octubre",
                "tipo": "TIPO I",
                "camara": "180",
                "megafono": false,
                "boton": false,
                "referencia": "-11.9405800579542, -76.981536917831",
                "direccion": "URB. MERCADO 11 DE ENERO / EL TANQUE",
                "WKT": "POINT Z (-76.98176892888537 -11.940542007538017 0)"
            },
            "geometry": {
                "type": "Point",
                "coordinates": [
                    -76.9817689,
                    -11.940542,
                    0.0
                ]
            }
        },
        {
            "type": "Feature",
            "properties": {
                "name": "120",
                "jurisdiccion": "Santa Elizabeth",
                "tipo": "TIPO I",
                "camara": "180",
                "megafono": false,
                "boton": false,
                "referencia": "-11.9641794983357, -76.999323255669",
                "direccion": "AV. SANTA ROSA DE LIMA / JR. RIO MARRAÃ‘ON",
                "WKT": "POINT Z (-76.999419 -11.964233 0)"
            },
            "geometry": {
                "type": "Point",
                "coordinates": [
                    -76.999419,
                    -11.964233,
                    0.0
                ]
            }
        },
        {
            "type": "Feature",
            "properties": {
                "name": "121",
                "jurisdiccion": "10 de Octubre",
                "tipo": "TIPO I",
                "camara": "180",
                "megafono": true,
                "boton": true,
                "referencia": "-11.9449707659182, -76.9895129441336",
                "direccion": "AV. EL MURO /Â  ALAMEDA 10 DE OCTUBRE",
                "WKT": "POINT Z (-76.9889 -11.945 0)"
            },
            "geometry": {
                "type": "Point",
                "coordinates": [
                    -76.9889,
                    -11.945,
                    0.0
                ]
            }
        },
        {
            "type": "Feature",
            "properties": {
                "name": "122",
                "jurisdiccion": "10 de Octubre",
                "tipo": "TIPO I",
                "camara": "180",
                "megafono": false,
                "boton": false,
                "referencia": "-11.9484651706554, -76.9887276116227",
                "direccion": "JR. VIZARDO Y ROMAN / JR FRANCISCO INGA",
                "WKT": "POINT Z (-76.988508 -11.948751 0)"
            },
            "geometry": {
                "type": "Point",
                "coordinates": [
                    -76.988508,
                    -11.948751,
                    0.0
                ]
            }
        },
        {
            "type": "Feature",
            "properties": {
                "name": "123",
                "jurisdiccion": "10 de Octubre",
                "tipo": "TIPO I",
                "camara": "180",
                "megafono": false,
                "boton": false,
                "referencia": "-11.9471683807112, -76.9885650151739",
                "direccion": "JR. SAN MARTIN /Â  JR. AMPUERO DE LAS INFANTAS",
                "WKT": "POINT Z (-76.9887 -11.9469 0)"
            },
            "geometry": {
                "type": "Point",
                "coordinates": [
                    -76.9887,
                    -11.9469,
                    0.0
                ]
            }
        },
        {
            "type": "Feature",
            "properties": {
                "name": "124",
                "jurisdiccion": "10 de Octubre",
                "tipo": "TIPO I",
                "camara": "180",
                "megafono": true,
                "boton": false,
                "referencia": "-11.9403406022961, -76.9913467057672",
                "direccion": "AV. DEL MERCADO / JR. LOS CERRITOS",
                "WKT": "POINT Z (-76.990771 -11.940311 0)"
            },
            "geometry": {
                "type": "Point",
                "coordinates": [
                    -76.990771,
                    -11.940311,
                    0.0
                ]
            }
        },
        {
            "type": "Feature",
            "properties": {
                "name": "125",
                "jurisdiccion": "10 de Octubre",
                "tipo": "TIPO I",
                "camara": "180",
                "megafono": false,
                "boton": false,
                "referencia": "-11.9394009203514, -76.9902092279756",
                "direccion": "AV. DEL MERCADO /Â  JR. JJ SEGOVILA",
                "WKT": "POINT Z (-76.9902 -11.93933 0)"
            },
            "geometry": {
                "type": "Point",
                "coordinates": [
                    -76.9902,
                    -11.93933,
                    0.0
                ]
            }
        },
        {
            "type": "Feature",
            "properties": {
                "name": "126",
                "jurisdiccion": "10 de Octubre",
                "tipo": "TIPO I",
                "camara": "180",
                "megafono": false,
                "boton": false,
                "referencia": "-11.9422486303753, -76.9938684432289",
                "direccion": "JR. ALFA / JR. PARALELO",
                "WKT": "POINT Z (-76.9944 -11.9424 0)"
            },
            "geometry": {
                "type": "Point",
                "coordinates": [
                    -76.9944,
                    -11.9424,
                    0.0
                ]
            }
        },
        {
            "type": "Feature",
            "properties": {
                "name": "127",
                "jurisdiccion": "Bayovar",
                "tipo": "TIPO I",
                "camara": "180",
                "megafono": false,
                "boton": false,
                "referencia": "-11.9526032495294, -76.9868495699075",
                "direccion": "AV.Â  FERNANDO WIESSE / JR. DE LA SALUD",
                "WKT": "POINT Z (-76.98737 -11.952925 0)"
            },
            "geometry": {
                "type": "Point",
                "coordinates": [
                    -76.98737,
                    -11.952925,
                    0.0
                ]
            }
        },
        {
            "type": "Feature",
            "properties": {
                "name": "128",
                "jurisdiccion": "Bayovar",
                "tipo": "TIPO I",
                "camara": "180",
                "megafono": false,
                "boton": false,
                "referencia": "-11.9589858179657, -76.9898080582911",
                "direccion": "JR. BERLIN / JR. COSTA AZUL",
                "WKT": "POINT Z (-76.9896 -11.959 0)"
            },
            "geometry": {
                "type": "Point",
                "coordinates": [
                    -76.9896,
                    -11.959,
                    0.0
                ]
            }
        },
        {
            "type": "Feature",
            "properties": {
                "name": "129",
                "jurisdiccion": "10 de Octubre",
                "tipo": "TIPO I",
                "camara": "180",
                "megafono": false,
                "boton": false,
                "referencia": "-11.9470917905712, -76.9900978096582",
                "direccion": "JR. PEHON / JR. AURELLO MUNGLA",
                "WKT": "POINT Z (-76.990435 -11.947 0)"
            },
            "geometry": {
                "type": "Point",
                "coordinates": [
                    -76.990435,
                    -11.947,
                    0.0
                ]
            }
        },
        {
            "type": "Feature",
            "properties": {
                "name": "130",
                "jurisdiccion": "Bayovar",
                "tipo": "TIPO II",
                "camara": "360",
                "megafono": true,
                "boton": true,
                "referencia": "",
                "direccion": "AV. REPUBLICA DE POLONIA / AV. LAS NACIONES",
                "WKT": "POINT Z (-76.9909 -11.9592 0)"
            },
            "geometry": {
                "type": "Point",
                "coordinates": [
                    -76.9909,
                    -11.9592,
                    0.0
                ]
            }
        },
        {
            "type": "Feature",
            "properties": {
                "name": "131",
                "jurisdiccion": "10 de Octubre",
                "tipo": "TIPO I",
                "camara": "180",
                "megafono": false,
                "boton": false,
                "referencia": "-11.9376053307367, -76.9788380927177",
                "direccion": "C. 51 / C. 67",
                "WKT": "POINT Z (-76.978942 -11.937734 0)"
            },
            "geometry": {
                "type": "Point",
                "coordinates": [
                    -76.978942,
                    -11.937734,
                    0.0
                ]
            }
        },
        {
            "type": "Feature",
            "properties": {
                "name": "132",
                "jurisdiccion": "10 de Octubre",
                "tipo": "TIPO I",
                "camara": "180",
                "megafono": false,
                "boton": false,
                "referencia": "-11.9458086140545, -76.99063590571",
                "direccion": "JR. DEL PASO / JR. FRAY DIEGO DE BARRANCO",
                "WKT": "POINT Z (-76.990743 -11.945103 0)"
            },
            "geometry": {
                "type": "Point",
                "coordinates": [
                    -76.990743,
                    -11.945103,
                    0.0
                ]
            }
        },
        {
            "type": "Feature",
            "properties": {
                "name": "133",
                "jurisdiccion": "10 de Octubre",
                "tipo": "TIPO I",
                "camara": "180",
                "megafono": false,
                "boton": false,
                "referencia": "-11.9384343994123, -76.9915503746946",
                "direccion": "JR. J RODRIGUEZ / JR. M. CARRENO",
                "WKT": "POINT Z (-76.991532 -11.938679 0)"
            },
            "geometry": {
                "type": "Point",
                "coordinates": [
                    -76.991532,
                    -11.938679,
                    0.0
                ]
            }
        },
        {
            "type": "Feature",
            "properties": {
                "name": "134",
                "jurisdiccion": "10 de Octubre",
                "tipo": "TIPO I",
                "camara": "180",
                "megafono": false,
                "boton": false,
                "referencia": "-11.9367436227576, -76.9915725541105",
                "direccion": "JR. DEL FONDO / JR. CONTINUACIÓN",
                "WKT": "POINT Z (-76.991636 -11.937015 0)"
            },
            "geometry": {
                "type": "Point",
                "coordinates": [
                    -76.991636,
                    -11.937015,
                    0.0
                ]
            }
        },
        {
            "type": "Feature",
            "properties": {
                "name": "135",
                "jurisdiccion": "Mariscal Caceres",
                "tipo": "TIPO I",
                "camara": "180",
                "megafono": false,
                "boton": false,
                "referencia": "",
                "direccion": "AV. LA CIMA / EL OVALO",
                "WKT": "POINT Z (-76.9715 -11.9447 0)"
            },
            "geometry": {
                "type": "Point",
                "coordinates": [
                    -76.9715,
                    -11.9447,
                    0.0
                ]
            }
        },
        {
            "type": "Feature",
            "properties": {
                "name": "136",
                "jurisdiccion": "10 de Octubre",
                "tipo": "TIPO I",
                "camara": "180",
                "megafono": false,
                "boton": false,
                "referencia": "-11.9506558553366, -76.9876831232548",
                "direccion": "JR. IGNACIO FLORES / JR. JORGE MARSHALL",
                "WKT": "POINT Z (-76.987884 -11.950521 0)"
            },
            "geometry": {
                "type": "Point",
                "coordinates": [
                    -76.987884,
                    -11.950521,
                    0.0
                ]
            }
        },
        {
            "type": "Feature",
            "properties": {
                "name": "137",
                "jurisdiccion": "10 de Octubre",
                "tipo": "TIPO I",
                "camara": "180",
                "megafono": false,
                "boton": false,
                "referencia": "-11.947878237225, -76.9859965460015",
                "direccion": "JR. JORGE MARSHALL / JR. FRAY DE BARRANCO",
                "WKT": "POINT Z (-76.98626 -11.948115 0)"
            },
            "geometry": {
                "type": "Point",
                "coordinates": [
                    -76.986311,
                    -11.948263,
                    0.0
                ]
            }
        },
        {
            "type": "Feature",
            "properties": {
                "name": "138",
                "jurisdiccion": "10 de Octubre",
                "tipo": "TIPO I",
                "camara": "180",
                "megafono": false,
                "boton": false,
                "referencia": "-11.945873432801, -76.987148868487",
                "direccion": "JR. TUPAC CATARI / JR. MARCELIO",
                "WKT": "POINT Z (-76.986376 -11.946077 0)"
            },
            "geometry": {
                "type": "Point",
                "coordinates": [
                    -76.986376,
                    -11.946077,
                    0.0
                ]
            }
        },
        {
            "type": "Feature",
            "properties": {
                "name": "139",
                "jurisdiccion": "10 de Octubre",
                "tipo": "TIPO I",
                "camara": "180",
                "megafono": false,
                "boton": false,
                "referencia": "-11.945315957034, -76.9872378809046",
                "direccion": "JR. SAN MARTIN / JR. SEBASTIAN PAGADOR",
                "WKT": "POINT Z (-76.987359 -11.945008 0)"
            },
            "geometry": {
                "type": "Point",
                "coordinates": [
                    -76.987359,
                    -11.945008,
                    0.0
                ]
            }
        },
        {
            "type": "Feature",
            "properties": {
                "name": "140",
                "jurisdiccion": "10 de Octubre",
                "tipo": "TIPO I",
                "camara": "180",
                "megafono": false,
                "boton": false,
                "referencia": "-11.9404610956376, -76.9966636525587",
                "direccion": "JR. TUPAC CATARI / JR. ISIDRO SUAREZ",
                "WKT": "POINT Z (-76.996409 -11.940398 0)"
            },
            "geometry": {
                "type": "Point",
                "coordinates": [
                    -76.996409,
                    -11.940398,
                    0.0
                ]
            }
        },
        {
            "type": "Feature",
            "properties": {
                "name": "141",
                "jurisdiccion": "10 de Octubre",
                "tipo": "TIPO I",
                "camara": "180",
                "megafono": false,
                "boton": false,
                "referencia": "-11.9396129322676, -76.9966805892014",
                "direccion": "JR. ISIDRO SUAREZ / JR. VELEZ DE C",
                "WKT": "POINT Z (-76.996368 -11.93938 0)"
            },
            "geometry": {
                "type": "Point",
                "coordinates": [
                    -76.996368,
                    -11.93938,
                    0.0
                ]
            }
        },
        {
            "type": "Feature",
            "properties": {
                "name": "142",
                "jurisdiccion": "10 de Octubre",
                "tipo": "TIPO I",
                "camara": "180",
                "megafono": false,
                "boton": false,
                "referencia": "-11.9390404721201, -76.9962455576951",
                "direccion": "JR. M VALVERDE / JR. BETA",
                "WKT": "POINT Z (-76.996685 -11.938586 0)"
            },
            "geometry": {
                "type": "Point",
                "coordinates": [
                    -76.996685,
                    -11.938586,
                    0.0
                ]
            }
        },
        {
            "type": "Feature",
            "properties": {
                "name": "143",
                "jurisdiccion": "Huayrona",
                "tipo": "TIPO I",
                "camara": "180",
                "megafono": true,
                "boton": false,
                "referencia": "-11.9964269415746, -77.007531563466",
                "direccion": "JR. TULIMANIAS / JR. ADAMANTINAS",
                "WKT": "POINT Z (-77.007091 -11.996016 0)"
            },
            "geometry": {
                "type": "Point",
                "coordinates": [
                    -77.007091,
                    -11.996016,
                    0.0
                ]
            }
        },
        {
            "type": "Feature",
            "properties": {
                "name": "144",
                "jurisdiccion": "Huayrona",
                "tipo": "TIPO I",
                "camara": "180",
                "megafono": true,
                "boton": false,
                "referencia": "-12.0000473948486, -77.0073445377577",
                "direccion": "JR. LAS GRAVAS / JR. LLAS AMATISTAS",
                "WKT": "POINT Z (-77.007122 -11.999734 0)"
            },
            "geometry": {
                "type": "Point",
                "coordinates": [
                    -77.007122,
                    -11.999734,
                    0.0
                ]
            }
        },
        {
            "type": "Feature",
            "properties": {
                "name": "145",
                "jurisdiccion": "Huayrona",
                "tipo": "TIPO I",
                "camara": "180",
                "megafono": true,
                "boton": true,
                "referencia": "-12.0026606670084, -77.0061432375525",
                "direccion": "JR. LAS GRAVAS / JR. MARMOL",
                "WKT": "POINT Z (-77.005872 -12.002651 0)"
            },
            "geometry": {
                "type": "Point",
                "coordinates": [
                    -77.005872,
                    -12.002651,
                    0.0
                ]
            }
        },
        {
            "type": "Feature",
            "properties": {
                "name": "146",
                "jurisdiccion": "10 de Octubre",
                "tipo": "TIPO I",
                "camara": "180",
                "megafono": false,
                "boton": false,
                "referencia": "-11.9376067777057, -76.9744377000462",
                "direccion": "JR. MAR CARIBE / CALLE 47",
                "WKT": "POINT Z (-76.9742 -11.9379 0)"
            },
            "geometry": {
                "type": "Point",
                "coordinates": [
                    -76.9742,
                    -11.9379,
                    0.0
                ]
            }
        },
        {
            "type": "Feature",
            "properties": {
                "name": "147",
                "jurisdiccion": "10 de Octubre",
                "tipo": "TIPO I",
                "camara": "180",
                "megafono": false,
                "boton": false,
                "referencia": "-11.9382071921659, -76.97228991026",
                "direccion": "AV. FERNANDO WIESSE / JR. MAR DE OMAN OESTE",
                "WKT": "POINT Z (-76.9724 -11.9378 0)"
            },
            "geometry": {
                "type": "Point",
                "coordinates": [
                    -76.9724,
                    -11.9378,
                    0.0
                ]
            }
        },
        {
            "type": "Feature",
            "properties": {
                "name": "148",
                "jurisdiccion": "10 de Octubre",
                "tipo": "TIPO I",
                "camara": "180",
                "megafono": true,
                "boton": false,
                "referencia": "-11.9371681773177, -76.9715416909139",
                "direccion": "AV. FERNANDO WIESSE / JR. MAR DE FLORES",
                "WKT": "POINT Z (-76.971581 -11.936622 0)"
            },
            "geometry": {
                "type": "Point",
                "coordinates": [
                    -76.971581,
                    -11.936622,
                    0.0
                ]
            }
        },
        {
            "type": "Feature",
            "properties": {
                "name": "149",
                "jurisdiccion": "10 de Octubre",
                "tipo": "TIPO I",
                "camara": "180",
                "megafono": false,
                "boton": false,
                "referencia": "-11.9359376340316, -76.9730749833693",
                "direccion": "JR. MAR CARIBE / JR. MAR DE JAVE OESTE",
                "WKT": "POINT Z (-76.973002 -11.936237 0)"
            },
            "geometry": {
                "type": "Point",
                "coordinates": [
                    -76.973002,
                    -11.936237,
                    0.0
                ]
            }
        },
        {
            "type": "Feature",
            "properties": {
                "name": "150",
                "jurisdiccion": "10 de Octubre",
                "tipo": "TIPO I",
                "camara": "180",
                "megafono": false,
                "boton": false,
                "referencia": "-11.9361996776112, -76.9744637400065",
                "direccion": "JR. MAR DE KARA / JR. MAR DE OMAN OESTE",
                "WKT": "POINT Z (-76.9744 -11.9364 0)"
            },
            "geometry": {
                "type": "Point",
                "coordinates": [
                    -76.9744,
                    -11.9364,
                    0.0
                ]
            }
        },
        {
            "type": "Feature",
            "properties": {
                "name": "151",
                "jurisdiccion": "Bayovar",
                "tipo": "TIPO I",
                "camara": "180",
                "megafono": false,
                "boton": false,
                "referencia": "-11.9511789772961, -76.9935427141612",
                "direccion": "CALLE 6 / JIRON VALLE DE SIHUAS",
                "WKT": "POINT Z (-76.99380273519333 -11.951233805091869 0)"
            },
            "geometry": {
                "type": "Point",
                "coordinates": [
                    -76.993999,
                    -11.950970,
                    0.0
                ]
            }
        },
        {
            "type": "Feature",
            "properties": {
                "name": "152",
                "jurisdiccion": "10 de Octubre",
                "tipo": "TIPO I",
                "camara": "180",
                "megafono": false,
                "boton": false,
                "referencia": "-11.9429766745204, -76.9870311520849",
                "direccion": "JR. CRUCE / JR. JUAN VELEZ DE CORDOVA",
                "WKT": "POINT Z (-76.987254 -11.943028 0)"
            },
            "geometry": {
                "type": "Point",
                "coordinates": [
                    -76.987254,
                    -11.943028,
                    0.0
                ]
            }
        },
        {
            "type": "Feature",
            "properties": {
                "name": "153",
                "jurisdiccion": "10 de Octubre",
                "tipo": "TIPO I",
                "camara": "180",
                "megafono": false,
                "boton": false,
                "referencia": "-11.9406712529109, -76.9813372492766",
                "direccion": "JR. FINAL / JR. JORGE MARSHALL",
                "WKT": "POINT Z (-76.981 -11.9407 0)"
            },
            "geometry": {
                "type": "Point",
                "coordinates": [
                    -76.981,
                    -11.9407,
                    0.0
                ]
            }
        },
        {
            "type": "Feature",
            "properties": {
                "name": "154",
                "jurisdiccion": "10 de Octubre",
                "tipo": "TIPO I",
                "camara": "180",
                "megafono": false,
                "boton": false,
                "referencia": "-11.9388260428042, -76.9931823957723",
                "direccion": "JR. LOS CERRITOS / ESTADIO FC LAS GALERAS",
                "WKT": "POINT Z (-76.99317251575503 -11.938607779972854 0)"
            },
            "geometry": {
                "type": "Point",
                "coordinates": [
                    -76.9931725,
                    -11.9386078,
                    0.0
                ]
            }
        },
        {
            "type": "Feature",
            "properties": {
                "name": "155",
                "jurisdiccion": "10 de Octubre",
                "tipo": "TIPO I",
                "camara": "180",
                "megafono": false,
                "boton": false,
                "referencia": "-11.9398299761927, -76.9840515507816",
                "direccion": "JR. SAN MARTIN / Ca. 65",
                "WKT": "POINT Z (-76.983898 -11.940052 0)"
            },
            "geometry": {
                "type": "Point",
                "coordinates": [
                    -76.983898,
                    -11.940052,
                    0.0
                ]
            }
        },
        {
            "type": "Feature",
            "properties": {
                "name": "156",
                "jurisdiccion": "10 de Octubre",
                "tipo": "TIPO I",
                "camara": "180",
                "megafono": true,
                "boton": false,
                "referencia": "-11.9429363692936, -76.9839976659302",
                "direccion": "JR. AGUSTIN GAMARRA /JR. MANRIQUE LUNA",
                "WKT": "POINT Z (-76.9841 -11.9427 0)"
            },
            "geometry": {
                "type": "Point",
                "coordinates": [
                    -76.9841,
                    -11.9427,
                    0.0
                ]
            }
        },
        {
            "type": "Feature",
            "properties": {
                "name": "157",
                "jurisdiccion": "10 de Octubre",
                "tipo": "TIPO I",
                "camara": "180",
                "megafono": false,
                "boton": false,
                "referencia": "-11.9404592049217, -76.9888250769509",
                "direccion": "JR. JJ SEGOVILAÂ  / LOSA DEPORTIVA",
                "WKT": "POINT Z (-76.98902893953475 -11.940574687627374 0)"
            },
            "geometry": {
                "type": "Point",
                "coordinates": [
                    -76.9890289,
                    -11.9405747,
                    0.0
                ]
            }
        },
        {
            "type": "Feature",
            "properties": {
                "name": "158",
                "jurisdiccion": "10 de Octubre",
                "tipo": "TIPO I",
                "camara": "180",
                "megafono": false,
                "boton": false,
                "referencia": "-11.9420245820642, -76.9883950360454",
                "direccion": "JR. LOS CERRITOS / JR. DEL PASO",
                "WKT": "POINT Z (-76.988503 -11.941845 0)"
            },
            "geometry": {
                "type": "Point",
                "coordinates": [
                    -76.988503,
                    -11.941845,
                    0.0
                ]
            }
        },
        {
            "type": "Feature",
            "properties": {
                "name": "159",
                "jurisdiccion": "10 de Octubre",
                "tipo": "TIPO I",
                "camara": "180",
                "megafono": false,
                "boton": false,
                "referencia": "-11.9434495496677, -76.9908336345009",
                "direccion": "AV. EL MURO / ACUARIO LAGUNA AZUL",
                "WKT": "POINT Z (-76.991172 -11.943463 0)"
            },
            "geometry": {
                "type": "Point",
                "coordinates": [
                    -76.991172,
                    -11.943463,
                    0.0
                ]
            }
        },
        {
            "type": "Feature",
            "properties": {
                "name": "160",
                "jurisdiccion": "10 de Octubre",
                "tipo": "TIPO I",
                "camara": "180",
                "megafono": false,
                "boton": false,
                "referencia": "-11.9420536735932, -76.9963121006481",
                "direccion": "JR. PARALELO / JR. A MARTINEZ CAMPOS",
                "WKT": "POINT Z (-76.996572 -11.942212 0)"
            },
            "geometry": {
                "type": "Point",
                "coordinates": [
                    -76.996572,
                    -11.942212,
                    0.0
                ]
            }
        },
        {
            "type": "Feature",
            "properties": {
                "name": "161",
                "jurisdiccion": "10 de Octubre",
                "tipo": "TIPO I",
                "camara": "180",
                "megafono": false,
                "boton": false,
                "referencia": "-11.9363749079669, -76.9888636098889",
                "direccion": "AV. DEL MERCADO /PASTA Y PARILLAS  D´TITO",
                "WKT": "POINT Z (-76.988959 -11.936148 0)"
            },
            "geometry": {
                "type": "Point",
                "coordinates": [
                    -76.988959,
                    -11.936148,
                    0.0
                ]
            }
        },
        {
            "type": "Feature",
            "properties": {
                "name": "162",
                "jurisdiccion": "10 de Octubre",
                "tipo": "TIPO I",
                "camara": "180",
                "megafono": true,
                "boton": false,
                "referencia": "-11.9341031272021, -76.9889340387549",
                "direccion": "AV. PAMPA A1 / JR. ANGULO",
                "WKT": "POINT Z (-76.988886 -11.93442 0)"
            },
            "geometry": {
                "type": "Point",
                "coordinates": [
                    -76.988886,
                    -11.93442,
                    0.0
                ]
            }
        },
        {
            "type": "Feature",
            "properties": {
                "name": "163",
                "jurisdiccion": "10 de Octubre",
                "tipo": "TIPO I",
                "camara": "180",
                "megafono": false,
                "boton": false,
                "referencia": "-11.9413573343025, -77.0002239182238",
                "direccion": "AV. EL MURO  / ALAMEDA DE LA AMISTAD",
                "WKT": "POINT Z (-77.000511 -11.941509 0)"
            },
            "geometry": {
                "type": "Point",
                "coordinates": [
                    -77.000511,
                    -11.941509,
                    0.0
                ]
            }
        },
        {
            "type": "Feature",
            "properties": {
                "name": "164",
                "jurisdiccion": "10 de Octubre",
                "tipo": "TIPO I",
                "camara": "180",
                "megafono": false,
                "boton": false,
                "referencia": "-11.9414886228346, -76.9991886413561",
                "direccion": "AV. EL MURO OESTE / JR. F ESTILCON",
                "WKT": "POINT Z (-76.998921 -11.941634 0)"
            },
            "geometry": {
                "type": "Point",
                "coordinates": [
                    -76.998921,
                    -11.941634,
                    0.0
                ]
            }
        },
        {
            "type": "Feature",
            "properties": {
                "name": "165",
                "jurisdiccion": "10 de Octubre",
                "tipo": "TIPO I",
                "camara": "180",
                "megafono": false,
                "boton": false,
                "referencia": "-11.9401081511865, -77.000693047892",
                "direccion": "AV. CANTORAL / ALAMEDA DE LA AMISTAD",
                "WKT": "POINT Z (-77.000369 -11.939858 0)"
            },
            "geometry": {
                "type": "Point",
                "coordinates": [
                    -77.000369,
                    -11.939858,
                    0.0
                ]
            }
        },
        {
            "type": "Feature",
            "properties": {
                "name": "166",
                "jurisdiccion": "10 de Octubre",
                "tipo": "TIPO I",
                "camara": "180",
                "megafono": true,
                "boton": false,
                "referencia": "-11.9400543991446, -76.9990651269997",
                "direccion": "AV. CANTORAL / JR. F ESTLLCON",
                "WKT": "POINT Z (-76.99884 -11.939864 0)"
            },
            "geometry": {
                "type": "Point",
                "coordinates": [
                    -76.99884,
                    -11.939864,
                    0.0
                ]
            }
        },
        {
            "type": "Feature",
            "properties": {
                "name": "167",
                "jurisdiccion": "Huayrona",
                "tipo": "TIPO I",
                "camara": "180",
                "megafono": false,
                "boton": false,
                "referencia": "-12.0092707246172, -76.9986802817415",
                "direccion": "JR. LOS DIAMANTES / PARQUE PISCINA SECA",
                "WKT": "POINT Z (-76.998502 -12.009291 0)"
            },
            "geometry": {
                "type": "Point",
                "coordinates": [
                    -76.998502,
                    -12.009291,
                    0.0
                ]
            }
        },
        {
            "type": "Feature",
            "properties": {
                "name": "168",
                "jurisdiccion": "Huayrona",
                "tipo": "TIPO I",
                "camara": "180",
                "megafono": false,
                "boton": false,
                "referencia": "",
                "direccion": "JR. CANTO RODADO / JR. ESMERALDAS",
                "WKT": "POINT Z (-77.001317 -11.993224 0)"
            },
            "geometry": {
                "type": "Point",
                "coordinates": [
                    -77.001317,
                    -11.993224,
                    0.0
                ]
            }
        },
        {
            "type": "Feature",
            "properties": {
                "name": "169",
                "jurisdiccion": "10 de Octubre",
                "tipo": "TIPO I",
                "camara": "180",
                "megafono": false,
                "boton": false,
                "referencia": "-11.9387884396134, -76.9765018266016",
                "direccion": "AV. FERNANDO WIESSE / C. 66",
                "WKT": "POINT Z (-76.976832 -11.93861 0)"
            },
            "geometry": {
                "type": "Point",
                "coordinates": [
                    -76.976832,
                    -11.93861,
                    0.0
                ]
            }
        },
        {
            "type": "Feature",
            "properties": {
                "name": "170",
                "jurisdiccion": "10 de Octubre",
                "tipo": "TIPO I",
                "camara": "180",
                "megafono": true,
                "boton": false,
                "referencia": "-11.9369685366018, -76.9767450014406",
                "direccion": "C. 51 / I.E.P. 9 DE DICIEMBRE",
                "WKT": "POINT Z (-76.976378 -11.937047 0)"
            },
            "geometry": {
                "type": "Point",
                "coordinates": [
                    -76.976378,
                    -11.937047,
                    0.0
                ]
            }
        },
        {
            "type": "Feature",
            "properties": {
                "name": "171",
                "jurisdiccion": "10 de Octubre",
                "tipo": "TIPO I",
                "camara": "180",
                "megafono": false,
                "boton": false,
                "referencia": "-11.9358421639849, -76.9772159832669",
                "direccion": "C. 71/ C.48 - PARQ. N°1 DE MOTUPE",
                "WKT": "POINT Z (-76.9778 -11.9362 0)"
            },
            "geometry": {
                "type": "Point",
                "coordinates": [
                    -76.9778,
                    -11.9362,
                    0.0
                ]
            }
        },
        {
            "type": "Feature",
            "properties": {
                "name": "172",
                "jurisdiccion": "10 de Octubre",
                "tipo": "TIPO I",
                "camara": "180",
                "megafono": false,
                "boton": false,
                "referencia": "-11.9384973313379, -76.9804847857001",
                "direccion": "C.51 / I.E. TUPAC AMARU II",
                "WKT": "POINT Z (-76.980331 -11.938216 0)"
            },
            "geometry": {
                "type": "Point",
                "coordinates": [
                    -76.980331,
                    -11.938216,
                    0.0
                ]
            }
        },
        {
            "type": "Feature",
            "properties": {
                "name": "173",
                "jurisdiccion": "10 de Octubre",
                "tipo": "TIPO I",
                "camara": "180",
                "megafono": false,
                "boton": false,
                "referencia": "-11.9353650254568, -76.9756119123879",
                "direccion": "CALLE 47 / C. 48 - IEP GRAN AMAUTA DE MOTUPE",
                "WKT": "POINT Z (-76.9758 -11.9358 0)"
            },
            "geometry": {
                "type": "Point",
                "coordinates": [
                    -76.9758,
                    -11.9358,
                    0.0
                ]
            }
        },
        {
            "type": "Feature",
            "properties": {
                "name": "174",
                "jurisdiccion": "Bayovar",
                "tipo": "TIPO I",
                "camara": "180",
                "megafono": false,
                "boton": false,
                "referencia": "-11.9531363457093, -76.9951862014946",
                "direccion": "PARQUE HEROES DEL CENEPA",
                "WKT": "POINT Z (-76.995 -11.9533 0)"
            },
            "geometry": {
                "type": "Point",
                "coordinates": [
                    -76.995,
                    -11.9533,
                    0.0
                ]
            }
        },
        {
            "type": "Feature",
            "properties": {
                "name": "175",
                "jurisdiccion": "Mariscal Caceres",
                "tipo": "TIPO I",
                "camara": "180",
                "megafono": false,
                "boton": false,
                "referencia": "-11.9401956836933, -76.9663249593951",
                "direccion": "C.A / C. 10",
                "WKT": "POINT Z (-76.9663 -11.9401 0)"
            },
            "geometry": {
                "type": "Point",
                "coordinates": [
                    -76.9663,
                    -11.9401,
                    0.0
                ]
            }
        },
        {
            "type": "Feature",
            "properties": {
                "name": "177",
                "jurisdiccion": "Mariscal Caceres",
                "tipo": "TIPO I",
                "camara": "180",
                "megafono": false,
                "boton": false,
                "referencia": "-11.9436215, -76.9801145",
                "direccion": "JR. FINAL / JR. INTERMEDIO",
                "WKT": "POINT Z (-76.979772 -11.943654 0)"
            },
            "geometry": {
                "type": "Point",
                "coordinates": [
                    -76.979772,
                    -11.943654,
                    0.0
                ]
            }
        },
        {
            "type": "Feature",
            "properties": {
                "name": "178",
                "jurisdiccion": "10 de Octubre",
                "tipo": "TIPO I",
                "camara": "180",
                "megafono": false,
                "boton": false,
                "referencia": "-11.934853, -76.971889",
                "direccion": "AV. MAR DEL CORAL / C.18",
                "WKT": "POINT Z (-76.972 -11.9346 0)"
            },
            "geometry": {
                "type": "Point",
                "coordinates": [
                    -76.972,
                    -11.9346,
                    0.0
                ]
            }
        },
        {
            "type": "Feature",
            "properties": {
                "name": "179",
                "jurisdiccion": "10 de Octubre",
                "tipo": "TIPO I",
                "camara": "180",
                "megafono": false,
                "boton": false,
                "referencia": "-11.9315915, -76.979335",
                "direccion": "URB. MERCADO LOS CIPRECES / REF. IE 10 DE MARZO",
                "WKT": "POINT Z (-76.97913 -11.931799 0)"
            },
            "geometry": {
                "type": "Point",
                "coordinates": [
                    -76.97913,
                    -11.931799,
                    0.0
                ]
            }
        },
        {
            "type": "Feature",
            "properties": {
                "name": "180",
                "jurisdiccion": "10 de Octubre",
                "tipo": "TIPO I",
                "camara": "180",
                "megafono": false,
                "boton": false,
                "referencia": "-11.935396, -76.979243",
                "direccion": "C.71 / REF. LOSAÂ  DEPOSTIVA",
                "WKT": "POINT Z (-76.9817 -11.9348 0)"
            },
            "geometry": {
                "type": "Point",
                "coordinates": [
                    -76.979129,
                    -11.935636,
                    0.0
                ]
            }
        },
        {
            "type": "Feature",
            "properties": {
                "name": "181",
                "jurisdiccion": "Huayrona",
                "tipo": "TIPO I",
                "camara": "180",
                "megafono": true,
                "boton": false,
                "referencia": "-12.0034425, -77.003986",
                "direccion": "JR. ORQUIDEAS / JR. OPALOS",
                "WKT": "POINT Z (-77.004142 -12.003827 0)"
            },
            "geometry": {
                "type": "Point",
                "coordinates": [
                    -77.004142,
                    -12.003827,
                    0.0
                ]
            }
        },
        {
            "type": "Feature",
            "properties": {
                "name": "182",
                "jurisdiccion": "10 de Octubre",
                "tipo": "TIPO I",
                "camara": "180",
                "megafono": false,
                "boton": false,
                "referencia": "-11.9324214397563, -76.9904456871188",
                "direccion": "PARQ. JOSE CARLOS AMREATEGUI",
                "WKT": "POINT Z (-76.990534 -11.933107 0)"
            },
            "geometry": {
                "type": "Point",
                "coordinates": [
                    -76.990534,
                    -11.933107,
                    0.0
                ]
            }
        },
        {
            "type": "Feature",
            "properties": {
                "name": "183",
                "jurisdiccion": "10 de Octubre",
                "tipo": "TIPO I",
                "camara": "180",
                "megafono": true,
                "boton": false,
                "referencia": "-11.9309995913624, -76.9902380179949",
                "direccion": "AV. PAMPA ALTA /MERCADO EL TREBOL",
                "WKT": "POINT Z (-76.990508 -11.93084 0)"
            },
            "geometry": {
                "type": "Point",
                "coordinates": [
                    -76.990508,
                    -11.93084,
                    0.0
                ]
            }
        },
        {
            "type": "Feature",
            "properties": {
                "name": "184",
                "jurisdiccion": "Huayrona",
                "tipo": "TIPO I",
                "camara": "180",
                "megafono": true,
                "boton": false,
                "referencia": "-12.0023095, -76.9971555",
                "direccion": "AV. LOS JARDINES ESTE / JR. MARGANITAS",
                "WKT": "POINT Z (-76.996481 -12.001996 0)"
            },
            "geometry": {
                "type": "Point",
                "coordinates": [
                    -76.996481,
                    -12.001996,
                    0.0
                ]
            }
        },
        {
            "type": "Feature",
            "properties": {
                "name": "185",
                "jurisdiccion": "Huayrona",
                "tipo": "TIPO II",
                "camara": "360",
                "megafono": true,
                "boton": true,
                "referencia": "",
                "direccion": "AV. LOS JARDINES / JR. LAS GRAVAS",
                "WKT": "POINT Z (-77.004267 -12.004847 0)"
            },
            "geometry": {
                "type": "Point",
                "coordinates": [
                    -77.004267,
                    -12.004847,
                    0.0
                ]
            }
        },
        {
            "type": "Feature",
            "properties": {
                "name": "186",
                "jurisdiccion": "10 de Octubre",
                "tipo": "TIPO I",
                "camara": "180",
                "megafono": false,
                "boton": false,
                "referencia": "-11.9413975, -76.994885",
                "direccion": "JR. TUPAC CATARI / JR. ISIDRO SUAREZ",
                "WKT": "POINT Z (-76.9951 -11.9412 0)"
            },
            "geometry": {
                "type": "Point",
                "coordinates": [
                    -76.9951,
                    -11.9412,
                    0.0
                ]
            }
        },
        {
            "type": "Feature",
            "properties": {
                "name": "187",
                "jurisdiccion": "10 de Octubre",
                "tipo": "TIPO I",
                "camara": "180",
                "megafono": false,
                "boton": false,
                "referencia": "-11.939688, -76.994967",
                "direccion": "JR. VELEZ DE CORDOVA / JR. ISIDRO SUAREZ",
                "WKT": "POINT Z (-76.995139 -11.93982 0)"
            },
            "geometry": {
                "type": "Point",
                "coordinates": [
                    -76.995139,
                    -11.93982,
                    0.0
                ]
            }
        },
        {
            "type": "Feature",
            "properties": {
                "name": "188",
                "jurisdiccion": "Mariscal Caceres",
                "tipo": "TIPO I",
                "camara": "180",
                "megafono": false,
                "boton": false,
                "referencia": "-11.958396, -76.983998",
                "direccion": "AV. CENTRAL / JR. CANTERAS",
                "WKT": "POINT Z (-76.983684 -11.958205 0)"
            },
            "geometry": {
                "type": "Point",
                "coordinates": [
                    -76.983684,
                    -11.958205,
                    0.0
                ]
            }
        },
        {
            "type": "Feature",
            "properties": {
                "name": "189",
                "jurisdiccion": "Mariscal Caceres",
                "tipo": "TIPO II",
                "camara": "360",
                "megafono": true,
                "boton": true,
                "referencia": "",
                "direccion": "AV. FERNADO WIESSE / AV. HEROES DEL CENEPAÂ ",
                "WKT": "POINT Z (-76.9867 -11.9588 0)"
            },
            "geometry": {
                "type": "Point",
                "coordinates": [
                    -76.9867,
                    -11.9588,
                    0.0
                ]
            }
        },
        {
            "type": "Feature",
            "properties": {
                "name": "190",
                "jurisdiccion": "Mariscal Caceres",
                "tipo": "TIPO I",
                "camara": "180",
                "megafono": false,
                "boton": false,
                "referencia": "-11.9600405, -76.98457",
                "direccion": "AV. HEROES DEL CENEAP / AUX. AV. CENTRAL",
                "WKT": "POINT Z (-76.985 -11.9599 0)"
            },
            "geometry": {
                "type": "Point",
                "coordinates": [
                    -76.985,
                    -11.9599,
                    0.0
                ]
            }
        },
        {
            "type": "Feature",
            "properties": {
                "name": "191",
                "jurisdiccion": "Mariscal Caceres",
                "tipo": "TIPO I",
                "camara": "180",
                "megafono": true,
                "boton": false,
                "referencia": "-11.959341, -76.981613",
                "direccion": "JR. CANTERAS / JR. Q DONOVAN",
                "WKT": "POINT Z (-76.981832 -11.959416 0)"
            },
            "geometry": {
                "type": "Point",
                "coordinates": [
                    -76.981832,
                    -11.959416,
                    0.0
                ]
            }
        },
        {
            "type": "Feature",
            "properties": {
                "name": "192",
                "jurisdiccion": "Mariscal Caceres",
                "tipo": "TIPO I",
                "camara": "180",
                "megafono": false,
                "boton": false,
                "referencia": "-11.960441, -76.982219",
                "direccion": "JR. DE LOS HEROS /Â  LOSA DEPORTIVA B DE MARISCAL CASTILLA",
                "WKT": "POINT Z (-76.982274 -11.960543 0)"
            },
            "geometry": {
                "type": "Point",
                "coordinates": [
                    -76.982274,
                    -11.960543,
                    0.0
                ]
            }
        },
        {
            "type": "Feature",
            "properties": {
                "name": "193",
                "jurisdiccion": "Canto Rey",
                "tipo": "TIPO I",
                "camara": "180",
                "megafono": false,
                "boton": false,
                "referencia": "-11.9639035, -76.976093",
                "direccion": "JR. CANTERAS  / C. 13",
                "WKT": "POINT Z (-76.976371 -11.963933 0)"
            },
            "geometry": {
                "type": "Point",
                "coordinates": [
                    -76.976371,
                    -11.963933,
                    0.0
                ]
            }
        },
        {
            "type": "Feature",
            "properties": {
                "name": "194",
                "jurisdiccion": "Mariscal Caceres",
                "tipo": "TIPO I",
                "camara": "180",
                "megafono": false,
                "boton": false,
                "referencia": "-11.956789, -76.9835975",
                "direccion": "JR. VICENTE MORALES DUAREZ/LOSA C DE MARISCAL CACERES",
                "WKT": "POINT Z (-76.984 -11.9567 0)"
            },
            "geometry": {
                "type": "Point",
                "coordinates": [
                    -76.984,
                    -11.9567,
                    0.0
                ]
            }
        },
        {
            "type": "Feature",
            "properties": {
                "name": "195",
                "jurisdiccion": "Canto Rey",
                "tipo": "TIPO I",
                "camara": "180",
                "megafono": false,
                "boton": false,
                "referencia": "-11.964242, -76.982825",
                "direccion": "AV. CIRCUNVALACIÓN / JR. NUEVA VENECIA",
                "WKT": "POINT Z (-76.9828 -11.9646 0)"
            },
            "geometry": {
                "type": "Point",
                "coordinates": [
                    -76.9828,
                    -11.9646,
                    0.0
                ]
            }
        },
        {
            "type": "Feature",
            "properties": {
                "name": "196",
                "jurisdiccion": "Mariscal Caceres",
                "tipo": "TIPO I",
                "camara": "180",
                "megafono": false,
                "boton": false,
                "referencia": "-11.9603565, -76.9797005",
                "direccion": "AV. CIRCUNVALACIÓN / JR. CANTERAS",
                "WKT": "POINT Z (-76.980118 -11.960576 0)"
            },
            "geometry": {
                "type": "Point",
                "coordinates": [
                    -76.980118,
                    -11.960576,
                    0.0
                ]
            }
        },
        {
            "type": "Feature",
            "properties": {
                "name": "197",
                "jurisdiccion": "Canto Rey",
                "tipo": "TIPO I",
                "camara": "180",
                "megafono": false,
                "boton": false,
                "referencia": "-11.9613225, -76.978757",
                "direccion": "JR. CANTEARAS / C.5",
                "WKT": "POINT Z (-76.978578 -11.961607 0)"
            },
            "geometry": {
                "type": "Point",
                "coordinates": [
                    -76.978578,
                    -11.961607,
                    0.0
                ]
            }
        },
        {
            "type": "Feature",
            "properties": {
                "name": "198",
                "jurisdiccion": "Canto Rey",
                "tipo": "TIPO I",
                "camara": "180",
                "megafono": true,
                "boton": false,
                "referencia": "-11.964719, -76.978221",
                "direccion": "AV. HEROES DEL CENEPA / C.9",
                "WKT": "POINT Z (-76.978367 -11.964292 0)"
            },
            "geometry": {
                "type": "Point",
                "coordinates": [
                    -76.978367,
                    -11.964292,
                    0.0
                ]
            }
        },
        {
            "type": "Feature",
            "properties": {
                "name": "199",
                "jurisdiccion": "Mariscal Caceres",
                "tipo": "TIPO I",
                "camara": "180",
                "megafono": false,
                "boton": false,
                "referencia": "-11.956018, -76.9804265",
                "direccion": "JR. DE LOS HEROES / JR. PEREZ DE TUDALA",
                "WKT": "POINT Z (-76.98088 -11.956098 0)"
            },
            "geometry": {
                "type": "Point",
                "coordinates": [
                    -76.98088,
                    -11.956098,
                    0.0
                ]
            }
        },
        {
            "type": "Feature",
            "properties": {
                "name": "200",
                "jurisdiccion": "Mariscal Caceres",
                "tipo": "TIPO I",
                "camara": "180",
                "megafono": true,
                "boton": false,
                "referencia": "-11.957951, -76.978624",
                "direccion": "AV. CIRCUNVALACIÓN / JR. CIRCUNVALACIÓN",
                "WKT": "POINT Z (-76.978295 -11.957917 0)"
            },
            "geometry": {
                "type": "Point",
                "coordinates": [
                    -76.978295,
                    -11.957917,
                    0.0
                ]
            }
        },
        {
            "type": "Feature",
            "properties": {
                "name": "201",
                "jurisdiccion": "Mariscal Caceres",
                "tipo": "TIPO I",
                "camara": "180",
                "megafono": false,
                "boton": false,
                "referencia": "-11.954621, -76.980891",
                "direccion": "AV. CIRCUNVALACIÓN / JR FEDERICO RECABARREN",
                "WKT": "POINT Z (-76.981294 -11.954802 0)"
            },
            "geometry": {
                "type": "Point",
                "coordinates": [
                    -76.981294,
                    -11.954802,
                    0.0
                ]
            }
        },
        {
            "type": "Feature",
            "properties": {
                "name": "202",
                "jurisdiccion": "Mariscal Caceres",
                "tipo": "TIPO I",
                "camara": "180",
                "megafono": false,
                "boton": false,
                "referencia": "-11.952696, -76.985371",
                "direccion": "JR. POZO SECO / JR. INTERMEDIO",
                "WKT": "POINT Z (-76.985083 -11.952723 0)"
            },
            "geometry": {
                "type": "Point",
                "coordinates": [
                    -76.985083,
                    -11.952723,
                    0.0
                ]
            }
        },
        {
            "type": "Feature",
            "properties": {
                "name": "203",
                "jurisdiccion": "Mariscal Caceres",
                "tipo": "TIPO I",
                "camara": "180",
                "megafono": false,
                "boton": false,
                "referencia": "-11.95324, -76.986417",
                "direccion": "JR. INTERMEDIO / JR. ESTE",
                "WKT": "POINT Z (-76.986077 -11.953422 0)"
            },
            "geometry": {
                "type": "Point",
                "coordinates": [
                    -76.986077,
                    -11.953422,
                    0.0
                ]
            }
        },
        {
            "type": "Feature",
            "properties": {
                "name": "204",
                "jurisdiccion": "Mariscal Caceres",
                "tipo": "TIPO I",
                "camara": "180",
                "megafono": false,
                "boton": false,
                "referencia": "-11.943619, -76.9697095",
                "direccion": "AV. IMPERIAL /Â  LOSA DEPORTIVAÂ  1 DE MAYO",
                "WKT": "POINT Z (-76.9695 -11.9436 0)"
            },
            "geometry": {
                "type": "Point",
                "coordinates": [
                    -76.9695,
                    -11.9436,
                    0.0
                ]
            }
        },
        {
            "type": "Feature",
            "properties": {
                "name": "205",
                "jurisdiccion": "Mariscal Caceres",
                "tipo": "TIPO I",
                "camara": "180",
                "megafono": false,
                "boton": false,
                "referencia": "-11.956466, -76.982546",
                "direccion": "AV. CENTRAL / JR. MELITON RODRIGUEZ",
                "WKT": "POINT Z (-76.982482 -11.956338 0)"
            },
            "geometry": {
                "type": "Point",
                "coordinates": [
                    -76.982482,
                    -11.956338,
                    0.0
                ]
            }
        },
        {
            "type": "Feature",
            "properties": {
                "name": "206",
                "jurisdiccion": "Mariscal Caceres",
                "tipo": "TIPO I",
                "camara": "180",
                "megafono": false,
                "boton": false,
                "referencia": "-11.952802, -76.982473",
                "direccion": "AV. CENTRAL / JR. MIGUEL CARCAMO",
                "WKT": "POINT Z (-76.982543 -11.952714 0)"
            },
            "geometry": {
                "type": "Point",
                "coordinates": [
                    -76.982543,
                    -11.952714,
                    0.0
                ]
            }
        },
        {
            "type": "Feature",
            "properties": {
                "name": "207",
                "jurisdiccion": "Mariscal Caceres",
                "tipo": "TIPO I",
                "camara": "180",
                "megafono": false,
                "boton": false,
                "referencia": "-11.956308, -76.97909",
                "direccion": "JR. DE LOS HEROES / JR. PERZ DE TUDALIA",
                "WKT": "POINT Z (-76.979151 -11.956069 0)"
            },
            "geometry": {
                "type": "Point",
                "coordinates": [
                    -76.979151,
                    -11.956069,
                    0.0
                ]
            }
        },
        {
            "type": "Feature",
            "properties": {
                "name": "208",
                "jurisdiccion": "Mariscal Caceres",
                "tipo": "TIPO I",
                "camara": "180",
                "megafono": false,
                "boton": false,
                "referencia": "-11.9532945, -76.979989",
                "direccion": "AV. CIRCUNVALACIÓN / JR. JAIME Y BAUZATE MEZA",
                "WKT": "POINT Z (-76.980237 -11.953395 0)"
            },
            "geometry": {
                "type": "Point",
                "coordinates": [
                    -76.980237,
                    -11.953395,
                    0.0
                ]
            }
        },
        {
            "type": "Feature",
            "properties": {
                "name": "209",
                "jurisdiccion": "Mariscal Caceres",
                "tipo": "TIPO I",
                "camara": "180",
                "megafono": false,
                "boton": false,
                "referencia": "-11.956918, -76.978175",
                "direccion": "JR. CIRCUNVALACIÓN / JR. QUIÃ‘ONES",
                "WKT": "POINT Z (-76.978864 -11.957479 0)"
            },
            "geometry": {
                "type": "Point",
                "coordinates": [
                    -76.978864,
                    -11.957479,
                    0.0
                ]
            }
        },
        {
            "type": "Feature",
            "properties": {
                "name": "210",
                "jurisdiccion": "Mariscal Caceres",
                "tipo": "TIPO I",
                "camara": "180",
                "megafono": false,
                "boton": false,
                "referencia": "-11.951618, -76.979048",
                "direccion": "AV. CIRCUNVALACIÓN / AV. EL MURO",
                "WKT": "POINT Z (-76.97908 -11.951597 0)"
            },
            "geometry": {
                "type": "Point",
                "coordinates": [
                    -76.97908,
                    -11.951597,
                    0.0
                ]
            }
        },
        {
            "type": "Feature",
            "properties": {
                "name": "211",
                "jurisdiccion": "Mariscal Caceres",
                "tipo": "TIPO I",
                "camara": "180",
                "megafono": false,
                "boton": false,
                "referencia": "-11.9525195, -76.978476",
                "direccion": "JR. MIROQUESADA / LOSA DEPORTIVA CONSTRUCTORES",
                "WKT": "POINT Z (-76.97845 -11.952864 0)"
            },
            "geometry": {
                "type": "Point",
                "coordinates": [
                    -76.97845,
                    -11.952864,
                    0.0
                ]
            }
        },
        {
            "type": "Feature",
            "properties": {
                "name": "212",
                "jurisdiccion": "Mariscal Caceres",
                "tipo": "TIPO I",
                "camara": "180",
                "megafono": false,
                "boton": false,
                "referencia": "-11.9543345, -76.978078",
                "direccion": "JR. LA RINCONADA / JR. CIRO ALEGRIA",
                "WKT": "POINT Z (-76.978089 -11.954345 0)"
            },
            "geometry": {
                "type": "Point",
                "coordinates": [
                    -76.978089,
                    -11.954345,
                    0.0
                ]
            }
        },
        {
            "type": "Feature",
            "properties": {
                "name": "213",
                "jurisdiccion": "Mariscal Caceres",
                "tipo": "TIPO I",
                "camara": "180",
                "megafono": false,
                "boton": false,
                "referencia": "-11.9511745, -76.982799",
                "direccion": "JR. LA ALAMEDA / JR. CIRO ALEGRIA",
                "WKT": "POINT Z (-76.982912 -11.951173 0)"
            },
            "geometry": {
                "type": "Point",
                "coordinates": [
                    -76.982912,
                    -11.951173,
                    0.0
                ]
            }
        },
        {
            "type": "Feature",
            "properties": {
                "name": "214",
                "jurisdiccion": "Mariscal Caceres",
                "tipo": "TIPO I",
                "camara": "180",
                "megafono": false,
                "boton": false,
                "referencia": "-11.951251, -76.984514",
                "direccion": "JR. INTERMEDIO / JR. N DE RIVERA",
                "WKT": "POINT Z (-76.984097 -11.95127 0)"
            },
            "geometry": {
                "type": "Point",
                "coordinates": [
                    -76.984097,
                    -11.95127,
                    0.0
                ]
            }
        },
        {
            "type": "Feature",
            "properties": {
                "name": "215",
                "jurisdiccion": "Bayovar",
                "tipo": "TIPO I",
                "camara": "180",
                "megafono": false,
                "boton": false,
                "referencia": "-11.951562, -76.9904595",
                "direccion": "PARQUE LOS ROSALES BAYOVAR(2DA ETAPA)",
                "WKT": "POINT Z (-76.9904 -11.9517 0)"
            },
            "geometry": {
                "type": "Point",
                "coordinates": [
                    -76.9904,
                    -11.9517,
                    0.0
                ]
            }
        },
        {
            "type": "Feature",
            "properties": {
                "name": "216",
                "jurisdiccion": "Mariscal Caceres",
                "tipo": "TIPO I",
                "camara": "180",
                "megafono": true,
                "boton": false,
                "referencia": "-11.9491665, -76.983061",
                "direccion": "AV. EL MURO / JR. INTERMEDIO",
                "WKT": "POINT Z (-76.982701 -11.949229 0)"
            },
            "geometry": {
                "type": "Point",
                "coordinates": [
                    -76.982701,
                    -11.949229,
                    0.0
                ]
            }
        },
        {
            "type": "Feature",
            "properties": {
                "name": "217",
                "jurisdiccion": "Mariscal Caceres",
                "tipo": "TIPO I",
                "camara": "180",
                "megafono": false,
                "boton": false,
                "referencia": "-11.9478325000587, -76.9833765045203",
                "direccion": "JR. ANTONIO PARDO / PARQ. MARISCAL CACERES",
                "WKT": "POINT Z (-76.9833 -11.9482 0)"
            },
            "geometry": {
                "type": "Point",
                "coordinates": [
                    -76.9833,
                    -11.9482,
                    0.0
                ]
            }
        },
        {
            "type": "Feature",
            "properties": {
                "name": "218",
                "jurisdiccion": "Mariscal Caceres",
                "tipo": "TIPO I",
                "camara": "180",
                "megafono": false,
                "boton": false,
                "referencia": "-11.9495028001897, -76.9856868457702",
                "direccion": "JR. JAIME BAUSATEÂ  Y MEZA / JR. ESTE",
                "WKT": "POINT Z (-76.98556 -11.94986 0)"
            },
            "geometry": {
                "type": "Point",
                "coordinates": [
                    -76.98556,
                    -11.94986,
                    0.0
                ]
            }
        },
        {
            "type": "Feature",
            "properties": {
                "name": "219",
                "jurisdiccion": "Mariscal Caceres",
                "tipo": "TIPO I",
                "camara": "180",
                "megafono": false,
                "boton": false,
                "referencia": "",
                "direccion": "JR. ANTUNEZ DE MAYOLO / JR. CIRO ALEGRIA",
                "WKT": "POINT Z (-76.9842 -11.9499 0)"
            },
            "geometry": {
                "type": "Point",
                "coordinates": [
                    -76.9842,
                    -11.9499,
                    0.0
                ]
            }
        },
        {
            "type": "Feature",
            "properties": {
                "name": "220",
                "jurisdiccion": "Mariscal Caceres",
                "tipo": "TIPO I",
                "camara": "180",
                "megafono": false,
                "boton": false,
                "referencia": "-11.947418736056, -76.9816144892422",
                "direccion": "JR. INTERMEDIO / JR. ROQUE SAENZ PEÃ‘A",
                "WKT": "POINT Z (-76.981361 -11.947415 0)"
            },
            "geometry": {
                "type": "Point",
                "coordinates": [
                    -76.981361,
                    -11.947415,
                    0.0
                ]
            }
        },
        {
            "type": "Feature",
            "properties": {
                "name": "221",
                "jurisdiccion": "Mariscal Caceres",
                "tipo": "TIPO I",
                "camara": "180",
                "megafono": false,
                "boton": false,
                "referencia": "-11.9487600155002, -76.9793896772839",
                "direccion": "AV. CENTRAL / JR. DEL CRUCE ESTE",
                "WKT": "POINT Z (-76.979454 -11.948279 0)"
            },
            "geometry": {
                "type": "Point",
                "coordinates": [
                    -76.979454,
                    -11.948279,
                    0.0
                ]
            }
        },
        {
            "type": "Feature",
            "properties": {
                "name": "222",
                "jurisdiccion": "Mariscal Caceres",
                "tipo": "TIPO I",
                "camara": "180",
                "megafono": true,
                "boton": false,
                "referencia": "-11.9460007595142, -76.9833645107456",
                "direccion": "JR. DEL CRUCE ESTE /JR. ESTE",
                "WKT": "POINT Z (-76.982872 -11.945982 0)"
            },
            "geometry": {
                "type": "Point",
                "coordinates": [
                    -76.982872,
                    -11.945982,
                    0.0
                ]
            }
        },
        {
            "type": "Feature",
            "properties": {
                "name": "223",
                "jurisdiccion": "Mariscal Caceres",
                "tipo": "TIPO I",
                "camara": "180",
                "megafono": false,
                "boton": false,
                "referencia": "-11.9448985118522, -76.9791520981526",
                "direccion": "AV. AMPLIACION ESTE / JR. INTERMEDIO",
                "WKT": "POINT Z (-76.979756 -11.945064 0)"
            },
            "geometry": {
                "type": "Point",
                "coordinates": [
                    -76.979756,
                    -11.945064,
                    0.0
                ]
            }
        },
        {
            "type": "Feature",
            "properties": {
                "name": "224",
                "jurisdiccion": "Mariscal Caceres",
                "tipo": "TIPO I",
                "camara": "180",
                "megafono": false,
                "boton": false,
                "referencia": "-11.9449908721731, -76.9780035074218",
                "direccion": "JR. FRANCISCO DE ALDAO / LOSA DEPORTIVA T DE MARISCAL CASTILLA",
                "WKT": "POINT Z (-76.978257 -11.945004 0)"
            },
            "geometry": {
                "type": "Point",
                "coordinates": [
                    -76.978257,
                    -11.945004,
                    0.0
                ]
            }
        },
        {
            "type": "Feature",
            "properties": {
                "name": "225",
                "jurisdiccion": "Mariscal Caceres",
                "tipo": "TIPO I",
                "camara": "180",
                "megafono": false,
                "boton": false,
                "referencia": "-11.9503546131468, -76.9766274035873",
                "direccion": "JR. DEL CRUCE ESTE / JR. A",
                "WKT": "POINT Z (-76.976611 -11.950157 0)"
            },
            "geometry": {
                "type": "Point",
                "coordinates": [
                    -76.976611,
                    -11.950157,
                    0.0
                ]
            }
        },
        {
            "type": "Feature",
            "properties": {
                "name": "226",
                "jurisdiccion": "Mariscal Caceres",
                "tipo": "TIPO I",
                "camara": "180",
                "megafono": false,
                "boton": false,
                "referencia": "-11.9537279929025, -76.9749179643198",
                "direccion": "JR. LA RINCONADA / JR. VIA LANDSZURI",
                "WKT": "POINT Z (-76.9748 -11.9536 0)"
            },
            "geometry": {
                "type": "Point",
                "coordinates": [
                    -76.9748,
                    -11.9536,
                    0.0
                ]
            }
        },
        {
            "type": "Feature",
            "properties": {
                "name": "227",
                "jurisdiccion": "Mariscal Caceres",
                "tipo": "TIPO I",
                "camara": "180",
                "megafono": false,
                "boton": false,
                "referencia": "-11.950105959292, -76.9743857560067",
                "direccion": "JR. AGUSTIN JIMENEZ / CA. 88",
                "WKT": "POINT Z (-76.9744 -11.9499 0)"
            },
            "geometry": {
                "type": "Point",
                "coordinates": [
                    -76.9744,
                    -11.9499,
                    0.0
                ]
            }
        },
        {
            "type": "Feature",
            "properties": {
                "name": "228",
                "jurisdiccion": "Mariscal Caceres",
                "tipo": "TIPO I",
                "camara": "180",
                "megafono": true,
                "boton": false,
                "referencia": "-11.942829123225, -76.9751803585295",
                "direccion": "AV. CENTRAL / C.15",
                "WKT": "POINT Z (-76.9757 -11.943 0)"
            },
            "geometry": {
                "type": "Point",
                "coordinates": [
                    -76.9757,
                    -11.943,
                    0.0
                ]
            }
        },
        {
            "type": "Feature",
            "properties": {
                "name": "229",
                "jurisdiccion": "Mariscal Caceres",
                "tipo": "TIPO I",
                "camara": "180",
                "megafono": false,
                "boton": false,
                "referencia": "-11.9425492728552, -76.9778023061885",
                "direccion": "JR. INTERMEDIO / JR. FINAL",
                "WKT": "POINT Z (-76.978128 -11.94259 0)"
            },
            "geometry": {
                "type": "Point",
                "coordinates": [
                    -76.978128,
                    -11.94259,
                    0.0
                ]
            }
        },
        {
            "type": "Feature",
            "properties": {
                "name": "230",
                "jurisdiccion": "Mariscal Caceres",
                "tipo": "TIPO I",
                "camara": "180",
                "megafono": false,
                "boton": false,
                "referencia": "-11.9424157892676, -76.9749884186859",
                "direccion": "AV. CENTRAL /Â  JR. SANTA MARIA",
                "WKT": "POINT Z (-76.975055 -11.942051 0)"
            },
            "geometry": {
                "type": "Point",
                "coordinates": [
                    -76.975055,
                    -11.942051,
                    0.0
                ]
            }
        },
        {
            "type": "Feature",
            "properties": {
                "name": "231",
                "jurisdiccion": "Mariscal Caceres",
                "tipo": "TIPO I",
                "camara": "180",
                "megafono": false,
                "boton": false,
                "referencia": "-11.9407036328037, -76.9779850362433",
                "direccion": "C.9 /C.4 - PARQ. GRUPO 1 CRUZ DE MOTUPE",
                "WKT": "POINT Z (-76.977873 -11.941037 0)"
            },
            "geometry": {
                "type": "Point",
                "coordinates": [
                    -76.977873,
                    -11.941037,
                    0.0
                ]
            }
        },
        {
            "type": "Feature",
            "properties": {
                "name": "232",
                "jurisdiccion": "Mariscal Caceres",
                "tipo": "TIPO I",
                "camara": "180",
                "megafono": false,
                "boton": false,
                "referencia": "-11.941480011625, -76.9795527905353",
                "direccion": "JR. ESTE / JR. FINAL",
                "WKT": "POINT Z (-76.979804 -11.941503 0)"
            },
            "geometry": {
                "type": "Point",
                "coordinates": [
                    -76.979804,
                    -11.941503,
                    0.0
                ]
            }
        },
        {
            "type": "Feature",
            "properties": {
                "name": "233",
                "jurisdiccion": "Mariscal Caceres",
                "tipo": "TIPO I",
                "camara": "180",
                "megafono": false,
                "boton": false,
                "referencia": "-11.9456196436208, -76.9764690153855",
                "direccion": "JR.PEDRO GUTIERREZ /REF. LOSA AUX. V DE M. CACERES",
                "WKT": "POINT Z (-76.976364 -11.945943 0)"
            },
            "geometry": {
                "type": "Point",
                "coordinates": [
                    -76.976364,
                    -11.945943,
                    0.0
                ]
            }
        },
        {
            "type": "Feature",
            "properties": {
                "name": "234",
                "jurisdiccion": "Mariscal Caceres",
                "tipo": "TIPO I",
                "camara": "180",
                "megafono": true,
                "boton": false,
                "referencia": "-11.9400248077078, -76.9717313878498",
                "direccion": "AV. CENTRAL / AV. MAR SUR ESTE",
                "WKT": "POINT Z (-76.973032 -11.93914 0)"
            },
            "geometry": {
                "type": "Point",
                "coordinates": [
                    -76.973032,
                    -11.93914,
                    0.0
                ]
            }
        },
        {
            "type": "Feature",
            "properties": {
                "name": "235",
                "jurisdiccion": "Mariscal Caceres",
                "tipo": "TIPO I",
                "camara": "180",
                "megafono": false,
                "boton": false,
                "referencia": "-11.9416752406248, -76.9739637584282",
                "direccion": "C.31 / C. 39Â  REF. MERCADO MODELO CRUZ DE MOTUPE",
                "WKT": "POINT Z (-76.973672 -11.941604 0)"
            },
            "geometry": {
                "type": "Point",
                "coordinates": [
                    -76.973672,
                    -11.941604,
                    0.0
                ]
            }
        },
        {
            "type": "Feature",
            "properties": {
                "name": "236",
                "jurisdiccion": "Mariscal Caceres",
                "tipo": "TIPO I",
                "camara": "180",
                "megafono": false,
                "boton": false,
                "referencia": "-11.9471908156444, -76.9767947802849",
                "direccion": "AV. CIRCUNVALACIÓN / AV. AMPLIACIÓN ESTE",
                "WKT": "POINT Z (-76.976545 -11.947146 0)"
            },
            "geometry": {
                "type": "Point",
                "coordinates": [
                    -76.976545,
                    -11.947146,
                    0.0
                ]
            }
        },
        {
            "type": "Feature",
            "properties": {
                "name": "237",
                "jurisdiccion": "Mariscal Caceres",
                "tipo": "TIPO I",
                "camara": "180",
                "megafono": false,
                "boton": false,
                "referencia": "-11.949207761746, -76.9771738169655",
                "direccion": "AV. CIRCUNVALACIÓN / JR. CORONEL ANTONIOP PLASCENCIA",
                "WKT": "POINT Z (-76.977191 -11.948963 0)"
            },
            "geometry": {
                "type": "Point",
                "coordinates": [
                    -76.977191,
                    -11.948963,
                    0.0
                ]
            }
        },
        {
            "type": "Feature",
            "properties": {
                "name": "238",
                "jurisdiccion": "Mariscal Caceres",
                "tipo": "TIPO I",
                "camara": "180",
                "megafono": false,
                "boton": false,
                "referencia": "-11.9449746090056, -76.9749156915734",
                "direccion": "AV. CIRCUNVALACIÓN / JR. FINAL",
                "WKT": "POINT Z (-76.974952 -11.944742 0)"
            },
            "geometry": {
                "type": "Point",
                "coordinates": [
                    -76.974952,
                    -11.944742,
                    0.0
                ]
            }
        },
        {
            "type": "Feature",
            "properties": {
                "name": "239",
                "jurisdiccion": "Mariscal Caceres",
                "tipo": "TIPO I",
                "camara": "180",
                "megafono": false,
                "boton": false,
                "referencia": "-11.9400727820583, -76.9757899518854",
                "direccion": "C.60 / C.42 - REF. PLAZA DE ARMAS DE CRUZ DE MOTUPE",
                "WKT": "POINT Z (-76.975798 -11.94032 0)"
            },
            "geometry": {
                "type": "Point",
                "coordinates": [
                    -76.975798,
                    -11.94032,
                    0.0
                ]
            }
        },
        {
            "type": "Feature",
            "properties": {
                "name": "240",
                "jurisdiccion": "Mariscal Caceres",
                "tipo": "TIPO I",
                "camara": "180",
                "megafono": false,
                "boton": false,
                "referencia": "-11.9389069884657, -76.9727891612199",
                "direccion": "AV. MAR SUR ESTE / C.37",
                "WKT": "POINT Z (-76.972097 -11.93997 0)"
            },
            "geometry": {
                "type": "Point",
                "coordinates": [
                    -76.972097,
                    -11.93997,
                    0.0
                ]
            }
        },
        {
            "type": "Feature",
            "properties": {
                "name": "241",
                "jurisdiccion": "Mariscal Caceres",
                "tipo": "TIPO I",
                "camara": "180",
                "megafono": false,
                "boton": false,
                "referencia": "-11.9420086653552, -76.9721345486469",
                "direccion": "C.30 / C.24-LOSA GRUPO 4 DE CRUZ DE M.",
                "WKT": "POINT Z (-76.972124 -11.941754 0)"
            },
            "geometry": {
                "type": "Point",
                "coordinates": [
                    -76.972124,
                    -11.941754,
                    0.0
                ]
            }
        },
        {
            "type": "Feature",
            "properties": {
                "name": "242",
                "jurisdiccion": "Mariscal Caceres",
                "tipo": "TIPO I",
                "camara": "180",
                "megafono": false,
                "boton": false,
                "referencia": "-11.9372704712788, -76.9710139638402",
                "direccion": "JR. MAR DE FLORES / JR. MAR ROJO",
                "WKT": "POINT Z (-76.970713 -11.937161 0)"
            },
            "geometry": {
                "type": "Point",
                "coordinates": [
                    -76.970713,
                    -11.937161,
                    0.0
                ]
            }
        },
        {
            "type": "Feature",
            "properties": {
                "name": "243",
                "jurisdiccion": "Mariscal Caceres",
                "tipo": "TIPO I",
                "camara": "180",
                "megafono": false,
                "boton": false,
                "referencia": "-11.9396741077339, -76.9699353470313",
                "direccion": "JR. AMR DE OMAN ESTE /JR. MAR ADRIATICO",
                "WKT": "POINT Z (-76.969615 -11.939586 0)"
            },
            "geometry": {
                "type": "Point",
                "coordinates": [
                    -76.969615,
                    -11.939586,
                    0.0
                ]
            }
        },
        {
            "type": "Feature",
            "properties": {
                "name": "244",
                "jurisdiccion": "Mariscal Caceres",
                "tipo": "TIPO I",
                "camara": "180",
                "megafono": false,
                "boton": false,
                "referencia": "-11.9426467149454, -76.971965340572",
                "direccion": "AV. CIRCUNVALACIÓN / C. 39",
                "WKT": "POINT Z (-76.971937 -11.942893 0)"
            },
            "geometry": {
                "type": "Point",
                "coordinates": [
                    -76.971937,
                    -11.942893,
                    0.0
                ]
            }
        },
        {
            "type": "Feature",
            "properties": {
                "name": "245",
                "jurisdiccion": "Mariscal Caceres",
                "tipo": "TIPO I",
                "camara": "180",
                "megafono": false,
                "boton": false,
                "referencia": "-11.9436821265229, -76.9729197084239",
                "direccion": "JR. SANTA MARIA / C.14",
                "WKT": "POINT Z (-76.972982 -11.943416 0)"
            },
            "geometry": {
                "type": "Point",
                "coordinates": [
                    -76.972982,
                    -11.943416,
                    0.0
                ]
            }
        },
        {
            "type": "Feature",
            "properties": {
                "name": "246",
                "jurisdiccion": "Mariscal Caceres",
                "tipo": "TIPO I",
                "camara": "180",
                "megafono": false,
                "boton": false,
                "referencia": "-11.9412780115101, -76.9705498096601",
                "direccion": "AV. MAR SUR ESTE / JR. MAR ADRIATICO",
                "WKT": "POINT Z (-76.970613 -11.941027 0)"
            },
            "geometry": {
                "type": "Point",
                "coordinates": [
                    -76.970613,
                    -11.941027,
                    0.0
                ]
            }
        },
        {
            "type": "Feature",
            "properties": {
                "name": "247",
                "jurisdiccion": "Mariscal Caceres",
                "tipo": "TIPO I",
                "camara": "180",
                "megafono": false,
                "boton": false,
                "referencia": "-11.9375639016632, -76.9697329903936",
                "direccion": "JR. MAR DE FLORES / JR. MAR TIRRENO",
                "WKT": "POINT Z (-76.970021 -11.9377 0)"
            },
            "geometry": {
                "type": "Point",
                "coordinates": [
                    -76.970021,
                    -11.9377,
                    0.0
                ]
            }
        },
        {
            "type": "Feature",
            "properties": {
                "name": "248",
                "jurisdiccion": "Mariscal Caceres",
                "tipo": "TIPO I",
                "camara": "180",
                "megafono": false,
                "boton": false,
                "referencia": "-11.9367450040845, -76.9681757224529",
                "direccion": "AV. MAR DE CORAL / JR. MAR JOCONDO",
                "WKT": "POINT Z (-76.968775 -11.936811 0)"
            },
            "geometry": {
                "type": "Point",
                "coordinates": [
                    -76.968775,
                    -11.936811,
                    0.0
                ]
            }
        },
        {
            "type": "Feature",
            "properties": {
                "name": "249",
                "jurisdiccion": "Mariscal Caceres",
                "tipo": "TIPO I",
                "camara": "180",
                "megafono": false,
                "boton": false,
                "referencia": "-11.9387936831392, -76.9686497962091",
                "direccion": "JR. MAR DE FLORES / JR. MAR DE OMAN ESTE",
                "WKT": "POINT Z (-76.96833 -11.938765 0)"
            },
            "geometry": {
                "type": "Point",
                "coordinates": [
                    -76.96833,
                    -11.938765,
                    0.0
                ]
            }
        },
        {
            "type": "Feature",
            "properties": {
                "name": "250",
                "jurisdiccion": "Mariscal Caceres",
                "tipo": "TIPO I",
                "camara": "180",
                "megafono": false,
                "boton": false,
                "referencia": "-11.9376650957461, -76.9667882070223",
                "direccion": "AV. MAR DE CORAL / AV. MAR CASPIO",
                "WKT": "POINT Z (-76.967176 -11.937794 0)"
            },
            "geometry": {
                "type": "Point",
                "coordinates": [
                    -76.967176,
                    -11.937794,
                    0.0
                ]
            }
        },
        {
            "type": "Feature",
            "properties": {
                "name": "251",
                "jurisdiccion": "Mariscal Caceres",
                "tipo": "TIPO I",
                "camara": "180",
                "megafono": false,
                "boton": false,
                "referencia": "-11.9356787578965, -76.9674554785436",
                "direccion": "JR. MAR DE TIMOR / MAR DE AZOV",
                "WKT": "POINT Z (-76.967552 -11.935834 0)"
            },
            "geometry": {
                "type": "Point",
                "coordinates": [
                    -76.967552,
                    -11.935834,
                    0.0
                ]
            }
        },
        {
            "type": "Feature",
            "properties": {
                "name": "252",
                "jurisdiccion": "Mariscal Caceres",
                "tipo": "TIPO I",
                "camara": "180",
                "megafono": false,
                "boton": false,
                "referencia": "-11.9369772594022, -76.9656619228436",
                "direccion": "JR. MAR DE TIMOR / JR. MAR ARAL",
                "WKT": "POINT Z (-76.966001 -11.936901 0)"
            },
            "geometry": {
                "type": "Point",
                "coordinates": [
                    -76.966001,
                    -11.936901,
                    0.0
                ]
            }
        },
        {
            "type": "Feature",
            "properties": {
                "name": "253",
                "jurisdiccion": "Bayovar",
                "tipo": "TIPO I",
                "camara": "180",
                "megafono": false,
                "boton": false,
                "referencia": "-11.9548762975957, -76.9923706975888",
                "direccion": "CANCHITA BCP BAYOVAR",
                "WKT": "POINT Z (-76.9923 -11.9547 0)"
            },
            "geometry": {
                "type": "Point",
                "coordinates": [
                    -76.9923,
                    -11.9547,
                    0.0
                ]
            }
        },
        {
            "type": "Feature",
            "properties": {
                "name": "254",
                "jurisdiccion": "Bayovar",
                "tipo": "TIPO I",
                "camara": "180",
                "megafono": false,
                "boton": false,
                "referencia": "-11.9565710931678, -76.990147198494",
                "direccion": "AV. HEROES DEL CENEPA / JR. DE LA SALUD",
                "WKT": "POINT Z (-76.9904 -11.9563 0)"
            },
            "geometry": {
                "type": "Point",
                "coordinates": [
                    -76.9904,
                    -11.9563,
                    0.0
                ]
            }
        },
        {
            "type": "Feature",
            "properties": {
                "name": "255",
                "jurisdiccion": "Bayovar",
                "tipo": "TIPO I",
                "camara": "180",
                "megafono": false,
                "boton": false,
                "referencia": "-11.9540520339494, -76.9900697241539",
                "direccion": "AV. JOSE CARLOS MAREATEGUI / JR. JACINTO LARA",
                "WKT": "POINT Z (-76.9903 -11.9539 0)"
            },
            "geometry": {
                "type": "Point",
                "coordinates": [
                    -76.9903,
                    -11.9539,
                    0.0
                ]
            }
        },
        {
            "type": "Feature",
            "properties": {
                "name": "256",
                "jurisdiccion": "Bayovar",
                "tipo": "TIPO I",
                "camara": "180",
                "megafono": false,
                "boton": false,
                "referencia": "-11.9520032065729, -76.9894489707096",
                "direccion": "AV. JOSE CARLOS MARIATEGUI / JR. PEDRO DE OSMA",
                "WKT": "POINT Z (-76.9889 -11.9524 0)"
            },
            "geometry": {
                "type": "Point",
                "coordinates": [
                    -76.9889,
                    -11.9524,
                    0.0
                ]
            }
        },
        {
            "type": "Feature",
            "properties": {
                "name": "257",
                "jurisdiccion": "Bayovar",
                "tipo": "TIPO I",
                "camara": "180",
                "megafono": false,
                "boton": false,
                "referencia": "-11.9609728583942, -76.9888035658294",
                "direccion": "AV. LAS NACIONES / JR VIENA",
                "WKT": "POINT Z (-76.989 -11.9605 0)"
            },
            "geometry": {
                "type": "Point",
                "coordinates": [
                    -76.989,
                    -11.9605,
                    0.0
                ]
            }
        },
        {
            "type": "Feature",
            "properties": {
                "name": "258",
                "jurisdiccion": "Bayovar",
                "tipo": "TIPO I",
                "camara": "180",
                "megafono": false,
                "boton": false,
                "referencia": "-11.9570050160858, -76.9987642559452",
                "direccion": "AV. JOSE CARLOS MAREATEGUI / AV. CANTO GRANDE",
                "WKT": "POINT Z (-76.9978 -11.9566 0)"
            },
            "geometry": {
                "type": "Point",
                "coordinates": [
                    -76.9978,
                    -11.9566,
                    0.0
                ]
            }
        },
        {
            "type": "Feature",
            "properties": {
                "name": "259",
                "jurisdiccion": "Bayovar",
                "tipo": "TIPO I",
                "camara": "180",
                "megafono": false,
                "boton": false,
                "referencia": "-11.9566353305831, -76.9955693794094",
                "direccion": "AV. JOSE CARLOS MAREATEGUI /JR. ARRIBA PERU",
                "WKT": "POINT Z (-76.9951 -11.9562 0)"
            },
            "geometry": {
                "type": "Point",
                "coordinates": [
                    -76.9951,
                    -11.9562,
                    0.0
                ]
            }
        },
        {
            "type": "Feature",
            "properties": {
                "name": "260",
                "jurisdiccion": "Bayovar",
                "tipo": "TIPO I",
                "camara": "180",
                "megafono": false,
                "boton": false,
                "referencia": "-11.9534709052338, -76.9935231592286",
                "direccion": "PARQ. BAYOVAR MZ 60",
                "WKT": "POINT Z (-76.9935 -11.9532 0)"
            },
            "geometry": {
                "type": "Point",
                "coordinates": [
                    -76.9935,
                    -11.9532,
                    0.0
                ]
            }
        },
        {
            "type": "Feature",
            "properties": {
                "name": "261",
                "jurisdiccion": "Mariscal Caceres",
                "tipo": "TIPO I",
                "camara": "180",
                "megafono": false,
                "boton": false,
                "referencia": "-11.954443434828, -76.9845198887505",
                "direccion": "JR. JORGE CHAVEZ / JR. LAURENCIO SILVA",
                "WKT": "POINT Z (-76.984024 -11.954259 0)"
            },
            "geometry": {
                "type": "Point",
                "coordinates": [
                    -76.984024,
                    -11.954259,
                    0.0
                ]
            }
        },
        {
            "type": "Feature",
            "properties": {
                "name": "262",
                "jurisdiccion": "Bayovar",
                "tipo": "TIPO I",
                "camara": "180",
                "megafono": true,
                "boton": false,
                "referencia": "-11.9528967873602, -76.9923134923215",
                "direccion": "AV. 1 DE MAYO / C.6",
                "WKT": "POINT Z (-76.992 -11.9528 0)"
            },
            "geometry": {
                "type": "Point",
                "coordinates": [
                    -76.992,
                    -11.9528,
                    0.0
                ]
            }
        },
        {
            "type": "Feature",
            "properties": {
                "name": "263",
                "jurisdiccion": "Santa Elizabeth",
                "tipo": "TIPO I",
                "camara": "180",
                "megafono": false,
                "boton": false,
                "referencia": "-11.9588907282211, -76.994275037196",
                "direccion": "AV. LASÂ  NACIONES / JR. BILBAO",
                "WKT": "POINT Z (-76.9936 -11.9585 0)"
            },
            "geometry": {
                "type": "Point",
                "coordinates": [
                    -76.9936,
                    -11.9585,
                    0.0
                ]
            }
        },
        {
            "type": "Feature",
            "properties": {
                "name": "264",
                "jurisdiccion": "Bayovar",
                "tipo": "TIPO I",
                "camara": "180",
                "megafono": false,
                "boton": false,
                "referencia": "-11.95114219875087, -76.99309779041845",
                "direccion": "JR. VALLE HUANCABAMBA( ESTADIO MARACANA",
                "WKT": "POINT Z (-76.9928 -11.9508 0)"
            },
            "geometry": {
                "type": "Point",
                "coordinates": [
                    -76.9928,
                    -11.9508,
                    0.0
                ]
            }
        },
        {
            "type": "Feature",
            "properties": {
                "name": "265",
                "jurisdiccion": "Mariscal Caceres",
                "tipo": "TIPO I",
                "camara": "180",
                "megafono": false,
                "boton": false,
                "referencia": "-11.9520071326258, -76.9807031655833",
                "direccion": "JR. ARNALDO MARQUEZ / JR. CIRO ALEGRIA",
                "WKT": "POINT Z (-76.980149 -11.951382 0)"
            },
            "geometry": {
                "type": "Point",
                "coordinates": [
                    -76.980149,
                    -11.951382,
                    0.0
                ]
            }
        },
        {
            "type": "Feature",
            "properties": {
                "name": "266",
                "jurisdiccion": "Santa Elizabeth",
                "tipo": "TIPO I",
                "camara": "180",
                "megafono": false,
                "boton": false,
                "referencia": "-11.9589099539965, -77.0005727035787",
                "direccion": "JR. VILLA HERMOSA / JR. OTUZCO",
                "WKT": "POINT Z (-77.0006 -11.9589 0)"
            },
            "geometry": {
                "type": "Point",
                "coordinates": [
                    -77.0006,
                    -11.9589,
                    0.0
                ]
            }
        },
        {
            "type": "Feature",
            "properties": {
                "name": "267",
                "jurisdiccion": "Santa Elizabeth",
                "tipo": "TIPO I",
                "camara": "180",
                "megafono": false,
                "boton": false,
                "referencia": "-11.972553725947, -77.0129514037526",
                "direccion": "JR. PERIODISTA / JR. TACNA",
                "WKT": "POINT Z (-77.012831 -11.972898 0)"
            },
            "geometry": {
                "type": "Point",
                "coordinates": [
                    -77.012831,
                    -11.972898,
                    0.0
                ]
            }
        },
        {
            "type": "Feature",
            "properties": {
                "name": "268",
                "jurisdiccion": "Santa Elizabeth",
                "tipo": "TIPO I",
                "camara": "180",
                "megafono": true,
                "boton": false,
                "referencia": "-11.9722543400162, -77.0045446614031",
                "direccion": "AV. LAS FLORES / JR. SAN MARTIN",
                "WKT": "POINT Z (-77.004269 -11.972226 0)"
            },
            "geometry": {
                "type": "Point",
                "coordinates": [
                    -77.004269,
                    -11.972226,
                    0.0
                ]
            }
        },
        {
            "type": "Feature",
            "properties": {
                "name": "269",
                "jurisdiccion": "Santa Elizabeth",
                "tipo": "TIPO I",
                "camara": "180",
                "megafono": false,
                "boton": false,
                "referencia": "-11.975501693248, -77.0061675245119",
                "direccion": "JR. MARISCAL ANTONIO JOSE DE SUCRE / JR. MARIA PARADO DE BELLIDO",
                "WKT": "POINT Z (-77.006147 -11.975885 0)"
            },
            "geometry": {
                "type": "Point",
                "coordinates": [
                    -77.006147,
                    -11.975885,
                    0.0
                ]
            }
        },
        {
            "type": "Feature",
            "properties": {
                "name": "270",
                "jurisdiccion": "Canto Rey",
                "tipo": "TIPO I",
                "camara": "180",
                "megafono": false,
                "boton": false,
                "referencia": "-11.9722355350951, -76.9885285522858",
                "direccion": "JR. 18 DE FEBRERO / C.13",
                "WKT": "POINT Z (-76.9888 -11.972 0)"
            },
            "geometry": {
                "type": "Point",
                "coordinates": [
                    -76.9888,
                    -11.972,
                    0.0
                ]
            }
        },
        {
            "type": "Feature",
            "properties": {
                "name": "271",
                "jurisdiccion": "Bayovar",
                "tipo": "TIPO I",
                "camara": "180",
                "megafono": false,
                "boton": false,
                "referencia": "-11.9512415376931, -76.9951379327605",
                "direccion": "C.8 / PARQ. 1 DE MAYO",
                "WKT": "POINT Z (-76.9951 -11.9515 0)"
            },
            "geometry": {
                "type": "Point",
                "coordinates": [
                    -76.9951,
                    -11.9515,
                    0.0
                ]
            }
        },
        {
            "type": "Feature",
            "properties": {
                "name": "272",
                "jurisdiccion": "Santa Elizabeth",
                "tipo": "TIPO I",
                "camara": "180",
                "megafono": false,
                "boton": false,
                "referencia": "-11.9658263348678, -77.0069697935189",
                "direccion": "LOSA DEPORTIVA VERONA - HUASCAR",
                "WKT": "POINT Z (-77.0067 -11.9657 0)"
            },
            "geometry": {
                "type": "Point",
                "coordinates": [
                    -77.0067,
                    -11.9657,
                    0.0
                ]
            }
        },
        {
            "type": "Feature",
            "properties": {
                "name": "273",
                "jurisdiccion": "Santa Elizabeth",
                "tipo": "TIPO I",
                "camara": "180",
                "megafono": false,
                "boton": false,
                "referencia": "-11.9622576104058, -77.0045435382686",
                "direccion": "JR. LIBERACIÓN / CANCHA DEPORTIVA HUASCAR SECTOR A",
                "WKT": "POINT Z (-77.0047 -11.9626 0)"
            },
            "geometry": {
                "type": "Point",
                "coordinates": [
                    -77.0047,
                    -11.9626,
                    0.0
                ]
            }
        },
        {
            "type": "Feature",
            "properties": {
                "name": "274",
                "jurisdiccion": "Santa Elizabeth",
                "tipo": "TIPO I",
                "camara": "180",
                "megafono": false,
                "boton": false,
                "referencia": "-11.9591496264669, -76.9962328949206",
                "direccion": "LOSA DEPORTIVA SECTOR 5 DE MAYO",
                "WKT": "POINT Z (-76.9974 -11.9603 0)"
            },
            "geometry": {
                "type": "Point",
                "coordinates": [
                    -76.9974,
                    -11.9603,
                    0.0
                ]
            }
        },
        {
            "type": "Feature",
            "properties": {
                "name": "275",
                "jurisdiccion": "Bayovar",
                "tipo": "TIPO I",
                "camara": "180",
                "megafono": false,
                "boton": false,
                "referencia": "-11.9575253865018, -76.9945363488876",
                "direccion": "JR. SALAMANCA / PARQ. JOSE CARLOS MAREATEGUI ARRIBA PERU",
                "WKT": "POINT Z (-76.9942 -11.9576 0)"
            },
            "geometry": {
                "type": "Point",
                "coordinates": [
                    -76.9942,
                    -11.9576,
                    0.0
                ]
            }
        },
        {
            "type": "Feature",
            "properties": {
                "name": "276",
                "jurisdiccion": "Santa Elizabeth",
                "tipo": "TIPO I",
                "camara": "180",
                "megafono": false,
                "boton": false,
                "referencia": "-11.952122272308, -77.0022994509391",
                "direccion": "CAMPO DEPORTIVO OVACIÓN",
                "WKT": "POINT Z (-77.002567 -11.95182 0)"
            },
            "geometry": {
                "type": "Point",
                "coordinates": [
                    -77.002567,
                    -11.95182,
                    0.0
                ]
            }
        },
        {
            "type": "Feature",
            "properties": {
                "name": "277",
                "jurisdiccion": "Santa Elizabeth",
                "tipo": "TIPO I",
                "camara": "180",
                "megafono": false,
                "boton": false,
                "referencia": "-11.9598318220827, -77.0025997662827",
                "direccion": "JR. 20 DE ENERO / JR. LIBERACIÓN",
                "WKT": "POINT Z (-77.0028 -11.9593 0)"
            },
            "geometry": {
                "type": "Point",
                "coordinates": [
                    -77.0028,
                    -11.9593,
                    0.0
                ]
            }
        },
        {
            "type": "Feature",
            "properties": {
                "name": "278",
                "jurisdiccion": "Santa Elizabeth",
                "tipo": "TIPO I",
                "camara": "180",
                "megafono": false,
                "boton": false,
                "referencia": "-11.9652496121636, -76.9953695198211",
                "direccion": "AV. REPUBLICA DE POLONIA / AV. RIO SANTIAGO",
                "WKT": "POINT Z (-76.9954179214235 -11.965282083075051 0)"
            },
            "geometry": {
                "type": "Point",
                "coordinates": [
                    -76.9954179,
                    -11.9652821,
                    0.0
                ]
            }
        },
        {
            "type": "Feature",
            "properties": {
                "name": "279",
                "jurisdiccion": "Santa Elizabeth",
                "tipo": "TIPO I",
                "camara": "180",
                "megafono": false,
                "boton": false,
                "referencia": "-11.9673754374707, -77.0128486795902",
                "direccion": "JR. JUNIN / REF. ESTADIO SAN MARCOS",
                "WKT": "POINT Z (-77.0162712952877 -11.984259453289166 0)"
            },
            "geometry": {
                "type": "Point",
                "coordinates": [
                    -77.013249,
                    -11.967493,
                    0.0
                ]
            }
        },
        {
            "type": "Feature",
            "properties": {
                "name": "280",
                "jurisdiccion": "Santa Elizabeth",
                "tipo": "TIPO I",
                "camara": "180",
                "megafono": false,
                "boton": false,
                "referencia": "-11.9844760729498, -77.0162650297341",
                "direccion": "JR. CARLOS III/ ASOC. AYACUCHO PARQ. 4",
                "WKT": "POINT Z (-77.016269 -11.984312 0)"
            },
            "geometry": {
                "type": "Point",
                "coordinates": [
                    -77.016269,
                    -11.984312,
                    0.0
                ]
            }
        },
        {
            "type": "Feature",
            "properties": {
                "name": "281",
                "jurisdiccion": "Santa Elizabeth",
                "tipo": "TIPO I",
                "camara": "180",
                "megafono": false,
                "boton": false,
                "referencia": "-11.9716731648429, -77.0123805598633",
                "direccion": "JR. LAMBAYEQUE /Â  JR. ICA",
                "WKT": "POINT Z (-77.012393 -11.971268 0)"
            },
            "geometry": {
                "type": "Point",
                "coordinates": [
                    -77.012393,
                    -11.971268,
                    0.0
                ]
            }
        },
        {
            "type": "Feature",
            "properties": {
                "name": "282",
                "jurisdiccion": "Santa Elizabeth",
                "tipo": "TIPO I",
                "camara": "180",
                "megafono": false,
                "boton": false,
                "referencia": "-11.9824239609828, -77.0070603156408",
                "direccion": "AV. LOS CIRUELOS /Â  REF. EL RANCHO DE POL 2",
                "WKT": "POINT Z (-77.007341 -11.982537 0)"
            },
            "geometry": {
                "type": "Point",
                "coordinates": [
                    -77.007341,
                    -11.982537,
                    0.0
                ]
            }
        },
        {
            "type": "Feature",
            "properties": {
                "name": "283",
                "jurisdiccion": "Santa Elizabeth",
                "tipo": "TIPO I",
                "camara": "180",
                "megafono": false,
                "boton": false,
                "referencia": "-11.9757812248955, -77.0102287266539",
                "direccion": "JR. AMADOR GARCIA / REF. PARQ. 4 DE CANTO GRANDE",
                "WKT": "POINT Z (-77.009904 -11.975866 0)"
            },
            "geometry": {
                "type": "Point",
                "coordinates": [
                    -77.009904,
                    -11.975866,
                    0.0
                ]
            }
        },
        {
            "type": "Feature",
            "properties": {
                "name": "284",
                "jurisdiccion": "Santa Elizabeth",
                "tipo": "TIPO I",
                "camara": "180",
                "megafono": false,
                "boton": false,
                "referencia": "-11.9548275741117, -77.0058282964279",
                "direccion": "PSJE. TRES CRUCES /REF. FAEC",
                "WKT": "POINT Z (-77.006935 -11.955343 0)"
            },
            "geometry": {
                "type": "Point",
                "coordinates": [
                    -77.006935,
                    -11.955343,
                    0.0
                ]
            }
        },
        {
            "type": "Feature",
            "properties": {
                "name": "285",
                "jurisdiccion": "Santa Elizabeth",
                "tipo": "TIPO I",
                "camara": "180",
                "megafono": false,
                "boton": false,
                "referencia": "-11.9770581065603, -77.0082524362998",
                "direccion": "AV. EL BOSQUE / JR. LOS MANGOS",
                "WKT": "POINT Z (-77.00807 -11.977892 0)"
            },
            "geometry": {
                "type": "Point",
                "coordinates": [
                    -77.00807,
                    -11.977892,
                    0.0
                ]
            }
        },
        {
            "type": "Feature",
            "properties": {
                "name": "286",
                "jurisdiccion": "Santa Elizabeth",
                "tipo": "TIPO II",
                "camara": "360",
                "megafono": true,
                "boton": true,
                "referencia": "",
                "direccion": "AV. PROCERES DE LA INDEPENDENCIA / ESTACIÓNÂ  SAN CARLOS",
                "WKT": "POINT Z (-77.007026 -11.985203 0)"
            },
            "geometry": {
                "type": "Point",
                "coordinates": [
                    -77.007026,
                    -11.985203,
                    0.0
                ]
            }
        },
        {
            "type": "Feature",
            "properties": {
                "name": "287",
                "jurisdiccion": "Canto Rey",
                "tipo": "TIPO I",
                "camara": "180",
                "megafono": true,
                "boton": false,
                "referencia": "-11.9836576120858, -76.9964416593818",
                "direccion": "AV. DEL PARQUE / AV. LOS ALAMOS",
                "WKT": "POINT Z (-76.996056 -11.983668 0)"
            },
            "geometry": {
                "type": "Point",
                "coordinates": [
                    -76.996056,
                    -11.983668,
                    0.0
                ]
            }
        },
        {
            "type": "Feature",
            "properties": {
                "name": "288",
                "jurisdiccion": "Santa Elizabeth",
                "tipo": "TIPO I",
                "camara": "180",
                "megafono": false,
                "boton": false,
                "referencia": "-11.9735696700498, -76.9994454953199",
                "direccion": "JR. LOS MIRTOS / C. LAS CAMELIAS",
                "WKT": "POINT Z (-76.999683 -11.973513 0)"
            },
            "geometry": {
                "type": "Point",
                "coordinates": [
                    -76.999683,
                    -11.973513,
                    0.0
                ]
            }
        },
        {
            "type": "Feature",
            "properties": {
                "name": "289",
                "jurisdiccion": "Santa Elizabeth",
                "tipo": "TIPO I",
                "camara": "180",
                "megafono": true,
                "boton": false,
                "referencia": "-11.9747007982433, -77.0022512916053",
                "direccion": "AV. REPUBLICA DE POLONIA / AV. LAS FLORES",
                "WKT": "POINT Z (-77.002329 -11.97458 0)"
            },
            "geometry": {
                "type": "Point",
                "coordinates": [
                    -77.002329,
                    -11.97458,
                    0.0
                ]
            }
        },
        {
            "type": "Feature",
            "properties": {
                "name": "290",
                "jurisdiccion": "Canto Rey",
                "tipo": "TIPO I",
                "camara": "180",
                "megafono": false,
                "boton": false,
                "referencia": "-11.9703445039542, -76.9853706150683",
                "direccion": "JR. LOS LIRIOS / C. LAS ORQUIDEAS",
                "WKT": "POINT Z (-76.985462 -11.970058 0)"
            },
            "geometry": {
                "type": "Point",
                "coordinates": [
                    -76.985462,
                    -11.970058,
                    0.0
                ]
            }
        },
        {
            "type": "Feature",
            "properties": {
                "name": "291",
                "jurisdiccion": "Santa Elizabeth",
                "tipo": "TIPO I",
                "camara": "180",
                "megafono": false,
                "boton": false,
                "referencia": "-11.9719285488536, -76.9999163009182",
                "direccion": "AV. REPUBLICA DE POLONIA / JR LASÂ  MADRES SELVAS",
                "WKT": "POINT Z (-76.999724 -11.971624 0)"
            },
            "geometry": {
                "type": "Point",
                "coordinates": [
                    -76.999724,
                    -11.971624,
                    0.0
                ]
            }
        },
        {
            "type": "Feature",
            "properties": {
                "name": "292",
                "jurisdiccion": "Santa Elizabeth",
                "tipo": "TIPO I",
                "camara": "180",
                "megafono": false,
                "boton": false,
                "referencia": "-11.9709111702816, -77.0016464306453",
                "direccion": "JR. LAS MADRES SELVAS / JR. LAS GARDENIAS",
                "WKT": "POINT Z (-77.001801 -11.97045 0)"
            },
            "geometry": {
                "type": "Point",
                "coordinates": [
                    -77.001801,
                    -11.97045,
                    0.0
                ]
            }
        },
        {
            "type": "Feature",
            "properties": {
                "name": "293",
                "jurisdiccion": "Santa Elizabeth",
                "tipo": "TIPO I",
                "camara": "180",
                "megafono": false,
                "boton": false,
                "referencia": "-11.9712009261793, -77.0025752854977",
                "direccion": "JR. LAS HORTENSIAS / JR LAS GARDENIAS.",
                "WKT": "POINT Z (-77.002594 -11.971711 0)"
            },
            "geometry": {
                "type": "Point",
                "coordinates": [
                    -77.002594,
                    -11.971711,
                    0.0
                ]
            }
        },
        {
            "type": "Feature",
            "properties": {
                "name": "294",
                "jurisdiccion": "Santa Elizabeth",
                "tipo": "TIPO I",
                "camara": "180",
                "megafono": false,
                "boton": false,
                "referencia": "-11.9670202967985, -76.9999181734096",
                "direccion": "JR. RIO TUMBES / JR. RIO MARAÃ‘ON",
                "WKT": "POINT Z (-77.0002 -11.9673 0)"
            },
            "geometry": {
                "type": "Point",
                "coordinates": [
                    -77.0002,
                    -11.9673,
                    0.0
                ]
            }
        },
        {
            "type": "Feature",
            "properties": {
                "name": "295",
                "jurisdiccion": "Santa Elizabeth",
                "tipo": "TIPO I",
                "camara": "180",
                "megafono": true,
                "boton": false,
                "referencia": "-11.9691673895074, -77.0004646210709",
                "direccion": "AV. SAN AMRTIN / JR. RIO MANTARO",
                "WKT": "POINT Z (-77.0002 -11.9692 0)"
            },
            "geometry": {
                "type": "Point",
                "coordinates": [
                    -77.0002,
                    -11.9692,
                    0.0
                ]
            }
        },
        {
            "type": "Feature",
            "properties": {
                "name": "296",
                "jurisdiccion": "Santa Elizabeth",
                "tipo": "TIPO I",
                "camara": "180",
                "megafono": false,
                "boton": false,
                "referencia": "-11.9673754257289, -76.9974376214074",
                "direccion": "JR. RIO SANTA / JR. RIO SANTA MARTA",
                "WKT": "POINT Z (-76.997818 -11.967566 0)"
            },
            "geometry": {
                "type": "Point",
                "coordinates": [
                    -76.997818,
                    -11.967566,
                    0.0
                ]
            }
        },
        {
            "type": "Feature",
            "properties": {
                "name": "297",
                "jurisdiccion": "Santa Elizabeth",
                "tipo": "TIPO I",
                "camara": "180",
                "megafono": true,
                "boton": false,
                "referencia": "-11.9834701550154, -77.0103250209903",
                "direccion": "AV. EL SOL / JR. LAS ESTRELLAS",
                "WKT": "POINT Z (-77.009999 -11.983622 0)"
            },
            "geometry": {
                "type": "Point",
                "coordinates": [
                    -77.009999,
                    -11.983622,
                    0.0
                ]
            }
        },
        {
            "type": "Feature",
            "properties": {
                "name": "298",
                "jurisdiccion": "Santa Elizabeth",
                "tipo": "TIPO I",
                "camara": "180",
                "megafono": false,
                "boton": false,
                "referencia": "-11.9821548742764, -77.010614985311",
                "direccion": "AV. LOS MANGOS / PJE. LOS MANGOS",
                "WKT": "POINT Z (-77.010477 -11.982439 0)"
            },
            "geometry": {
                "type": "Point",
                "coordinates": [
                    -77.010477,
                    -11.982439,
                    0.0
                ]
            }
        },
        {
            "type": "Feature",
            "properties": {
                "name": "299",
                "jurisdiccion": "Santa Elizabeth",
                "tipo": "TIPO I",
                "camara": "180",
                "megafono": true,
                "boton": false,
                "referencia": "",
                "direccion": "JR. LAS GALAXIAS / JR. GANIMEDES",
                "WKT": "POINT Z (-77.010964 -11.986023 0)"
            },
            "geometry": {
                "type": "Point",
                "coordinates": [
                    -77.010964,
                    -11.986023,
                    0.0
                ]
            }
        },
        {
            "type": "Feature",
            "properties": {
                "name": "300",
                "jurisdiccion": "Santa Elizabeth",
                "tipo": "TIPO I",
                "camara": "180",
                "megafono": false,
                "boton": false,
                "referencia": "",
                "direccion": "JR. LAS GALAXIAS /JR. LOS METEORITOS",
                "WKT": "POINT Z (-77.01094 -11.988051 0)"
            },
            "geometry": {
                "type": "Point",
                "coordinates": [
                    -77.01094,
                    -11.988051,
                    0.0
                ]
            }
        },
        {
            "type": "Feature",
            "properties": {
                "name": "301",
                "jurisdiccion": "Santa Elizabeth",
                "tipo": "TIPO I",
                "camara": "180",
                "megafono": false,
                "boton": false,
                "referencia": "-11.9889119915974, -77.0169150764991",
                "direccion": "JR. FERNADO DE ARAGON /Â  REF. IE 0161 MOISES COLONIA",
                "WKT": "POINT Z (-77.016571 -11.989221 0)"
            },
            "geometry": {
                "type": "Point",
                "coordinates": [
                    -77.016571,
                    -11.989221,
                    0.0
                ]
            }
        },
        {
            "type": "Feature",
            "properties": {
                "name": "302",
                "jurisdiccion": "Santa Elizabeth",
                "tipo": "TIPO I",
                "camara": "180",
                "megafono": false,
                "boton": false,
                "referencia": "-11.9857867278525, -77.0095997637989",
                "direccion": "JR. JUPITER / JR. NEPTUNO",
                "WKT": "POINT Z (-77.009888 -11.985586 0)"
            },
            "geometry": {
                "type": "Point",
                "coordinates": [
                    -77.009888,
                    -11.985586,
                    0.0
                ]
            }
        },
        {
            "type": "Feature",
            "properties": {
                "name": "303",
                "jurisdiccion": "Huayrona",
                "tipo": "TIPO I",
                "camara": "180",
                "megafono": true,
                "boton": false,
                "referencia": "-11.9862154508277, -77.0061301031663",
                "direccion": "JR. LOS CORALES / JR. LAS PERLAS",
                "WKT": "POINT Z (-77.005762 -11.986142 0)"
            },
            "geometry": {
                "type": "Point",
                "coordinates": [
                    -77.005762,
                    -11.986142,
                    0.0
                ]
            }
        },
        {
            "type": "Feature",
            "properties": {
                "name": "304",
                "jurisdiccion": "Santa Elizabeth",
                "tipo": "TIPO I",
                "camara": "180",
                "megafono": true,
                "boton": true,
                "referencia": "-11.9877496174193, -77.0102232843277",
                "direccion": "JR. AEROLITO / JR. NEPTUNO",
                "WKT": "POINT Z (-77.009889 -11.987562 0)"
            },
            "geometry": {
                "type": "Point",
                "coordinates": [
                    -77.009889,
                    -11.987562,
                    0.0
                ]
            }
        },
        {
            "type": "Feature",
            "properties": {
                "name": "305",
                "jurisdiccion": "Santa Elizabeth",
                "tipo": "TIPO I",
                "camara": "180",
                "megafono": true,
                "boton": false,
                "referencia": "-11.9728991861955, -77.0094102300156",
                "direccion": "JR. WILLY RETO/ C.8",
                "WKT": "POINT Z (-77.009708 -11.972984 0)"
            },
            "geometry": {
                "type": "Point",
                "coordinates": [
                    -77.009708,
                    -11.972984,
                    0.0
                ]
            }
        },
        {
            "type": "Feature",
            "properties": {
                "name": "306",
                "jurisdiccion": "Santa Elizabeth",
                "tipo": "TIPO I",
                "camara": "180",
                "megafono": false,
                "boton": false,
                "referencia": "-11.9887634359443, -77.0124317492248",
                "direccion": "JR. URANO /JR. OSA MAYOR",
                "WKT": "POINT Z (-77.012656 -11.988951 0)"
            },
            "geometry": {
                "type": "Point",
                "coordinates": [
                    -77.012656,
                    -11.988951,
                    0.0
                ]
            }
        },
        {
            "type": "Feature",
            "properties": {
                "name": "307",
                "jurisdiccion": "Huayrona",
                "tipo": "TIPO I",
                "camara": "180",
                "megafono": false,
                "boton": false,
                "referencia": "-11.9937194745701, -77.0123959945184",
                "direccion": "JR. OXADILAS /Â  JR. ACACIAS",
                "WKT": "POINT Z (-77.012165 -11.993603 0)"
            },
            "geometry": {
                "type": "Point",
                "coordinates": [
                    -77.012165,
                    -11.993603,
                    0.0
                ]
            }
        },
        {
            "type": "Feature",
            "properties": {
                "name": "308",
                "jurisdiccion": "Santa Elizabeth",
                "tipo": "TIPO I",
                "camara": "180",
                "megafono": false,
                "boton": false,
                "referencia": "-11.989034395652, -77.0150243326489",
                "direccion": "JR. MARTE / JR. OSA MAYOR",
                "WKT": "POINT Z (-77.014741 -11.989299 0)"
            },
            "geometry": {
                "type": "Point",
                "coordinates": [
                    -77.014741,
                    -11.989299,
                    0.0
                ]
            }
        },
        {
            "type": "Feature",
            "properties": {
                "name": "309",
                "jurisdiccion": "Santa Elizabeth",
                "tipo": "TIPO I",
                "camara": "180",
                "megafono": false,
                "boton": false,
                "referencia": "-11.9870103625562, -77.0128733292148",
                "direccion": "JR. AEROLITO / PJE. ORION",
                "WKT": "POINT Z (-77.013083 -11.987255 0)"
            },
            "geometry": {
                "type": "Point",
                "coordinates": [
                    -77.013083,
                    -11.987255,
                    0.0
                ]
            }
        },
        {
            "type": "Feature",
            "properties": {
                "name": "310",
                "jurisdiccion": "Santa Elizabeth",
                "tipo": "TIPO I",
                "camara": "180",
                "megafono": true,
                "boton": false,
                "referencia": "-11.9874504183885, -77.0152430871894",
                "direccion": "JR. MARTE / JR. AEROLITO",
                "WKT": "POINT Z (-77.014994 -11.987305 0)"
            },
            "geometry": {
                "type": "Point",
                "coordinates": [
                    -77.014994,
                    -11.987305,
                    0.0
                ]
            }
        },
        {
            "type": "Feature",
            "properties": {
                "name": "311",
                "jurisdiccion": "Santa Elizabeth",
                "tipo": "TIPO I",
                "camara": "180",
                "megafono": false,
                "boton": false,
                "referencia": "-11.9901505169525, -77.0170121667148",
                "direccion": "JR. ISABEL II / JIRON LUIS I",
                "WKT": "POINT Z (-77.017018 -11.98981 0)"
            },
            "geometry": {
                "type": "Point",
                "coordinates": [
                    -77.017018,
                    -11.98981,
                    0.0
                ]
            }
        },
        {
            "type": "Feature",
            "properties": {
                "name": "312",
                "jurisdiccion": "Santa Elizabeth",
                "tipo": "TIPO II",
                "camara": "360",
                "megafono": true,
                "boton": true,
                "referencia": "",
                "direccion": "AV. CANTO GRANDE /Â  REF. IGLESIAÂ  DE JESUCRISTO DE LOS SANTOS",
                "WKT": "POINT Z (-76.9998 -11.9611 0)"
            },
            "geometry": {
                "type": "Point",
                "coordinates": [
                    -76.9998,
                    -11.9611,
                    0.0
                ]
            }
        },
        {
            "type": "Feature",
            "properties": {
                "name": "313",
                "jurisdiccion": "Santa Elizabeth",
                "tipo": "TIPO I",
                "camara": "180",
                "megafono": true,
                "boton": false,
                "referencia": "-11.9529629103902, -77.0055607656722",
                "direccion": "AV. TULIPANESÂ  / AV. INTEGRACIÓN",
                "WKT": "POINT Z (-77.0057 -11.9523 0)"
            },
            "geometry": {
                "type": "Point",
                "coordinates": [
                    -77.0057,
                    -11.9523,
                    0.0
                ]
            }
        },
        {
            "type": "Feature",
            "properties": {
                "name": "314",
                "jurisdiccion": "Santa Elizabeth",
                "tipo": "TIPO I",
                "camara": "180",
                "megafono": false,
                "boton": false,
                "referencia": "-11.9683639646447, -77.0083125310195",
                "direccion": "AV. LIBERACIÓN / JR. TALARA",
                "WKT": "POINT Z (-77.0087 -11.9685 0)"
            },
            "geometry": {
                "type": "Point",
                "coordinates": [
                    -77.0087,
                    -11.9685,
                    0.0
                ]
            }
        },
        {
            "type": "Feature",
            "properties": {
                "name": "315",
                "jurisdiccion": "Santa Elizabeth",
                "tipo": "TIPO II",
                "camara": "360",
                "megafono": true,
                "boton": true,
                "referencia": "",
                "direccion": "AV. CANTO GRANDE / AV. LAS FLORES",
                "WKT": "POINT Z (-77.005729 -11.970484 0)"
            },
            "geometry": {
                "type": "Point",
                "coordinates": [
                    -77.005729,
                    -11.970484,
                    0.0
                ]
            }
        },
        {
            "type": "Feature",
            "properties": {
                "name": "316",
                "jurisdiccion": "Santa Elizabeth",
                "tipo": "TIPO I",
                "camara": "180",
                "megafono": false,
                "boton": false,
                "referencia": "-11.9750607095485, -77.0063516362699",
                "direccion": "JR. SAN AMRTIN / JR. JOSE DE LA TORRE UGARTE",
                "WKT": "POINT Z (-77.006489 -11.974496 0)"
            },
            "geometry": {
                "type": "Point",
                "coordinates": [
                    -77.006489,
                    -11.974496,
                    0.0
                ]
            }
        },
        {
            "type": "Feature",
            "properties": {
                "name": "317",
                "jurisdiccion": "Santa Elizabeth",
                "tipo": "TIPO II",
                "camara": "360",
                "megafono": true,
                "boton": true,
                "referencia": "",
                "direccion": "AV. CANTO GRANDE / AV. EL BOSQUE",
                "WKT": "POINT Z (-77.009849 -11.97679 0)"
            },
            "geometry": {
                "type": "Point",
                "coordinates": [
                    -77.009849,
                    -11.97679,
                    0.0
                ]
            }
        },
        {
            "type": "Feature",
            "properties": {
                "name": "318",
                "jurisdiccion": "Santa Elizabeth",
                "tipo": "TIPO I",
                "camara": "180",
                "megafono": false,
                "boton": false,
                "referencia": "-11.9732313880383, -77.0004539278592",
                "direccion": "AV. REPUBLICA DE POLONIA / JR. LAS HORTENSIAS",
                "WKT": "POINT Z (-77.000853 -11.973334 0)"
            },
            "geometry": {
                "type": "Point",
                "coordinates": [
                    -77.000853,
                    -11.973334,
                    0.0
                ]
            }
        },
        {
            "type": "Feature",
            "properties": {
                "name": "319",
                "jurisdiccion": "Santa Elizabeth",
                "tipo": "TIPO I",
                "camara": "180",
                "megafono": false,
                "boton": false,
                "referencia": "-11.9588661489312, -77.0067202905999",
                "direccion": "LOSA DEPORTIVA 5 DE HUASCAR",
                "WKT": "POINT Z (-77.0071 -11.9598 0)"
            },
            "geometry": {
                "type": "Point",
                "coordinates": [
                    -77.0071,
                    -11.9598,
                    0.0
                ]
            }
        },
        {
            "type": "Feature",
            "properties": {
                "name": "320",
                "jurisdiccion": "Santa Elizabeth",
                "tipo": "TIPO I",
                "camara": "180",
                "megafono": false,
                "boton": false,
                "referencia": "-11.9787321976555, -77.0162658945811",
                "direccion": "AV. CANTO BELLO / JR. LOS EUCALIPTOS",
                "WKT": "POINT Z (-77.015913 -11.978667 0)"
            },
            "geometry": {
                "type": "Point",
                "coordinates": [
                    -77.015913,
                    -11.978667,
                    0.0
                ]
            }
        },
        {
            "type": "Feature",
            "properties": {
                "name": "321",
                "jurisdiccion": "Santa Elizabeth",
                "tipo": "TIPO I",
                "camara": "180",
                "megafono": true,
                "boton": false,
                "referencia": "-11.9786238528354, -77.018460536071",
                "direccion": "JR. OLMOS /REF. FERRETERIA ELECT. FERRETERO",
                "WKT": "POINT Z (-77.018196 -11.978601 0)"
            },
            "geometry": {
                "type": "Point",
                "coordinates": [
                    -77.018196,
                    -11.978601,
                    0.0
                ]
            }
        },
        {
            "type": "Feature",
            "properties": {
                "name": "322",
                "jurisdiccion": "Santa Elizabeth",
                "tipo": "TIPO I",
                "camara": "180",
                "megafono": false,
                "boton": false,
                "referencia": "-11.9683712312384, -76.9971815294162",
                "direccion": "JR. RIO AMAZONAS / JR. RIO SANTA MARIA",
                "WKT": "POINT Z (-76.9969 -11.9684 0)"
            },
            "geometry": {
                "type": "Point",
                "coordinates": [
                    -76.9969,
                    -11.9684,
                    0.0
                ]
            }
        },
        {
            "type": "Feature",
            "properties": {
                "name": "323",
                "jurisdiccion": "Caja de Agua",
                "tipo": "TIPO I",
                "camara": "180",
                "megafono": false,
                "boton": false,
                "referencia": "-12.0195166913328, -77.0154563829104",
                "direccion": "PARQ. LAS FLORES DE JICAMARCA",
                "WKT": "POINT Z (-77.015448 -12.019772 0)"
            },
            "geometry": {
                "type": "Point",
                "coordinates": [
                    -77.015448,
                    -12.019772,
                    0.0
                ]
            }
        },
        {
            "type": "Feature",
            "properties": {
                "name": "324",
                "jurisdiccion": "Canto Rey",
                "tipo": "TIPO I",
                "camara": "180",
                "megafono": false,
                "boton": false,
                "referencia": "-11.969303531285, -76.9900617382377",
                "direccion": "AV. CENTRAL / JR. ANTROPOLOGOS",
                "WKT": "POINT Z (-76.9901 -11.9691 0)"
            },
            "geometry": {
                "type": "Point",
                "coordinates": [
                    -76.9901,
                    -11.9691,
                    0.0
                ]
            }
        },
        {
            "type": "Feature",
            "properties": {
                "name": "325",
                "jurisdiccion": "Santa Elizabeth",
                "tipo": "TIPO I",
                "camara": "180",
                "megafono": false,
                "boton": false,
                "referencia": "-11.9652329829861, -76.9919667060692",
                "direccion": "JR. LOS INGENIEROS / JR. LOS FISICOS",
                "WKT": "POINT Z (-76.9919 -11.9656 0)"
            },
            "geometry": {
                "type": "Point",
                "coordinates": [
                    -76.9919,
                    -11.9656,
                    0.0
                ]
            }
        },
        {
            "type": "Feature",
            "properties": {
                "name": "326",
                "jurisdiccion": "Santa Elizabeth",
                "tipo": "TIPO I",
                "camara": "180",
                "megafono": false,
                "boton": false,
                "referencia": "-11.9641353776018, -76.9918863154056",
                "direccion": "JR. VIENA /JR. BURDEOS",
                "WKT": "POINT Z (-76.9916 -11.9641 0)"
            },
            "geometry": {
                "type": "Point",
                "coordinates": [
                    -76.9916,
                    -11.9641,
                    0.0
                ]
            }
        },
        {
            "type": "Feature",
            "properties": {
                "name": "327",
                "jurisdiccion": "Santa Elizabeth",
                "tipo": "TIPO I",
                "camara": "180",
                "megafono": true,
                "boton": false,
                "referencia": "-11.9641125114169, -76.9931000358553",
                "direccion": "JR. LONDRES / JR. RUAN",
                "WKT": "POINT Z (-76.993 -11.9644 0)"
            },
            "geometry": {
                "type": "Point",
                "coordinates": [
                    -76.993,
                    -11.9644,
                    0.0
                ]
            }
        },
        {
            "type": "Feature",
            "properties": {
                "name": "328",
                "jurisdiccion": "Canto Rey",
                "tipo": "TIPO II",
                "camara": "360",
                "megafono": true,
                "boton": true,
                "referencia": "",
                "direccion": "AV. FERNADO WIESSE / AV. SANTA ROSA DE LIMA",
                "WKT": "POINT Z (-76.9938 -11.9688 0)"
            },
            "geometry": {
                "type": "Point",
                "coordinates": [
                    -76.9938,
                    -11.9688,
                    0.0
                ]
            }
        },
        {
            "type": "Feature",
            "properties": {
                "name": "329",
                "jurisdiccion": "Santa Elizabeth",
                "tipo": "TIPO I",
                "camara": "180",
                "megafono": true,
                "boton": true,
                "referencia": "-11.9623702996833, -76.9983236721405",
                "direccion": "JR. AMGUNDA /JR. JENA",
                "WKT": "POINT Z (-76.9984 -11.9625 0)"
            },
            "geometry": {
                "type": "Point",
                "coordinates": [
                    -76.9984,
                    -11.9625,
                    0.0
                ]
            }
        },
        {
            "type": "Feature",
            "properties": {
                "name": "330",
                "jurisdiccion": "Bayovar",
                "tipo": "TIPO I",
                "camara": "180",
                "megafono": false,
                "boton": false,
                "referencia": "-11.9613194411106, -76.9924252986719",
                "direccion": "AV. REPUBLICA DE POLONIA / JR. ROMA",
                "WKT": "POINT Z (-76.992 -11.9613 0)"
            },
            "geometry": {
                "type": "Point",
                "coordinates": [
                    -76.992,
                    -11.9613,
                    0.0
                ]
            }
        },
        {
            "type": "Feature",
            "properties": {
                "name": "331",
                "jurisdiccion": "Santa Elizabeth",
                "tipo": "TIPO I",
                "camara": "180",
                "megafono": false,
                "boton": false,
                "referencia": "-11.9594234586071, -76.9948526003146",
                "direccion": "JR. GLASGOW / REF. IE FE Y ALEGRIA 26",
                "WKT": "POINT Z (-76.995 -11.9595 0)"
            },
            "geometry": {
                "type": "Point",
                "coordinates": [
                    -76.995,
                    -11.9595,
                    0.0
                ]
            }
        },
        {
            "type": "Feature",
            "properties": {
                "name": "332",
                "jurisdiccion": "Santa Elizabeth",
                "tipo": "TIPO I",
                "camara": "180",
                "megafono": false,
                "boton": false,
                "referencia": "-11.9817331411315, -77.0175590779476",
                "direccion": "JR. NEVADO DE SARA SARA/ JR. NEVADO COROPUNA",
                "WKT": "POINT Z (-77.017448 -11.982119 0)"
            },
            "geometry": {
                "type": "Point",
                "coordinates": [
                    -77.017448,
                    -11.982119,
                    0.0
                ]
            }
        },
        {
            "type": "Feature",
            "properties": {
                "name": "333",
                "jurisdiccion": "Santa Elizabeth",
                "tipo": "TIPO I",
                "camara": "180",
                "megafono": true,
                "boton": true,
                "referencia": "-11.9742482230982, -77.0123438071425",
                "direccion": "C. LOS NOGALES / C. EDUADO DE LA PINELLA",
                "WKT": "POINT Z (-77.011802 -11.974132 0)"
            },
            "geometry": {
                "type": "Point",
                "coordinates": [
                    -77.011802,
                    -11.974132,
                    0.0
                ]
            }
        },
        {
            "type": "Feature",
            "properties": {
                "name": "334",
                "jurisdiccion": "Santa Elizabeth",
                "tipo": "TIPO I",
                "camara": "180",
                "megafono": false,
                "boton": false,
                "referencia": "-11.987075489763, -77.0165819553089",
                "direccion": "JR. FERNADO DE ARAGON / REF. CAPILLA CRISTO REY",
                "WKT": "POINT Z (-77.016784 -11.987327 0)"
            },
            "geometry": {
                "type": "Point",
                "coordinates": [
                    -77.016784,
                    -11.987327,
                    0.0
                ]
            }
        },
        {
            "type": "Feature",
            "properties": {
                "name": "335",
                "jurisdiccion": "Santa Elizabeth",
                "tipo": "TIPO I",
                "camara": "180",
                "megafono": false,
                "boton": false,
                "referencia": "-11.9853449787402, -77.0176288291182",
                "direccion": "JR. CARLOS II / ASOC. AYACUCHO PARQ. NÂ° 3Â ",
                "WKT": "POINT Z (-77.017407 -11.98546 0)"
            },
            "geometry": {
                "type": "Point",
                "coordinates": [
                    -77.017407,
                    -11.98546,
                    0.0
                ]
            }
        },
        {
            "type": "Feature",
            "properties": {
                "name": "336",
                "jurisdiccion": "Santa Elizabeth",
                "tipo": "TIPO II",
                "camara": "360",
                "megafono": true,
                "boton": true,
                "referencia": "",
                "direccion": "AV. CANTO GRANDE / JR. GAMINEDES",
                "WKT": "POINT Z (-77.015547 -11.985735 0)"
            },
            "geometry": {
                "type": "Point",
                "coordinates": [
                    -77.015547,
                    -11.985735,
                    0.0
                ]
            }
        },
        {
            "type": "Feature",
            "properties": {
                "name": "337",
                "jurisdiccion": "Santa Elizabeth",
                "tipo": "TIPO I",
                "camara": "180",
                "megafono": false,
                "boton": false,
                "referencia": "-11.9758950278366, -77.0199494628474",
                "direccion": "JR. CANTO BELLO / REF. BODEGA CAMILA",
                "WKT": "POINT Z (-77.019779 -11.976295 0)"
            },
            "geometry": {
                "type": "Point",
                "coordinates": [
                    -77.019779,
                    -11.976295,
                    0.0
                ]
            }
        },
        {
            "type": "Feature",
            "properties": {
                "name": "338",
                "jurisdiccion": "Santa Elizabeth",
                "tipo": "TIPO I",
                "camara": "180",
                "megafono": false,
                "boton": false,
                "referencia": "-11.9868306840594, -77.0198184719582",
                "direccion": "AV. PRINCIPAL / JR.EMILIO CASTEALAR",
                "WKT": "POINT Z (-77.019541 -11.987 0)"
            },
            "geometry": {
                "type": "Point",
                "coordinates": [
                    -77.019541,
                    -11.987,
                    0.0
                ]
            }
        },
        {
            "type": "Feature",
            "properties": {
                "name": "339",
                "jurisdiccion": "Santa Elizabeth",
                "tipo": "TIPO I",
                "camara": "180",
                "megafono": false,
                "boton": false,
                "referencia": "-11.9761364825343, -77.0137723649404",
                "direccion": "AV. LOS ECUCALIPTOS / PJE. LOS AMANCAES",
                "WKT": "POINT Z (-77.014377 -11.976248 0)"
            },
            "geometry": {
                "type": "Point",
                "coordinates": [
                    -77.014377,
                    -11.976248,
                    0.0
                ]
            }
        },
        {
            "type": "Feature",
            "properties": {
                "name": "340",
                "jurisdiccion": "Santa Elizabeth",
                "tipo": "TIPO I",
                "camara": "180",
                "megafono": false,
                "boton": false,
                "referencia": "-11.9779599766663, -77.0127943992275",
                "direccion": "JR. LIMA /PJE. LOS AMANCAES",
                "WKT": "POINT Z (-77.013183 -11.978084 0)"
            },
            "geometry": {
                "type": "Point",
                "coordinates": [
                    -77.013183,
                    -11.978084,
                    0.0
                ]
            }
        },
        {
            "type": "Feature",
            "properties": {
                "name": "341",
                "jurisdiccion": "Santa Elizabeth",
                "tipo": "TIPO I",
                "camara": "180",
                "megafono": false,
                "boton": false,
                "referencia": "-11.9663423601391, -77.0103438694281",
                "direccion": "AV. JOSE CARLOS MAREATEGUI / C. CHICLAYO",
                "WKT": "POINT Z (-77.0102 -11.9668 0)"
            },
            "geometry": {
                "type": "Point",
                "coordinates": [
                    -77.0102,
                    -11.9668,
                    0.0
                ]
            }
        },
        {
            "type": "Feature",
            "properties": {
                "name": "342",
                "jurisdiccion": "Santa Elizabeth",
                "tipo": "TIPO I",
                "camara": "180",
                "megafono": false,
                "boton": false,
                "referencia": "-11.961643287865, -77.0024586263828",
                "direccion": "JR. VILLA HERMOSA / JR. AYABACA",
                "WKT": "POINT Z (-77.0025 -11.9619 0)"
            },
            "geometry": {
                "type": "Point",
                "coordinates": [
                    -77.0025,
                    -11.9619,
                    0.0
                ]
            }
        },
        {
            "type": "Feature",
            "properties": {
                "name": "343",
                "jurisdiccion": "Santa Elizabeth",
                "tipo": "TIPO I",
                "camara": "180",
                "megafono": true,
                "boton": true,
                "referencia": "-11.9645087706125, -77.004909766123",
                "direccion": "PJE. HUAMANGA /Â  REF. MERCADO VILLA HERMOSA",
                "WKT": "POINT Z (-77.0042 -11.9645 0)"
            },
            "geometry": {
                "type": "Point",
                "coordinates": [
                    -77.0042,
                    -11.9645,
                    0.0
                ]
            }
        },
        {
            "type": "Feature",
            "properties": {
                "name": "344",
                "jurisdiccion": "Bayovar",
                "tipo": "TIPO I",
                "camara": "180",
                "megafono": false,
                "boton": false,
                "referencia": "-11.9566327257131, -76.9929354605883",
                "direccion": "JR. ROTHERDAM / JR. SALAMANCA",
                "WKT": "POINT Z (-76.9932 -11.957 0)"
            },
            "geometry": {
                "type": "Point",
                "coordinates": [
                    -76.9932,
                    -11.957,
                    0.0
                ]
            }
        },
        {
            "type": "Feature",
            "properties": {
                "name": "345",
                "jurisdiccion": "Mariscal Caceres",
                "tipo": "TIPO I",
                "camara": "180",
                "megafono": false,
                "boton": false,
                "referencia": "-11.9571852462487, -76.9816938339019",
                "direccion": "JR. ALFONSO UGARTE / REF. LOSA DEPORTIVA MZ D - MARISCAL CACERES",
                "WKT": "POINT Z (-76.981595 -11.95782 0)"
            },
            "geometry": {
                "type": "Point",
                "coordinates": [
                    -76.981595,
                    -11.95782,
                    0.0
                ]
            }
        },
        {
            "type": "Feature",
            "properties": {
                "name": "346",
                "jurisdiccion": "Santa Elizabeth",
                "tipo": "TIPO I",
                "camara": "180",
                "megafono": false,
                "boton": false,
                "referencia": "-11.9762326082347, -77.0075792091458",
                "direccion": "AV. DEL PARQUE / JR. SIMON BOLIVAR",
                "WKT": "POINT Z (-77.006899 -11.975922 0)"
            },
            "geometry": {
                "type": "Point",
                "coordinates": [
                    -77.006899,
                    -11.975922,
                    0.0
                ]
            }
        },
        {
            "type": "Feature",
            "properties": {
                "name": "347",
                "jurisdiccion": "Santa Elizabeth",
                "tipo": "TIPO I",
                "camara": "180",
                "megafono": false,
                "boton": false,
                "referencia": "-11.9800641695512, -77.0152535431055",
                "direccion": "JR. LOS OLMOS / C. LOS NOGALES",
                "WKT": "POINT Z (-77.015618 -11.980167 0)"
            },
            "geometry": {
                "type": "Point",
                "coordinates": [
                    -77.015618,
                    -11.980167,
                    0.0
                ]
            }
        },
        {
            "type": "Feature",
            "properties": {
                "name": "348",
                "jurisdiccion": "Santa Elizabeth",
                "tipo": "TIPO I",
                "camara": "180",
                "megafono": false,
                "boton": false,
                "referencia": "-11.9862118555793, -77.0084577116625",
                "direccion": "JR. JUPITER / JR. LAS NEBULOSAS",
                "WKT": "POINT Z (-77.008094 -11.985851 0)"
            },
            "geometry": {
                "type": "Point",
                "coordinates": [
                    -77.008094,
                    -11.985851,
                    0.0
                ]
            }
        },
        {
            "type": "Feature",
            "properties": {
                "name": "349",
                "jurisdiccion": "Santa Elizabeth",
                "tipo": "TIPO I",
                "camara": "180",
                "megafono": false,
                "boton": false,
                "referencia": "-11.954684486944, -77.0039228952943",
                "direccion": "AV. RIO GRANDE /Â  REF. PARADERO 11 HUASCAR",
                "WKT": "POINT Z (-77.0041 -11.9548 0)"
            },
            "geometry": {
                "type": "Point",
                "coordinates": [
                    -77.0041,
                    -11.9548,
                    0.0
                ]
            }
        },
        {
            "type": "Feature",
            "properties": {
                "name": "350",
                "jurisdiccion": "Santa Elizabeth",
                "tipo": "TIPO I",
                "camara": "180",
                "megafono": false,
                "boton": false,
                "referencia": "-11.9699541096835, -77.0078959297098",
                "direccion": "JR. ATAHUALPA / JR. LANGUI",
                "WKT": "POINT Z (-77.008029 -11.969552 0)"
            },
            "geometry": {
                "type": "Point",
                "coordinates": [
                    -77.008029,
                    -11.969552,
                    0.0
                ]
            }
        },
        {
            "type": "Feature",
            "properties": {
                "name": "351",
                "jurisdiccion": "Bayovar",
                "tipo": "TIPO I",
                "camara": "180",
                "megafono": false,
                "boton": false,
                "referencia": "-11.9541116673521, -76.9972245794282",
                "direccion": "JR. DUBLIN / REF. PARQUE FATIMA",
                "WKT": "POINT Z (-76.9969 -11.9542 0)"
            },
            "geometry": {
                "type": "Point",
                "coordinates": [
                    -76.9969,
                    -11.9542,
                    0.0
                ]
            }
        },
        {
            "type": "Feature",
            "properties": {
                "name": "352",
                "jurisdiccion": "Canto Rey",
                "tipo": "TIPO I",
                "camara": "180",
                "megafono": true,
                "boton": false,
                "referencia": "-11.963120656309, -76.9828357416648",
                "direccion": "JR. DIPLOMATICOS / JR. NAVEGANTES",
                "WKT": "POINT Z (-76.9832 -11.9631 0)"
            },
            "geometry": {
                "type": "Point",
                "coordinates": [
                    -76.9832,
                    -11.9631,
                    0.0
                ]
            }
        },
        {
            "type": "Feature",
            "properties": {
                "name": "353",
                "jurisdiccion": "Canto Rey",
                "tipo": "TIPO I",
                "camara": "180",
                "megafono": false,
                "boton": false,
                "referencia": "-11.965067628896, -76.9756537228413",
                "direccion": "AV. BAYOVAR / REF. MERCADO SANTA MARIA",
                "WKT": "POINT Z (-76.975313 -11.96524 0)"
            },
            "geometry": {
                "type": "Point",
                "coordinates": [
                    -76.975313,
                    -11.96524,
                    0.0
                ]
            }
        },
        {
            "type": "Feature",
            "properties": {
                "name": "354",
                "jurisdiccion": "Canto Rey",
                "tipo": "TIPO I",
                "camara": "180",
                "megafono": false,
                "boton": false,
                "referencia": "-11.9681940355688, -76.9875144927435",
                "direccion": "AV. CIRCUNVALACIÓN / JR. DALLAS",
                "WKT": "POINT Z (-76.986982 -11.968197 0)"
            },
            "geometry": {
                "type": "Point",
                "coordinates": [
                    -76.986982,
                    -11.968197,
                    0.0
                ]
            }
        },
        {
            "type": "Feature",
            "properties": {
                "name": "355",
                "jurisdiccion": "Canto Rey",
                "tipo": "TIPO I",
                "camara": "180",
                "megafono": false,
                "boton": false,
                "referencia": "-11.9799644294104, -76.9840281533125",
                "direccion": "JR. GRANADOS / C.16",
                "WKT": "POINT Z (-76.98419 -11.98013 0)"
            },
            "geometry": {
                "type": "Point",
                "coordinates": [
                    -76.98419,
                    -11.98013,
                    0.0
                ]
            }
        },
        {
            "type": "Feature",
            "properties": {
                "name": "356",
                "jurisdiccion": "Santa Elizabeth",
                "tipo": "TIPO II",
                "camara": "360",
                "megafono": true,
                "boton": true,
                "referencia": "",
                "direccion": "AV. FERNANDO WIESSE / ESTACIÓN SAN MARTIN",
                "WKT": "POINT Z (-77.000436 -11.974788 0)"
            },
            "geometry": {
                "type": "Point",
                "coordinates": [
                    -77.000436,
                    -11.974788,
                    0.0
                ]
            }
        },
        {
            "type": "Feature",
            "properties": {
                "name": "357",
                "jurisdiccion": "Canto Rey",
                "tipo": "TIPO I",
                "camara": "180",
                "megafono": false,
                "boton": false,
                "referencia": "-11.9734246873491, -76.9977125680191",
                "direccion": "AV. FERNANDO WIESSE / JR. CONDEBAMBA",
                "WKT": "POINT Z (-76.998065 -11.973367 0)"
            },
            "geometry": {
                "type": "Point",
                "coordinates": [
                    -76.998065,
                    -11.973367,
                    0.0
                ]
            }
        },
        {
            "type": "Feature",
            "properties": {
                "name": "358",
                "jurisdiccion": "Santa Elizabeth",
                "tipo": "TIPO I",
                "camara": "180",
                "megafono": false,
                "boton": false,
                "referencia": "-11.9541951873653, -77.0019648636209",
                "direccion": "AV. TULIPANES / JR. RIO DANUBIO",
                "WKT": "POINT Z (-77.0017 -11.9546 0)"
            },
            "geometry": {
                "type": "Point",
                "coordinates": [
                    -77.0017,
                    -11.9546,
                    0.0
                ]
            }
        },
        {
            "type": "Feature",
            "properties": {
                "name": "359",
                "jurisdiccion": "Santa Elizabeth",
                "tipo": "TIPO I",
                "camara": "180",
                "megafono": false,
                "boton": false,
                "referencia": "-11.9599539690556, -77.004794134128",
                "direccion": "AV. 20 DE NERO / JR. LIBERACIÓN",
                "WKT": "POINT Z (-77.0044 -11.96 0)"
            },
            "geometry": {
                "type": "Point",
                "coordinates": [
                    -77.0044,
                    -11.96,
                    0.0
                ]
            }
        },
        {
            "type": "Feature",
            "properties": {
                "name": "360",
                "jurisdiccion": "Canto Rey",
                "tipo": "TIPO I",
                "camara": "180",
                "megafono": true,
                "boton": false,
                "referencia": "-11.9757533272177, -77.002286456716",
                "direccion": "AV. FERNANDO WIESSE / JR. RIO HUALLAGA",
                "WKT": "POINT Z (-77.001513 -11.975916 0)"
            },
            "geometry": {
                "type": "Point",
                "coordinates": [
                    -77.001513,
                    -11.975916,
                    0.0
                ]
            }
        },
        {
            "type": "Feature",
            "properties": {
                "name": "361",
                "jurisdiccion": "Santa Elizabeth",
                "tipo": "TIPO I",
                "camara": "180",
                "megafono": false,
                "boton": false,
                "referencia": "-11.9736801527841, -77.0140088032961",
                "direccion": "JR. UCAYALI / REF. CAMPO DEPORTIVO TERRAZAS",
                "WKT": "POINT Z (-77.013951 -11.97329 0)"
            },
            "geometry": {
                "type": "Point",
                "coordinates": [
                    -77.013951,
                    -11.97329,
                    0.0
                ]
            }
        },
        {
            "type": "Feature",
            "properties": {
                "name": "362",
                "jurisdiccion": "Canto Rey",
                "tipo": "TIPO I",
                "camara": "180",
                "megafono": true,
                "boton": false,
                "referencia": "-11.9782806241383, -77.0043361804526",
                "direccion": "AV. FERNANDO WIESSE / AV. DEL PARQUE",
                "WKT": "POINT Z (-77.003762 -11.978125 0)"
            },
            "geometry": {
                "type": "Point",
                "coordinates": [
                    -77.003762,
                    -11.978125,
                    0.0
                ]
            }
        },
        {
            "type": "Feature",
            "properties": {
                "name": "363",
                "jurisdiccion": "Canto Rey",
                "tipo": "TIPO II",
                "camara": "360",
                "megafono": true,
                "boton": true,
                "referencia": "",
                "direccion": "AV. DEL PARQUE / JR. RIO UCAYALI",
                "WKT": "POINT Z (-77.001599 -11.979691 0)"
            },
            "geometry": {
                "type": "Point",
                "coordinates": [
                    -77.001599,
                    -11.979691,
                    0.0
                ]
            }
        },
        {
            "type": "Feature",
            "properties": {
                "name": "364",
                "jurisdiccion": "Canto Rey",
                "tipo": "TIPO I",
                "camara": "180",
                "megafono": false,
                "boton": false,
                "referencia": "-11.9746118646292, -76.9912665081653",
                "direccion": "AV. SANTA ROSA DE LIMA / C. LA ERMITA",
                "WKT": "POINT Z (-76.991541 -11.974977 0)"
            },
            "geometry": {
                "type": "Point",
                "coordinates": [
                    -76.991541,
                    -11.974977,
                    0.0
                ]
            }
        },
        {
            "type": "Feature",
            "properties": {
                "name": "365",
                "jurisdiccion": "Canto Rey",
                "tipo": "TIPO I",
                "camara": "180",
                "megafono": false,
                "boton": false,
                "referencia": "-11.9736303645878, -76.9923780165055",
                "direccion": "JR. EL MILAGRO / C. EL COLLAR",
                "WKT": "POINT Z (-76.992522 -11.974051 0)"
            },
            "geometry": {
                "type": "Point",
                "coordinates": [
                    -76.992522,
                    -11.974051,
                    0.0
                ]
            }
        },
        {
            "type": "Feature",
            "properties": {
                "name": "366",
                "jurisdiccion": "Canto Rey",
                "tipo": "TIPO II",
                "camara": "360",
                "megafono": true,
                "boton": true,
                "referencia": "",
                "direccion": "AV. FERNADO WIESSE /AV. CANTO GRANDE",
                "WKT": "POINT Z (-77.00014 -11.975048 0)"
            },
            "geometry": {
                "type": "Point",
                "coordinates": [
                    -77.00014,
                    -11.975048,
                    0.0
                ]
            }
        },
        {
            "type": "Feature",
            "properties": {
                "name": "367",
                "jurisdiccion": "Canto Rey",
                "tipo": "TIPO I",
                "camara": "180",
                "megafono": false,
                "boton": false,
                "referencia": "-11.9764001943078, -77.0008202870105",
                "direccion": "JR. RIO HUALLAGAÂ  / JR. RIO ICA",
                "WKT": "POINT Z (-77.000846 -11.976836 0)"
            },
            "geometry": {
                "type": "Point",
                "coordinates": [
                    -77.000846,
                    -11.976836,
                    0.0
                ]
            }
        },
        {
            "type": "Feature",
            "properties": {
                "name": "368",
                "jurisdiccion": "Santa Elizabeth",
                "tipo": "TIPO I",
                "camara": "180",
                "megafono": false,
                "boton": false,
                "referencia": "-11.9644210107757, -77.0135995435008",
                "direccion": "C. HUALLAGA / LOSA DE BELEN HUASCAR",
                "WKT": "POINT Z (-77.013872 -11.964448 0)"
            },
            "geometry": {
                "type": "Point",
                "coordinates": [
                    -77.013872,
                    -11.964448,
                    0.0
                ]
            }
        },
        {
            "type": "Feature",
            "properties": {
                "name": "369",
                "jurisdiccion": "Canto Rey",
                "tipo": "TIPO I",
                "camara": "180",
                "megafono": false,
                "boton": false,
                "referencia": "-11.9750513081867, -76.9868988090973",
                "direccion": "AV. A / REF. PARQ. EL COMETA",
                "WKT": "POINT Z (-76.9872 -11.9749 0)"
            },
            "geometry": {
                "type": "Point",
                "coordinates": [
                    -76.9872,
                    -11.9749,
                    0.0
                ]
            }
        },
        {
            "type": "Feature",
            "properties": {
                "name": "370",
                "jurisdiccion": "Canto Rey",
                "tipo": "TIPO I",
                "camara": "180",
                "megafono": false,
                "boton": false,
                "referencia": "-11.9723001785909, -76.994533536673",
                "direccion": "JR. EL ROSARIO/ JR. LA PILA",
                "WKT": "POINT Z (-76.9946 -11.9728 0)"
            },
            "geometry": {
                "type": "Point",
                "coordinates": [
                    -76.9946,
                    -11.9728,
                    0.0
                ]
            }
        },
        {
            "type": "Feature",
            "properties": {
                "name": "371",
                "jurisdiccion": "Canto Rey",
                "tipo": "TIPO I",
                "camara": "180",
                "megafono": false,
                "boton": false,
                "referencia": "-11.9673265185327, -76.9844846623363",
                "direccion": "AV. CIRCUNVALACIÓN /JR. DALLAS",
                "WKT": "POINT Z (-76.984525 -11.967148 0)"
            },
            "geometry": {
                "type": "Point",
                "coordinates": [
                    -76.984525,
                    -11.967148,
                    0.0
                ]
            }
        },
        {
            "type": "Feature",
            "properties": {
                "name": "372",
                "jurisdiccion": "Canto Rey",
                "tipo": "TIPO I",
                "camara": "180",
                "megafono": false,
                "boton": false,
                "referencia": "-11.9721693766765, -76.9903272898944",
                "direccion": "JR. 18 DE FEBRERO / C.13",
                "WKT": "POINT Z (-76.99045255131112 -11.972508005667876 0)"
            },
            "geometry": {
                "type": "Point",
                "coordinates": [
                    -76.9904526,
                    -11.972508,
                    0.0
                ]
            }
        },
        {
            "type": "Feature",
            "properties": {
                "name": "373",
                "jurisdiccion": "Santa Elizabeth",
                "tipo": "TIPO I",
                "camara": "180",
                "megafono": false,
                "boton": false,
                "referencia": "-11.9634492606559, -77.0061959441722",
                "direccion": "PARQUE DEL PUEBLO",
                "WKT": "POINT Z (-77.0063 -11.9633 0)"
            },
            "geometry": {
                "type": "Point",
                "coordinates": [
                    -77.0063,
                    -11.9633,
                    0.0
                ]
            }
        },
        {
            "type": "Feature",
            "properties": {
                "name": "374",
                "jurisdiccion": "Canto Rey",
                "tipo": "TIPO I",
                "camara": "180",
                "megafono": true,
                "boton": false,
                "referencia": "-11.9754630979225, -76.989317108452",
                "direccion": "C. 13 / C. 7 - REF. IGLESIA PIEDRA LIZA(AEMINPU)",
                "WKT": "POINT Z (-76.989 -11.9754 0)"
            },
            "geometry": {
                "type": "Point",
                "coordinates": [
                    -76.989,
                    -11.9754,
                    0.0
                ]
            }
        },
        {
            "type": "Feature",
            "properties": {
                "name": "375",
                "jurisdiccion": "Canto Rey",
                "tipo": "TIPO I",
                "camara": "180",
                "megafono": false,
                "boton": false,
                "referencia": "-11.9820052991369, -76.9957293896099",
                "direccion": "AV. LOS BAMBUES /Â  JR.CEDRONES",
                "WKT": "POINT Z (-76.995809 -11.981626 0)"
            },
            "geometry": {
                "type": "Point",
                "coordinates": [
                    -76.995809,
                    -11.981626,
                    0.0
                ]
            }
        },
        {
            "type": "Feature",
            "properties": {
                "name": "376",
                "jurisdiccion": "Canto Rey",
                "tipo": "TIPO I",
                "camara": "180",
                "megafono": false,
                "boton": false,
                "referencia": "-11.9803892096915, -77.0033800304184",
                "direccion": "AV. EL BOSQUE / REF. PANADERIA CALY",
                "WKT": "POINT Z (-77.003054 -11.980327 0)"
            },
            "geometry": {
                "type": "Point",
                "coordinates": [
                    -77.003054,
                    -11.980327,
                    0.0
                ]
            }
        },
        {
            "type": "Feature",
            "properties": {
                "name": "377",
                "jurisdiccion": "Canto Rey",
                "tipo": "TIPO I",
                "camara": "180",
                "megafono": true,
                "boton": false,
                "referencia": "-11.9810074155294, -76.9811033450707",
                "direccion": "AV. SAN MARTIN /C. 23",
                "WKT": "POINT Z (-76.980873 -11.981222 0)"
            },
            "geometry": {
                "type": "Point",
                "coordinates": [
                    -76.980873,
                    -11.981222,
                    0.0
                ]
            }
        },
        {
            "type": "Feature",
            "properties": {
                "name": "378",
                "jurisdiccion": "Canto Rey",
                "tipo": "TIPO I",
                "camara": "180",
                "megafono": false,
                "boton": false,
                "referencia": "-11.9802729142502, -76.9880116990691",
                "direccion": "JR. LOS GRANADOS/ C.16 - PARQ. CENTRALÂ  JUAN PABLO II",
                "WKT": "POINT Z (-76.987737 -11.98022 0)"
            },
            "geometry": {
                "type": "Point",
                "coordinates": [
                    -76.987737,
                    -11.98022,
                    0.0
                ]
            }
        },
        {
            "type": "Feature",
            "properties": {
                "name": "379",
                "jurisdiccion": "Canto Rey",
                "tipo": "TIPO I",
                "camara": "180",
                "megafono": false,
                "boton": false,
                "referencia": "-11.9791594180558, -76.9995104942782",
                "direccion": "JR. RIO HUALLAGA / JR. RIO CHINCHA",
                "WKT": "POINT Z (-76.999167 -11.979239 0)"
            },
            "geometry": {
                "type": "Point",
                "coordinates": [
                    -76.999167,
                    -11.979239,
                    0.0
                ]
            }
        },
        {
            "type": "Feature",
            "properties": {
                "name": "380",
                "jurisdiccion": "Santa Elizabeth",
                "tipo": "TIPO I",
                "camara": "180",
                "megafono": false,
                "boton": false,
                "referencia": "-11.9747648575152, -77.0038671666588",
                "direccion": "JR. JOSE GALVEZ / JR. BERNARDO ALCEDO",
                "WKT": "POINT Z (-77.004181 -11.974729 0)"
            },
            "geometry": {
                "type": "Point",
                "coordinates": [
                    -77.004181,
                    -11.974729,
                    0.0
                ]
            }
        },
        {
            "type": "Feature",
            "properties": {
                "name": "381",
                "jurisdiccion": "Canto Rey",
                "tipo": "TIPO I",
                "camara": "180",
                "megafono": false,
                "boton": false,
                "referencia": "-11.9642605413847, -76.9882800602618",
                "direccion": "JR. FILOSOFOS / JR. ESCRITORES",
                "WKT": "POINT Z (-76.9882 -11.964 0)"
            },
            "geometry": {
                "type": "Point",
                "coordinates": [
                    -76.9882,
                    -11.964,
                    0.0
                ]
            }
        },
        {
            "type": "Feature",
            "properties": {
                "name": "382",
                "jurisdiccion": "Canto Rey",
                "tipo": "TIPO I",
                "camara": "180",
                "megafono": false,
                "boton": false,
                "referencia": "-11.9656500607484, -76.9899526058269",
                "direccion": "JR. LOS INGENIEROS / JR. LOS FISICOS",
                "WKT": "POINT Z (-76.99011 -11.96535 0)"
            },
            "geometry": {
                "type": "Point",
                "coordinates": [
                    -76.99011,
                    -11.96535,
                    0.0
                ]
            }
        },
        {
            "type": "Feature",
            "properties": {
                "name": "383",
                "jurisdiccion": "Canto Rey",
                "tipo": "TIPO I",
                "camara": "180",
                "megafono": true,
                "boton": false,
                "referencia": "-11.9657059456811, -76.9716585155074",
                "direccion": "AV. BAYOVAR / AV. LA PRIMERA",
                "WKT": "POINT Z (-76.972 -11.9658 0)"
            },
            "geometry": {
                "type": "Point",
                "coordinates": [
                    -76.972,
                    -11.9658,
                    0.0
                ]
            }
        },
        {
            "type": "Feature",
            "properties": {
                "name": "384",
                "jurisdiccion": "Canto Rey",
                "tipo": "TIPO I",
                "camara": "180",
                "megafono": true,
                "boton": false,
                "referencia": "-11.9681026376501, -76.9883813613823",
                "direccion": "JR. LOS AMGISTRADO / JR. LOS AUDITORES",
                "WKT": "POINT Z (-76.9886 -11.9681 0)"
            },
            "geometry": {
                "type": "Point",
                "coordinates": [
                    -76.9886,
                    -11.9681,
                    0.0
                ]
            }
        },
        {
            "type": "Feature",
            "properties": {
                "name": "385",
                "jurisdiccion": "Canto Rey",
                "tipo": "TIPO I",
                "camara": "180",
                "megafono": false,
                "boton": false,
                "referencia": "-11.9681133461542, -76.9924075901445",
                "direccion": "JR. LOS INGENIEROS / JR. LOS SOCIOLOGOS",
                "WKT": "POINT Z (-76.992131 -11.968115 0)"
            },
            "geometry": {
                "type": "Point",
                "coordinates": [
                    -76.992131,
                    -11.968115,
                    0.0
                ]
            }
        },
        {
            "type": "Feature",
            "properties": {
                "name": "386",
                "jurisdiccion": "Santa Elizabeth",
                "tipo": "TIPO I",
                "camara": "180",
                "megafono": false,
                "boton": false,
                "referencia": "-11.9663410853964, -76.9941566738091",
                "direccion": "JR. RIO PATIVILCA / JR. RIO SUCHES",
                "WKT": "POINT Z (-76.994545 -11.966452 0)"
            },
            "geometry": {
                "type": "Point",
                "coordinates": [
                    -76.994545,
                    -11.966452,
                    0.0
                ]
            }
        },
        {
            "type": "Feature",
            "properties": {
                "name": "387",
                "jurisdiccion": "Santa Elizabeth",
                "tipo": "TIPO I",
                "camara": "180",
                "megafono": true,
                "boton": true,
                "referencia": "-11.9573426107714, -77.0072865355863",
                "direccion": "LOSA DEPORTIVA GRUPO 12 HUASCAR",
                "WKT": "POINT Z (-77.00766 -11.957549 0)"
            },
            "geometry": {
                "type": "Point",
                "coordinates": [
                    -77.00766,
                    -11.957549,
                    0.0
                ]
            }
        },
        {
            "type": "Feature",
            "properties": {
                "name": "388",
                "jurisdiccion": "Canto Rey",
                "tipo": "TIPO I",
                "camara": "180",
                "megafono": false,
                "boton": false,
                "referencia": "-11.9647267841477, -76.9842058941109",
                "direccion": "AV. CIRCUNVALACIÓN / C. LAS CAMELIAS",
                "WKT": "POINT Z (-76.98422555530514 -11.964455688802653 0)"
            },
            "geometry": {
                "type": "Point",
                "coordinates": [
                    -76.9842256,
                    -11.9644557,
                    0.0
                ]
            }
        },
        {
            "type": "Feature",
            "properties": {
                "name": "389",
                "jurisdiccion": "Canto Rey",
                "tipo": "TIPO I",
                "camara": "180",
                "megafono": false,
                "boton": false,
                "referencia": "-11.9707728085114, -76.9937228176702",
                "direccion": "JR. EL HABITO / C. E COLLAR",
                "WKT": "POINT Z (-76.994 -11.9708 0)"
            },
            "geometry": {
                "type": "Point",
                "coordinates": [
                    -76.994,
                    -11.9708,
                    0.0
                ]
            }
        },
        {
            "type": "Feature",
            "properties": {
                "name": "391",
                "jurisdiccion": "Santa Elizabeth",
                "tipo": "TIPO I",
                "camara": "180",
                "megafono": true,
                "boton": false,
                "referencia": "-11.9822709690294, -77.0151588937096",
                "direccion": "JR. NEVADO SARA SARA / JR. NEVADO COROPUNA",
                "WKT": "POINT Z (-77.015252 -11.981959 0)"
            },
            "geometry": {
                "type": "Point",
                "coordinates": [
                    -77.015252,
                    -11.981959,
                    0.0
                ]
            }
        },
        {
            "type": "Feature",
            "properties": {
                "name": "392",
                "jurisdiccion": "Santa Elizabeth",
                "tipo": "TIPO I",
                "camara": "180",
                "megafono": false,
                "boton": false,
                "referencia": "-11.9848594520556, -77.0121063208728",
                "direccion": "JR. URANO / JR. JUPITER",
                "WKT": "POINT Z (-77.012323 -11.985197 0)"
            },
            "geometry": {
                "type": "Point",
                "coordinates": [
                    -77.012323,
                    -11.985197,
                    0.0
                ]
            }
        },
        {
            "type": "Feature",
            "properties": {
                "name": "393",
                "jurisdiccion": "Santa Elizabeth",
                "tipo": "TIPO I",
                "camara": "180",
                "megafono": false,
                "boton": false,
                "referencia": "-11.9841495892872, -77.0146745044061",
                "direccion": "AV. CANTO GRANDE / JR. PLUTON",
                "WKT": "POINT Z (-77.014264 -11.984207 0)"
            },
            "geometry": {
                "type": "Point",
                "coordinates": [
                    -77.014264,
                    -11.984207,
                    0.0
                ]
            }
        },
        {
            "type": "Feature",
            "properties": {
                "name": "394",
                "jurisdiccion": "Santa Elizabeth",
                "tipo": "TIPO I",
                "camara": "180",
                "megafono": true,
                "boton": false,
                "referencia": "-11.9854770977867, -77.0135801626151",
                "direccion": "JR. ORION / JR. GANIMEDES",
                "WKT": "POINT Z (-77.013688 -11.985732 0)"
            },
            "geometry": {
                "type": "Point",
                "coordinates": [
                    -77.013688,
                    -11.985732,
                    0.0
                ]
            }
        },
        {
            "type": "Feature",
            "properties": {
                "name": "395",
                "jurisdiccion": "Canto Rey",
                "tipo": "TIPO I",
                "camara": "180",
                "megafono": false,
                "boton": false,
                "referencia": "-11.9836503295708, -77.0033616801333",
                "direccion": "AV. LOS CIRUELOS / REF. HOTEL CIRUELOS & ROOFTOP",
                "WKT": "POINT Z (-77.003713 -11.983764 0)"
            },
            "geometry": {
                "type": "Point",
                "coordinates": [
                    -77.003713,
                    -11.983764,
                    0.0
                ]
            }
        },
        {
            "type": "Feature",
            "properties": {
                "name": "396",
                "jurisdiccion": "Canto Rey",
                "tipo": "TIPO I",
                "camara": "180",
                "megafono": false,
                "boton": false,
                "referencia": "-11.9859520124577, -76.9951893320694",
                "direccion": "AV. SANTA ROSA DE LIMA / JR. GERVASIO SANTILLANA",
                "WKT": "POINT Z (-76.99556106724141 -11.98612826210731 0)"
            },
            "geometry": {
                "type": "Point",
                "coordinates": [
                    -76.9955611,
                    -11.9861283,
                    0.0
                ]
            }
        },
        {
            "type": "Feature",
            "properties": {
                "name": "397",
                "jurisdiccion": "Canto Rey",
                "tipo": "TIPO I",
                "camara": "180",
                "megafono": true,
                "boton": false,
                "referencia": "-11.9760449998009, -76.9940318868537",
                "direccion": "AV. SAN MARTIN / AV. LOS CIRUELOS",
                "WKT": "POINT Z (-76.994373 -11.975948 0)"
            },
            "geometry": {
                "type": "Point",
                "coordinates": [
                    -76.994373,
                    -11.975948,
                    0.0
                ]
            }
        },
        {
            "type": "Feature",
            "properties": {
                "name": "398",
                "jurisdiccion": "Canto Rey",
                "tipo": "TIPO I",
                "camara": "180",
                "megafono": false,
                "boton": false,
                "referencia": "-11.976215301003, -76.9968682421795",
                "direccion": "JR. RIO UCAYALI / JR.RIO CHANCAY",
                "WKT": "POINT Z (-76.997346 -11.976128 0)"
            },
            "geometry": {
                "type": "Point",
                "coordinates": [
                    -76.997346,
                    -11.976128,
                    0.0
                ]
            }
        },
        {
            "type": "Feature",
            "properties": {
                "name": "399",
                "jurisdiccion": "Canto Rey",
                "tipo": "TIPO I",
                "camara": "180",
                "megafono": true,
                "boton": true,
                "referencia": "-11.9791339234798, -76.9970944766639",
                "direccion": "AV. LOS CIRUELOS / AV. CANTO REY",
                "WKT": "POINT Z (-76.997083 -11.978856 0)"
            },
            "geometry": {
                "type": "Point",
                "coordinates": [
                    -76.997083,
                    -11.978856,
                    0.0
                ]
            }
        },
        {
            "type": "Feature",
            "properties": {
                "name": "400",
                "jurisdiccion": "Canto Rey",
                "tipo": "TIPO I",
                "camara": "180",
                "megafono": false,
                "boton": false,
                "referencia": "-11.984070617795, -77.0019181621137",
                "direccion": "AV. LOS DURAZNOS / AV. LOS CIRUELOS",
                "WKT": "POINT Z (-77.001852 -11.983829 0)"
            },
            "geometry": {
                "type": "Point",
                "coordinates": [
                    -77.001852,
                    -11.983829,
                    0.0
                ]
            }
        },
        {
            "type": "Feature",
            "properties": {
                "name": "401",
                "jurisdiccion": "Huayrona",
                "tipo": "TIPO I",
                "camara": "180",
                "megafono": false,
                "boton": false,
                "referencia": "-11.9897670724739, -77.0115117743248",
                "direccion": "JR. PELITRES / JR. ZUMANQUES",
                "WKT": "POINT Z (-77.012198 -11.989388 0)"
            },
            "geometry": {
                "type": "Point",
                "coordinates": [
                    -77.012198,
                    -11.989388,
                    0.0
                ]
            }
        },
        {
            "type": "Feature",
            "properties": {
                "name": "402",
                "jurisdiccion": "Huayrona",
                "tipo": "TIPO I",
                "camara": "180",
                "megafono": true,
                "boton": true,
                "referencia": "-11.9899735243766, -77.0126488767334",
                "direccion": "JR. ZUMANQUES / JR. OXALIDAS",
                "WKT": "POINT Z (-77.012817 -11.990279 0)"
            },
            "geometry": {
                "type": "Point",
                "coordinates": [
                    -77.012817,
                    -11.990279,
                    0.0
                ]
            }
        },
        {
            "type": "Feature",
            "properties": {
                "name": "403",
                "jurisdiccion": "Caja de Agua",
                "tipo": "TIPO I",
                "camara": "180",
                "megafono": true,
                "boton": true,
                "referencia": "-12.0189802527076, -77.0110511851461",
                "direccion": "JR. LAS GROSELLAS / JR. JOSE ANTONIO ENCINAS",
                "WKT": "POINT Z (-77.010803 -12.018893 0)"
            },
            "geometry": {
                "type": "Point",
                "coordinates": [
                    -77.010803,
                    -12.018893,
                    0.0
                ]
            }
        },
        {
            "type": "Feature",
            "properties": {
                "name": "404",
                "jurisdiccion": "Huayrona",
                "tipo": "TIPO I",
                "camara": "180",
                "megafono": true,
                "boton": true,
                "referencia": "-11.9923420196044, -77.0145606136001",
                "direccion": "JR. AMELOS / JR. RETAMAS",
                "WKT": "POINT Z (-77.01441 -11.991886 0)"
            },
            "geometry": {
                "type": "Point",
                "coordinates": [
                    -77.01441,
                    -11.991886,
                    0.0
                ]
            }
        },
        {
            "type": "Feature",
            "properties": {
                "name": "405",
                "jurisdiccion": "Santa Elizabeth",
                "tipo": "TIPO I",
                "camara": "180",
                "megafono": false,
                "boton": false,
                "referencia": "-11.9962433065604, -77.0170441999996",
                "direccion": "JR. GERMANIO / JR VANDIO",
                "WKT": "POINT Z (-77.016757 -11.996006 0)"
            },
            "geometry": {
                "type": "Point",
                "coordinates": [
                    -77.016757,
                    -11.996006,
                    0.0
                ]
            }
        },
        {
            "type": "Feature",
            "properties": {
                "name": "406",
                "jurisdiccion": "Santa Elizabeth",
                "tipo": "TIPO I",
                "camara": "180",
                "megafono": false,
                "boton": false,
                "referencia": "-11.9985464778688, -77.0174939592445",
                "direccion": "AV. CANTO GRANDE / JR. ESCANDIO",
                "WKT": "POINT Z (-77.017586 -11.998345 0)"
            },
            "geometry": {
                "type": "Point",
                "coordinates": [
                    -77.017454,
                    -11.997787,
                    0.0
                ]
            }
        },
        {
            "type": "Feature",
            "properties": {
                "name": "407",
                "jurisdiccion": "Santa Elizabeth",
                "tipo": "TIPO I",
                "camara": "180",
                "megafono": false,
                "boton": false,
                "referencia": "-11.9973170632466, -77.016156913176",
                "direccion": "JR. POTASIO / JR. SILICIO",
                "WKT": "POINT Z (-77.016377 -11.997038 0)"
            },
            "geometry": {
                "type": "Point",
                "coordinates": [
                    -77.016377,
                    -11.997038,
                    0.0
                ]
            }
        },
        {
            "type": "Feature",
            "properties": {
                "name": "408",
                "jurisdiccion": "Santa Elizabeth",
                "tipo": "TIPO I",
                "camara": "180",
                "megafono": false,
                "boton": false,
                "referencia": "-11.9947170212989, -77.0179115609198",
                "direccion": "JR. TITANIO / JR. NIQUEL",
                "WKT": "POINT Z (-77.018178 -11.994815 0)"
            },
            "geometry": {
                "type": "Point",
                "coordinates": [
                    -77.018178,
                    -11.994815,
                    0.0
                ]
            }
        },
        {
            "type": "Feature",
            "properties": {
                "name": "409",
                "jurisdiccion": "Santa Elizabeth",
                "tipo": "TIPO I",
                "camara": "180",
                "megafono": false,
                "boton": false,
                "referencia": "-11.9639032113839, -77.0108714148696",
                "direccion": "AV. SAN MARTIN / AV. AMERICA",
                "WKT": "POINT Z (-77.010608 -11.964306 0)"
            },
            "geometry": {
                "type": "Point",
                "coordinates": [
                    -77.010608,
                    -11.964306,
                    0.0
                ]
            }
        },
        {
            "type": "Feature",
            "properties": {
                "name": "410",
                "jurisdiccion": "Santa Elizabeth",
                "tipo": "TIPO I",
                "camara": "180",
                "megafono": true,
                "boton": false,
                "referencia": "-11.9931726702228, -77.0188712470663",
                "direccion": "JR. PINOS /Â  JR. COBALTO",
                "WKT": "POINT Z (-77.019135 -11.993354 0)"
            },
            "geometry": {
                "type": "Point",
                "coordinates": [
                    -77.019135,
                    -11.993354,
                    0.0
                ]
            }
        },
        {
            "type": "Feature",
            "properties": {
                "name": "411",
                "jurisdiccion": "Santa Elizabeth",
                "tipo": "TIPO I",
                "camara": "180",
                "megafono": false,
                "boton": false,
                "referencia": "-11.9924662579208, -77.0162886569693",
                "direccion": "JR. NEON / JR. SILICIO",
                "WKT": "POINT Z (-77.016005 -11.992033 0)"
            },
            "geometry": {
                "type": "Point",
                "coordinates": [
                    -77.016005,
                    -11.992033,
                    0.0
                ]
            }
        },
        {
            "type": "Feature",
            "properties": {
                "name": "412",
                "jurisdiccion": "Huayrona",
                "tipo": "TIPO I",
                "camara": "180",
                "megafono": true,
                "boton": true,
                "referencia": "-11.9970385948737, -77.0109546630742",
                "direccion": "JR. LINOS / JR.OXALIDAS",
                "WKT": "POINT Z (-77.01109 -11.99703 0)"
            },
            "geometry": {
                "type": "Point",
                "coordinates": [
                    -77.01109,
                    -11.99703,
                    0.0
                ]
            }
        },
        {
            "type": "Feature",
            "properties": {
                "name": "413",
                "jurisdiccion": "Santa Elizabeth",
                "tipo": "TIPO I",
                "camara": "180",
                "megafono": false,
                "boton": false,
                "referencia": "-11.9913847416615, -77.0170500199063",
                "direccion": "ASCOC. 23 DE OCTUBRE / LOSA DEPORTIVA 23 DE OCTUBRE",
                "WKT": "POINT Z (-77.017214 -11.991501 0)"
            },
            "geometry": {
                "type": "Point",
                "coordinates": [
                    -77.017214,
                    -11.991501,
                    0.0
                ]
            }
        },
        {
            "type": "Feature",
            "properties": {
                "name": "414",
                "jurisdiccion": "Santa Elizabeth",
                "tipo": "TIPO I",
                "camara": "180",
                "megafono": true,
                "boton": false,
                "referencia": "-11.9922739170051, -77.0151107266028",
                "direccion": "AV. CANTO GRANDE / JR. MAGNESIO",
                "WKT": "POINT Z (-77.015194 -11.994219 0)"
            },
            "geometry": {
                "type": "Point",
                "coordinates": [
                    -77.015194,
                    -11.994219,
                    0.0
                ]
            }
        },
        {
            "type": "Feature",
            "properties": {
                "name": "415",
                "jurisdiccion": "Huayrona",
                "tipo": "TIPO I",
                "camara": "180",
                "megafono": false,
                "boton": false,
                "referencia": "-11.9971701420812, -77.0171819332942",
                "direccion": "AV. CANTO GRANDE/ JR. ESCANDIO",
                "WKT": "POINT Z (-77.015987 -11.997597 0)"
            },
            "geometry": {
                "type": "Point",
                "coordinates": [
                    -77.015987,
                    -11.997597,
                    0.0
                ]
            }
        },
        {
            "type": "Feature",
            "properties": {
                "name": "416",
                "jurisdiccion": "Huayrona",
                "tipo": "TIPO I",
                "camara": "180",
                "megafono": false,
                "boton": false,
                "referencia": "-12.0001105208468, -77.0118399516327",
                "direccion": "JR. LAS GROSELLAS / JR. SABILAS",
                "WKT": "POINT Z (-77.011702 -12.000545 0)"
            },
            "geometry": {
                "type": "Point",
                "coordinates": [
                    -77.011702,
                    -12.000545,
                    0.0
                ]
            }
        },
        {
            "type": "Feature",
            "properties": {
                "name": "417",
                "jurisdiccion": "Huayrona",
                "tipo": "TIPO I",
                "camara": "180",
                "megafono": false,
                "boton": false,
                "referencia": "-11.9963969788696, -77.0131570340391",
                "direccion": "JR. HELECHOS / CA. LAS GROSELLAS",
                "WKT": "POINT Z (-77.012838 -11.996531 0)"
            },
            "geometry": {
                "type": "Point",
                "coordinates": [
                    -77.012838,
                    -11.996531,
                    0.0
                ]
            }
        },
        {
            "type": "Feature",
            "properties": {
                "name": "418",
                "jurisdiccion": "Huayrona",
                "tipo": "TIPO I",
                "camara": "180",
                "megafono": false,
                "boton": false,
                "referencia": "-11.98844962019, -76.999852551403",
                "direccion": "JR. SANTA MARIA / C. 5Â ",
                "WKT": "POINT Z (-77.000626 -11.988865 0)"
            },
            "geometry": {
                "type": "Point",
                "coordinates": [
                    -77.000626,
                    -11.988865,
                    0.0
                ]
            }
        },
        {
            "type": "Feature",
            "properties": {
                "name": "419",
                "jurisdiccion": "Huayrona",
                "tipo": "TIPO II",
                "camara": "360",
                "megafono": true,
                "boton": true,
                "referencia": "",
                "direccion": "AV. CANTO GRANDE / AV. LOS POSTES",
                "WKT": "POINT Z (-77.015945 -11.999259 0)"
            },
            "geometry": {
                "type": "Point",
                "coordinates": [
                    -77.015945,
                    -11.999259,
                    0.0
                ]
            }
        },
        {
            "type": "Feature",
            "properties": {
                "name": "420",
                "jurisdiccion": "Huayrona",
                "tipo": "TIPO I",
                "camara": "180",
                "megafono": false,
                "boton": false,
                "referencia": "-11.9985306028598, -77.0036510717578",
                "direccion": "JR. LAS AMATISTAS / JR. PIRITAS",
                "WKT": "POINT Z (-77.003584 -11.998755 0)"
            },
            "geometry": {
                "type": "Point",
                "coordinates": [
                    -77.003584,
                    -11.998755,
                    0.0
                ]
            }
        },
        {
            "type": "Feature",
            "properties": {
                "name": "421",
                "jurisdiccion": "Huayrona",
                "tipo": "TIPO I",
                "camara": "180",
                "megafono": false,
                "boton": false,
                "referencia": "-11.9914200110412, -77.01405739112",
                "direccion": "JR. PRIMAVERA / JR. MANDIOCAS",
                "WKT": "POINT Z (-77.013789 -11.990931 0)"
            },
            "geometry": {
                "type": "Point",
                "coordinates": [
                    -77.013789,
                    -11.990931,
                    0.0
                ]
            }
        },
        {
            "type": "Feature",
            "properties": {
                "name": "422",
                "jurisdiccion": "Santa Elizabeth",
                "tipo": "TIPO I",
                "camara": "180",
                "megafono": false,
                "boton": false,
                "referencia": "-11.9881881651258, -77.0187589874211",
                "direccion": "Ref Entre las calles Felipe I y Felipe II",
                "WKT": "POINT Z (-77.018246 -11.987891 0)"
            },
            "geometry": {
                "type": "Point",
                "coordinates": [
                    -77.018246,
                    -11.987891,
                    0.0
                ]
            }
        },
        {
            "type": "Feature",
            "properties": {
                "name": "423",
                "jurisdiccion": "Santa Elizabeth",
                "tipo": "TIPO I",
                "camara": "180",
                "megafono": false,
                "boton": false,
                "referencia": "-11.9938234530844, -77.0172750705125",
                "direccion": "JR. NIQUEL / REF. PLAZA DE ARMAS DEÂ  ASUNCION",
                "WKT": "POINT Z (-77.017392 -11.993661 0)"
            },
            "geometry": {
                "type": "Point",
                "coordinates": [
                    -77.017392,
                    -11.993661,
                    0.0
                ]
            }
        },
        {
            "type": "Feature",
            "properties": {
                "name": "424",
                "jurisdiccion": "Santa Elizabeth",
                "tipo": "TIPO I",
                "camara": "180",
                "megafono": false,
                "boton": false,
                "referencia": "-11.9927502964717, -77.0169824753629",
                "direccion": "JR.GERMANIO / JR.GALIO",
                "WKT": "POINT Z (-77.01665115385204 -11.992908458546538 0)"
            },
            "geometry": {
                "type": "Point",
                "coordinates": [
                    -77.016699,
                    -11.992907,
                    0.0
                ]
            }
        },
        {
            "type": "Feature",
            "properties": {
                "name": "425",
                "jurisdiccion": "Huayrona",
                "tipo": "TIPO I",
                "camara": "180",
                "megafono": false,
                "boton": false,
                "referencia": "-11.9944396557608, -77.0134267884929",
                "direccion": "JR. SAN IGNACIO / JR. HUERTOS",
                "WKT": "POINT Z (-77.01351024051218 -11.994266467609009 0)"
            },
            "geometry": {
                "type": "Point",
                "coordinates": [
                    -77.0135102,
                    -11.9942665,
                    0.0
                ]
            }
        },
        {
            "type": "Feature",
            "properties": {
                "name": "426",
                "jurisdiccion": "Huayrona",
                "tipo": "TIPO I",
                "camara": "180",
                "megafono": false,
                "boton": false,
                "referencia": "-11.9936401798987, -77.0117098124539",
                "direccion": "JR. ATHENAS / JR. PELITRES",
                "WKT": "POINT Z (-77.01188 -11.992054 0)"
            },
            "geometry": {
                "type": "Point",
                "coordinates": [
                    -77.01188,
                    -11.992054,
                    0.0
                ]
            }
        },
        {
            "type": "Feature",
            "properties": {
                "name": "427",
                "jurisdiccion": "Huayrona",
                "tipo": "TIPO I",
                "camara": "180",
                "megafono": true,
                "boton": false,
                "referencia": "-11.9916892952166, -77.0115913180381",
                "direccion": "AV. PROCERES DE LA INDEPENDENCIA / JR. RETAMAS",
                "WKT": "POINT Z (-77.011333 -11.991538 0)"
            },
            "geometry": {
                "type": "Point",
                "coordinates": [
                    -77.011333,
                    -11.991538,
                    0.0
                ]
            }
        },
        {
            "type": "Feature",
            "properties": {
                "name": "428",
                "jurisdiccion": "Huayrona",
                "tipo": "TIPO I",
                "camara": "180",
                "megafono": false,
                "boton": false,
                "referencia": "-11.9878400996657, -77.0088918414414",
                "direccion": "AV. PROCERES DE LA INDEPENDENCIA / JR TOPACIOS",
                "WKT": "POINT Z (-77.009321 -11.988596 0)"
            },
            "geometry": {
                "type": "Point",
                "coordinates": [
                    -77.009321,
                    -11.988596,
                    0.0
                ]
            }
        },
        {
            "type": "Feature",
            "properties": {
                "name": "429",
                "jurisdiccion": "Huayrona",
                "tipo": "TIPO I",
                "camara": "180",
                "megafono": false,
                "boton": false,
                "referencia": "-11.9881752055182, -77.0090692113311",
                "direccion": "JR.Â  LOS OPALOS / JR LOS ZAFIROS",
                "WKT": "POINT Z (-77.008592 -11.988585 0)"
            },
            "geometry": {
                "type": "Point",
                "coordinates": [
                    -77.008592,
                    -11.988585,
                    0.0
                ]
            }
        },
        {
            "type": "Feature",
            "properties": {
                "name": "430",
                "jurisdiccion": "Huayrona",
                "tipo": "TIPO I",
                "camara": "180",
                "megafono": false,
                "boton": false,
                "referencia": "-11.9888935539639, -77.0070542040019",
                "direccion": "C. CLAUSURADA / REF. CAPILLA SAN CARLOSÂ  BORROMEO",
                "WKT": "POINT Z (-77.006758 -11.988653 0)"
            },
            "geometry": {
                "type": "Point",
                "coordinates": [
                    -77.006758,
                    -11.988653,
                    0.0
                ]
            }
        },
        {
            "type": "Feature",
            "properties": {
                "name": "431",
                "jurisdiccion": "Caja de Agua",
                "tipo": "TIPO I",
                "camara": "180",
                "megafono": false,
                "boton": false,
                "referencia": "-12.0067149887288, -77.0061547726103",
                "direccion": "JR. LOS PELITRES / PARQ. NUMERO 3 SJL",
                "WKT": "POINT Z (-77.006227 -12.007046 0)"
            },
            "geometry": {
                "type": "Point",
                "coordinates": [
                    -77.006227,
                    -12.007046,
                    0.0
                ]
            }
        },
        {
            "type": "Feature",
            "properties": {
                "name": "432",
                "jurisdiccion": "Huayrona",
                "tipo": "TIPO I",
                "camara": "180",
                "megafono": false,
                "boton": false,
                "referencia": "-11.9880146369744, -77.0038384404332",
                "direccion": "AV. 13 DE ENERO / JR. JAMESONITAS",
                "WKT": "POINT Z (-77.0041 -11.9877 0)"
            },
            "geometry": {
                "type": "Point",
                "coordinates": [
                    -77.0041,
                    -11.9877,
                    0.0
                ]
            }
        },
        {
            "type": "Feature",
            "properties": {
                "name": "433",
                "jurisdiccion": "Huayrona",
                "tipo": "TIPO I",
                "camara": "180",
                "megafono": true,
                "boton": false,
                "referencia": "-11.9903184782478, -77.0068490879984",
                "direccion": "AV. JORGE BASADRE ESTE / C. LOS RUBIES",
                "WKT": "POINT Z (-77.007449 -11.989924 0)"
            },
            "geometry": {
                "type": "Point",
                "coordinates": [
                    -77.007449,
                    -11.989924,
                    0.0
                ]
            }
        },
        {
            "type": "Feature",
            "properties": {
                "name": "434",
                "jurisdiccion": "Huayrona",
                "tipo": "TIPO I",
                "camara": "180",
                "megafono": false,
                "boton": false,
                "referencia": "-11.9935018018766, -77.0031840720106",
                "direccion": "JR. CANTO RODADO / JR. PIEDRA LUNA",
                "WKT": "POINT Z (-77.003294 -11.993176 0)"
            },
            "geometry": {
                "type": "Point",
                "coordinates": [
                    -77.003294,
                    -11.993176,
                    0.0
                ]
            }
        },
        {
            "type": "Feature",
            "properties": {
                "name": "435",
                "jurisdiccion": "Huayrona",
                "tipo": "TIPO I",
                "camara": "180",
                "megafono": false,
                "boton": false,
                "referencia": "-11.9913943162338, -77.0079752208995",
                "direccion": "AV. SAN HILARION ESTE / C. LOS RUBIES",
                "WKT": "POINT Z (-77.008229 -11.990978 0)"
            },
            "geometry": {
                "type": "Point",
                "coordinates": [
                    -77.008229,
                    -11.990978,
                    0.0
                ]
            }
        },
        {
            "type": "Feature",
            "properties": {
                "name": "436",
                "jurisdiccion": "Huayrona",
                "tipo": "TIPO I",
                "camara": "180",
                "megafono": true,
                "boton": false,
                "referencia": "-11.9906250416694, -77.0102063082666",
                "direccion": "JR. TOPACIOS / JR. ESCARCHA",
                "WKT": "POINT Z (-77.009765 -11.990758 0)"
            },
            "geometry": {
                "type": "Point",
                "coordinates": [
                    -77.009765,
                    -11.990758,
                    0.0
                ]
            }
        },
        {
            "type": "Feature",
            "properties": {
                "name": "437",
                "jurisdiccion": "Huayrona",
                "tipo": "TIPO I",
                "camara": "180",
                "megafono": false,
                "boton": false,
                "referencia": "-11.9917647297135, -77.0101284542579",
                "direccion": "JR. ESCARCHA / JR. ZAFIROS",
                "WKT": "POINT Z (-77.010308 -11.991569 0)"
            },
            "geometry": {
                "type": "Point",
                "coordinates": [
                    -77.010308,
                    -11.991569,
                    0.0
                ]
            }
        },
        {
            "type": "Feature",
            "properties": {
                "name": "438",
                "jurisdiccion": "Huayrona",
                "tipo": "TIPO I",
                "camara": "180",
                "megafono": false,
                "boton": false,
                "referencia": "-11.9955802783288, -77.0151630424492",
                "direccion": "AV. SAN HILARION OESTE / CA. LAS GROSELIAS",
                "WKT": "POINT Z (-77.013636 -11.994998 0)"
            },
            "geometry": {
                "type": "Point",
                "coordinates": [
                    -77.013636,
                    -11.994998,
                    0.0
                ]
            }
        },
        {
            "type": "Feature",
            "properties": {
                "name": "439",
                "jurisdiccion": "Huayrona",
                "tipo": "TIPO I",
                "camara": "180",
                "megafono": false,
                "boton": false,
                "referencia": "-11.9956282116386, -77.0118734488194",
                "direccion": "JR. LAS ANONAS /Â  JR OXALIDAS",
                "WKT": "POINT Z (-77.011691 -11.995359 0)"
            },
            "geometry": {
                "type": "Point",
                "coordinates": [
                    -77.011691,
                    -11.995359,
                    0.0
                ]
            }
        },
        {
            "type": "Feature",
            "properties": {
                "name": "440",
                "jurisdiccion": "Huayrona",
                "tipo": "TIPO I",
                "camara": "180",
                "megafono": false,
                "boton": false,
                "referencia": "-11.99777752887, -76.9970760476088",
                "direccion": "JR. MAGNOLIAS / JR. TULIPANES",
                "WKT": "POINT Z (-76.99675954694631 -11.998379648578183 0)"
            },
            "geometry": {
                "type": "Point",
                "coordinates": [
                    -76.9967595,
                    -11.9983796,
                    0.0
                ]
            }
        },
        {
            "type": "Feature",
            "properties": {
                "name": "442",
                "jurisdiccion": "Huayrona",
                "tipo": "TIPO I",
                "camara": "180",
                "megafono": false,
                "boton": false,
                "referencia": "-11.9926975565747, -77.0137420198446",
                "direccion": "JR. LOS BADIANES / JR. LAS MIMBRERAS",
                "WKT": "POINT Z (-77.013327 -11.992828 0)"
            },
            "geometry": {
                "type": "Point",
                "coordinates": [
                    -77.014072,
                    -11.992944,
                    0.0
                ]
            }
        },
        {
            "type": "Feature",
            "properties": {
                "name": "443",
                "jurisdiccion": "10 de Octubre",
                "tipo": "TIPO I",
                "camara": "180",
                "megafono": false,
                "boton": false,
                "referencia": "-11.94579820889, -76.9923475563368",
                "direccion": "JR. EL PEHON / REF. LOSA DE LOS JARDINES",
                "WKT": "POINT Z (-76.992405 -11.945929 0)"
            },
            "geometry": {
                "type": "Point",
                "coordinates": [
                    -76.992405,
                    -11.945929,
                    0.0
                ]
            }
        },
        {
            "type": "Feature",
            "properties": {
                "name": "444",
                "jurisdiccion": "Santa Elizabeth",
                "tipo": "TIPO I",
                "camara": "180",
                "megafono": false,
                "boton": false,
                "referencia": "-11.9980630005827, -77.0189275564052",
                "direccion": "JR. BERILLIO / REF. OVALOÂ  GRAU SAN HILARION ALTO",
                "WKT": "POINT Z (-77.01902 -11.998309 0)"
            },
            "geometry": {
                "type": "Point",
                "coordinates": [
                    -77.018863,
                    -11.998334,
                    0.0
                ]
            }
        },
        {
            "type": "Feature",
            "properties": {
                "name": "445",
                "jurisdiccion": "Santa Elizabeth",
                "tipo": "TIPO I",
                "camara": "180",
                "megafono": false,
                "boton": false,
                "referencia": "-11.9491945416754, -77.0064437191324",
                "direccion": "AV. MIGUEL GRAU / REF. IPD SAN JUAN DE LURIGANCHO",
                "WKT": "POINT Z (-77.0066 -11.9495 0)"
            },
            "geometry": {
                "type": "Point",
                "coordinates": [
                    -77.006659,
                    -11.949525,
                    0.0
                ]
            }
        },
        {
            "type": "Feature",
            "properties": {
                "name": "446",
                "jurisdiccion": "Huayrona",
                "tipo": "TIPO I",
                "camara": "180",
                "megafono": false,
                "boton": false,
                "referencia": "-12.0002525270716, -77.0133661821551",
                "direccion": "AV. LAS FLORES DE PRIMAVERA / REF. PARQ CRISTO LIBERTADOR",
                "WKT": "POINT Z (-77.013435 -12.000865 0)"
            },
            "geometry": {
                "type": "Point",
                "coordinates": [
                    -77.013435,
                    -12.000865,
                    0.0
                ]
            }
        },
        {
            "type": "Feature",
            "properties": {
                "name": "447",
                "jurisdiccion": "Santa Elizabeth",
                "tipo": "TIPO I",
                "camara": "180",
                "megafono": false,
                "boton": false,
                "referencia": "-11.9800114837344, -77.0180409186883",
                "direccion": "JR. LOS OLMOS /C. LOS NOGALES",
                "WKT": "POINT Z (-77.018168 -11.980206 0)"
            },
            "geometry": {
                "type": "Point",
                "coordinates": [
                    -77.018168,
                    -11.980206,
                    0.0
                ]
            }
        },
        {
            "type": "Feature",
            "properties": {
                "name": "448",
                "jurisdiccion": "Huayrona",
                "tipo": "TIPO I",
                "camara": "180",
                "megafono": true,
                "boton": false,
                "referencia": "-12.0005955494082, -77.0040934280532",
                "direccion": "AV. 13 DE ENERO / JR CAOLIN",
                "WKT": "POINT Z (-77.004503 -12.000739 0)"
            },
            "geometry": {
                "type": "Point",
                "coordinates": [
                    -77.004503,
                    -12.000739,
                    0.0
                ]
            }
        },
        {
            "type": "Feature",
            "properties": {
                "name": "449",
                "jurisdiccion": "Huayrona",
                "tipo": "TIPO I",
                "camara": "180",
                "megafono": false,
                "boton": false,
                "referencia": "-11.997473788573, -77.0055184529918",
                "direccion": "AV. 13 DE ENERO / JR. TURQUESAS",
                "WKT": "POINT Z (-77.005116 -11.997858 0)"
            },
            "geometry": {
                "type": "Point",
                "coordinates": [
                    -77.005050,
                    -11.997846,
                    0.0
                ]
            }
        },
        {
            "type": "Feature",
            "properties": {
                "name": "450",
                "jurisdiccion": "Huayrona",
                "tipo": "TIPO I",
                "camara": "180",
                "megafono": false,
                "boton": false,
                "referencia": "-12.0070598706752, -77.0111171551517",
                "direccion": "AV. FLORES DE PRIMAVERA / JR. LAS MANDRAGORAS",
                "WKT": "POINT Z (-77.01138 -12.00626 0)"
            },
            "geometry": {
                "type": "Point",
                "coordinates": [
                    -77.011556,
                    -12.006322,
                    0.0
                ]
            }
        },
        {
            "type": "Feature",
            "properties": {
                "name": "451",
                "jurisdiccion": "Huayrona",
                "tipo": "TIPO I",
                "camara": "180",
                "megafono": false,
                "boton": false,
                "referencia": "-12.0007984344363, -77.0166304719824",
                "direccion": "AV. CANTO GRANDE / C. LAS ORQUIDIAS",
                "WKT": "POINT Z (-77.016346 -12.001155 0)"
            },
            "geometry": {
                "type": "Point",
                "coordinates": [
                    -77.016346,
                    -12.001155,
                    0.0
                ]
            }
        },
        {
            "type": "Feature",
            "properties": {
                "name": "452",
                "jurisdiccion": "Huayrona",
                "tipo": "TIPO I",
                "camara": "180",
                "megafono": false,
                "boton": false,
                "referencia": "-12.001404854776, -77.0151569180931",
                "direccion": "JR. MILEMRAMAS / JR LAS SABILAS",
                "WKT": "POINT Z (-77.01538 -12.001578 0)"
            },
            "geometry": {
                "type": "Point",
                "coordinates": [
                    -77.015402,
                    -12.001645,
                    0.0
                ]
            }
        },
        {
            "type": "Feature",
            "properties": {
                "name": "453",
                "jurisdiccion": "Santa Elizabeth",
                "tipo": "TIPO I",
                "camara": "180",
                "megafono": false,
                "boton": false,
                "referencia": "-11.9967098390521, -77.0175449802258",
                "direccion": "JR. CRIPTON / JR. ESCANDIO",
                "WKT": "POINT Z (-77.017775 -11.996879 0)"
            },
            "geometry": {
                "type": "Point",
                "coordinates": [
                    -77.017775,
                    -11.996879,
                    0.0
                ]
            }
        },
        {
            "type": "Feature",
            "properties": {
                "name": "454",
                "jurisdiccion": "Huayrona",
                "tipo": "TIPO I",
                "camara": "180",
                "megafono": false,
                "boton": false,
                "referencia": "-12.0026424840299, -77.015701594891",
                "direccion": "JR. NECTANDROS / REF. TIENDA ONE CLEANER",
                "WKT": "POINT Z (-77.016207 -12.002937 0)"
            },
            "geometry": {
                "type": "Point",
                "coordinates": [
                    -77.016207,
                    -12.002937,
                    0.0
                ]
            }
        },
        {
            "type": "Feature",
            "properties": {
                "name": "455",
                "jurisdiccion": "Huayrona",
                "tipo": "TIPO I",
                "camara": "180",
                "megafono": false,
                "boton": false,
                "referencia": "-12.0016016841661, -77.0185127852924",
                "direccion": "AV. LOS MONTES / AV. 4 DE ABRIL",
                "WKT": "POINT Z (-77.018368 -12.001425 0)"
            },
            "geometry": {
                "type": "Point",
                "coordinates": [
                    -77.018324,
                    -12.001425,
                    0.0
                ]
            }
        },
        {
            "type": "Feature",
            "properties": {
                "name": "456",
                "jurisdiccion": "Huayrona",
                "tipo": "TIPO I",
                "camara": "180",
                "megafono": false,
                "boton": false,
                "referencia": "-12.0006352442057, -77.0174154863784",
                "direccion": "JR. TRANQUERA / PSJE. 4",
                "WKT": "POINT Z (-77.017751 -12.000856 0)"
            },
            "geometry": {
                "type": "Point",
                "coordinates": [
                    -77.017751,
                    -12.000856,
                    0.0
                ]
            }
        },
        {
            "type": "Feature",
            "properties": {
                "name": "457",
                "jurisdiccion": "Santa Elizabeth",
                "tipo": "TIPO I",
                "camara": "180",
                "megafono": false,
                "boton": false,
                "referencia": "-11.9995289364971, -77.0178578483201",
                "direccion": "JR. GERMANIO / JR. CLORO",
                "WKT": "POINT Z (-77.017625 -11.999447 0)"
            },
            "geometry": {
                "type": "Point",
                "coordinates": [
                    -77.017625,
                    -11.999447,
                    0.0
                ]
            }
        },
        {
            "type": "Feature",
            "properties": {
                "name": "458",
                "jurisdiccion": "Huayrona",
                "tipo": "TIPO I",
                "camara": "180",
                "megafono": false,
                "boton": false,
                "referencia": "-12.0061367124746, -77.0148871630412",
                "direccion": "JR. LAS MARTICARIAS / JR. LOS CALAMOS",
                "WKT": "POINT Z (-77.015274 -12.00636 0)"
            },
            "geometry": {
                "type": "Point",
                "coordinates": [
                    -77.015274,
                    -12.00636,
                    0.0
                ]
            }
        },
        {
            "type": "Feature",
            "properties": {
                "name": "459",
                "jurisdiccion": "Huayrona",
                "tipo": "TIPO I",
                "camara": "180",
                "megafono": true,
                "boton": false,
                "referencia": "-12.0070578086213, -77.0131953598334",
                "direccion": "JR. LOS MATUERZOS / JR. LAS MANDRAGORAS",
                "WKT": "POINT Z (-77.012941 -12.006843 0)"
            },
            "geometry": {
                "type": "Point",
                "coordinates": [
                    -77.012941,
                    -12.006843,
                    0.0
                ]
            }
        },
        {
            "type": "Feature",
            "properties": {
                "name": "460",
                "jurisdiccion": "Huayrona",
                "tipo": "TIPO I",
                "camara": "180",
                "megafono": false,
                "boton": false,
                "referencia": "-12.0046662555935, -77.0133127941511",
                "direccion": "JR. LOS MATUERZOS / JR. LOS EBANOS",
                "WKT": "POINT Z (-77.013481 -12.004987 0)"
            },
            "geometry": {
                "type": "Point",
                "coordinates": [
                    -77.013481,
                    -12.004987,
                    0.0
                ]
            }
        },
        {
            "type": "Feature",
            "properties": {
                "name": "461",
                "jurisdiccion": "Huayrona",
                "tipo": "TIPO I",
                "camara": "180",
                "megafono": false,
                "boton": false,
                "referencia": "-12.0017364936836, -77.0142731840943",
                "direccion": "JR. LOS MATUERZOS / REF. CAPILLA CRISTO POBRE",
                "WKT": "POINT Z (-77.0147594779004 -12.001942533516226 0)"
            },
            "geometry": {
                "type": "Point",
                "coordinates": [
                    -77.0147595,
                    -12.0019425,
                    0.0
                ]
            }
        },
        {
            "type": "Feature",
            "properties": {
                "name": "462",
                "jurisdiccion": "Huayrona",
                "tipo": "TIPO I",
                "camara": "180",
                "megafono": false,
                "boton": false,
                "referencia": "-12.0079633026545, -77.0143915299825",
                "direccion": "JR. LAS VERGOLAS /JR. ROSAMALVAS",
                "WKT": "POINT Z (-77.014736 -12.008312 0)"
            },
            "geometry": {
                "type": "Point",
                "coordinates": [
                    -77.014736,
                    -12.008312,
                    0.0
                ]
            }
        },
        {
            "type": "Feature",
            "properties": {
                "name": "463",
                "jurisdiccion": "Huayrona",
                "tipo": "TIPO I",
                "camara": "180",
                "megafono": false,
                "boton": false,
                "referencia": "-12.0069176936912, -77.0183529186098",
                "direccion": "AV. TACNA / AV. LIMA",
                "WKT": "POINT Z (-77.017885 -12.00654 0)"
            },
            "geometry": {
                "type": "Point",
                "coordinates": [
                    -77.017885,
                    -12.00654,
                    0.0
                ]
            }
        },
        {
            "type": "Feature",
            "properties": {
                "name": "464",
                "jurisdiccion": "Huayrona",
                "tipo": "TIPO I",
                "camara": "180",
                "megafono": false,
                "boton": false,
                "referencia": "-12.0021852531397, -77.0082290821709",
                "direccion": "AV. PROCERES DE LA INDEPENDENCIA / JR LOS EBANOS",
                "WKT": "POINT Z (-77.008182 -12.003088 0)"
            },
            "geometry": {
                "type": "Point",
                "coordinates": [
                    -77.008182,
                    -12.003088,
                    0.0
                ]
            }
        },
        {
            "type": "Feature",
            "properties": {
                "name": "465",
                "jurisdiccion": "Huayrona",
                "tipo": "TIPO I",
                "camara": "180",
                "megafono": false,
                "boton": false,
                "referencia": "-12.0047384270524, -77.0100968183844",
                "direccion": "JR. LAS ORTIGAS / JR. LICOPODIOS",
                "WKT": "POINT Z (-77.009665 -12.004573 0)"
            },
            "geometry": {
                "type": "Point",
                "coordinates": [
                    -77.009665,
                    -12.004573,
                    0.0
                ]
            }
        },
        {
            "type": "Feature",
            "properties": {
                "name": "466",
                "jurisdiccion": "Huayrona",
                "tipo": "TIPO I",
                "camara": "180",
                "megafono": false,
                "boton": false,
                "referencia": "-12.0025113957247, -77.012006713295",
                "direccion": "JR. PERSICARIAS / JR. ENELDOS",
                "WKT": "POINT Z (-77.011545 -12.002535 0)"
            },
            "geometry": {
                "type": "Point",
                "coordinates": [
                    -77.011545,
                    -12.002535,
                    0.0
                ]
            }
        },
        {
            "type": "Feature",
            "properties": {
                "name": "467",
                "jurisdiccion": "Huayrona",
                "tipo": "TIPO I",
                "camara": "180",
                "megafono": false,
                "boton": false,
                "referencia": "-12.0067792233842, -77.010166370303",
                "direccion": "JR. LAS RIMARINAS / JR. AMELOS",
                "WKT": "POINT Z (-77.00987 -12.00718 0)"
            },
            "geometry": {
                "type": "Point",
                "coordinates": [
                    -77.00987,
                    -12.00718,
                    0.0
                ]
            }
        },
        {
            "type": "Feature",
            "properties": {
                "name": "468",
                "jurisdiccion": "Huayrona",
                "tipo": "TIPO II",
                "camara": "360",
                "megafono": true,
                "boton": true,
                "referencia": "",
                "direccion": "AV. PROCERES DE LA INDEPENDENCIA / AV. SAN HILARION OESTE",
                "WKT": "POINT Z (-77.010909 -11.993673 0)"
            },
            "geometry": {
                "type": "Point",
                "coordinates": [
                    -77.010909,
                    -11.993673,
                    0.0
                ]
            }
        },
        {
            "type": "Feature",
            "properties": {
                "name": "469",
                "jurisdiccion": "Huayrona",
                "tipo": "TIPO I",
                "camara": "180",
                "megafono": false,
                "boton": false,
                "referencia": "-12.001211271757, -77.0201376270662",
                "direccion": "JR. TRANQUERA NUEVO / AV. 4 DE ABRIL",
                "WKT": "POINT Z (-77.02021 -12.001105 0)"
            },
            "geometry": {
                "type": "Point",
                "coordinates": [
                    -77.02021,
                    -12.001105,
                    0.0
                ]
            }
        },
        {
            "type": "Feature",
            "properties": {
                "name": "470",
                "jurisdiccion": "Huayrona",
                "tipo": "TIPO I",
                "camara": "180",
                "megafono": false,
                "boton": false,
                "referencia": "-11.9994921709451, -77.0112221364857",
                "direccion": "JR. LOS HUERTOS / JR. JOCOBOS",
                "WKT": "POINT Z (-77.010936 -11.999779 0)"
            },
            "geometry": {
                "type": "Point",
                "coordinates": [
                    -77.010936,
                    -11.999779,
                    0.0
                ]
            }
        },
        {
            "type": "Feature",
            "properties": {
                "name": "471",
                "jurisdiccion": "Caja de Agua",
                "tipo": "TIPO I",
                "camara": "180",
                "megafono": false,
                "boton": false,
                "referencia": "-12.0288583033124, -77.0175736988178",
                "direccion": "JR. LORETO / JR. PISCO",
                "WKT": "POINT Z (-77.01758 -12.028394 0)"
            },
            "geometry": {
                "type": "Point",
                "coordinates": [
                    -77.01758,
                    -12.028394,
                    0.0
                ]
            }
        },
        {
            "type": "Feature",
            "properties": {
                "name": "472",
                "jurisdiccion": "Huayrona",
                "tipo": "TIPO I",
                "camara": "180",
                "megafono": false,
                "boton": false,
                "referencia": "-12.0029738558374, -77.0018814271806",
                "direccion": "JR. DIAMANTES / JR. MICAS",
                "WKT": "POINT Z (-77.002042 -12.00262 0)"
            },
            "geometry": {
                "type": "Point",
                "coordinates": [
                    -77.002042,
                    -12.00262,
                    0.0
                ]
            }
        },
        {
            "type": "Feature",
            "properties": {
                "name": "473",
                "jurisdiccion": "Huayrona",
                "tipo": "TIPO I",
                "camara": "180",
                "megafono": true,
                "boton": false,
                "referencia": "-12.000640093486, -77.0015914759072",
                "direccion": "JR. EL MARMOL / JR. PIEDRA BIGUA",
                "WKT": "POINT Z (-77.001762 -12.000148 0)"
            },
            "geometry": {
                "type": "Point",
                "coordinates": [
                    -77.001762,
                    -12.000148,
                    0.0
                ]
            }
        },
        {
            "type": "Feature",
            "properties": {
                "name": "474",
                "jurisdiccion": "Huayrona",
                "tipo": "TIPO I",
                "camara": "180",
                "megafono": true,
                "boton": false,
                "referencia": "-11.9966365119309, -76.9966017449148",
                "direccion": "JR. ROSALES / JR. LA CANTUTA",
                "WKT": "POINT Z (-76.996384 -11.997112 0)"
            },
            "geometry": {
                "type": "Point",
                "coordinates": [
                    -76.996384,
                    -11.997112,
                    0.0
                ]
            }
        },
        {
            "type": "Feature",
            "properties": {
                "name": "475",
                "jurisdiccion": "Huayrona",
                "tipo": "TIPO I",
                "camara": "180",
                "megafono": false,
                "boton": false,
                "referencia": "-11.9934250368952, -77.0082925055107",
                "direccion": "JR. AGUA MARINA / JR. LAS GRAVAS",
                "WKT": "POINT Z (-77.008139 -11.993969 0)"
            },
            "geometry": {
                "type": "Point",
                "coordinates": [
                    -77.008139,
                    -11.993969,
                    0.0
                ]
            }
        },
        {
            "type": "Feature",
            "properties": {
                "name": "476",
                "jurisdiccion": "Huayrona",
                "tipo": "TIPO I",
                "camara": "180",
                "megafono": false,
                "boton": false,
                "referencia": "-11.9922547728644, -77.0096485670012",
                "direccion": "AV. SAN HILARION ESTE / JR. LAS PERLAS",
                "WKT": "POINT Z (-77.009417 -11.992755 0)"
            },
            "geometry": {
                "type": "Point",
                "coordinates": [
                    -77.009417,
                    -11.992755,
                    0.0
                ]
            }
        },
        {
            "type": "Feature",
            "properties": {
                "name": "477",
                "jurisdiccion": "Huayrona",
                "tipo": "TIPO I",
                "camara": "180",
                "megafono": false,
                "boton": false,
                "referencia": "-11.9956732574805, -77.0083625479824",
                "direccion": "JR. JACINTOS / REF. IEP MATER ET MAGISTRA",
                "WKT": "POINT Z (-77.008769 -11.995378 0)"
            },
            "geometry": {
                "type": "Point",
                "coordinates": [
                    -77.008769,
                    -11.995378,
                    0.0
                ]
            }
        },
        {
            "type": "Feature",
            "properties": {
                "name": "478",
                "jurisdiccion": "Zarate",
                "tipo": "TIPO I",
                "camara": "180",
                "megafono": true,
                "boton": false,
                "referencia": "-12.0250562629748, -77.0001672085882",
                "direccion": "AV. CHIMU / JR. CHINCHAYSUYO",
                "WKT": "POINT Z (-77.000382 -12.025392 0)"
            },
            "geometry": {
                "type": "Point",
                "coordinates": [
                    -77.000382,
                    -12.025392,
                    0.0
                ]
            }
        },
        {
            "type": "Feature",
            "properties": {
                "name": "479",
                "jurisdiccion": "Huayrona",
                "tipo": "TIPO I",
                "camara": "180",
                "megafono": false,
                "boton": false,
                "referencia": "-12.0010626352106, -76.9961224791211",
                "direccion": "JR .LAS LAJAS / JR.LAS GEODAS",
                "WKT": "POINT Z (-76.995366 -12.000625 0)"
            },
            "geometry": {
                "type": "Point",
                "coordinates": [
                    -76.996164,
                    -12.001112,
                    0.0
                ]
            }
        },
        {
            "type": "Feature",
            "properties": {
                "name": "480",
                "jurisdiccion": "Huayrona",
                "tipo": "TIPO I",
                "camara": "180",
                "megafono": false,
                "boton": false,
                "referencia": "-11.99962603472, -76.9976576856483",
                "direccion": "JR. PIEDRA DEL SOL / JR. LOS MINERALES",
                "WKT": "POINT Z (-76.998152 -11.999402 0)"
            },
            "geometry": {
                "type": "Point",
                "coordinates": [
                    -76.998152,
                    -11.999402,
                    0.0
                ]
            }
        },
        {
            "type": "Feature",
            "properties": {
                "name": "481",
                "jurisdiccion": "Zarate",
                "tipo": "TIPO II",
                "camara": "360",
                "megafono": true,
                "boton": true,
                "referencia": "",
                "direccion": "AV. LURIGANCHO / AV. 13 DE ENERO",
                "WKT": "POINT Z (-76.999117 -12.017011 0)"
            },
            "geometry": {
                "type": "Point",
                "coordinates": [
                    -76.999117,
                    -12.017011,
                    0.0
                ]
            }
        },
        {
            "type": "Feature",
            "properties": {
                "name": "482",
                "jurisdiccion": "Huayrona",
                "tipo": "TIPO I",
                "camara": "180",
                "megafono": true,
                "boton": false,
                "referencia": "-12.0003909561001, -76.9997914719307",
                "direccion": "AV. SANTA ROSA DE LIMA /JR. EL MARMOL",
                "WKT": "POINT Z (-77.000094 -11.999517 0)"
            },
            "geometry": {
                "type": "Point",
                "coordinates": [
                    -77.000094,
                    -11.999517,
                    0.0
                ]
            }
        },
        {
            "type": "Feature",
            "properties": {
                "name": "483",
                "jurisdiccion": "Huayrona",
                "tipo": "TIPO I",
                "camara": "180",
                "megafono": true,
                "boton": false,
                "referencia": "-11.9904992514385, -77.0043760275645",
                "direccion": "AV. JORGE  BASADRE ESTE / JR. AGATAS",
                "WKT": "POINT Z (-77.003521 -11.990864 0)"
            },
            "geometry": {
                "type": "Point",
                "coordinates": [
                    -77.003521,
                    -11.990864,
                    0.0
                ]
            }
        },
        {
            "type": "Feature",
            "properties": {
                "name": "484",
                "jurisdiccion": "Canto Rey",
                "tipo": "TIPO I",
                "camara": "180",
                "megafono": true,
                "boton": false,
                "referencia": "-11.9886090953621, -76.997219327098",
                "direccion": "AV. EL SOL / AV. SANTA ROSA DE LIMA",
                "WKT": "POINT Z (-76.996879 -11.990053 0)"
            },
            "geometry": {
                "type": "Point",
                "coordinates": [
                    -76.996879,
                    -11.990053,
                    0.0
                ]
            }
        },
        {
            "type": "Feature",
            "properties": {
                "name": "485",
                "jurisdiccion": "Huayrona",
                "tipo": "TIPO I",
                "camara": "180",
                "megafono": false,
                "boton": false,
                "referencia": "-11.9912484694215, -77.0074571151565",
                "direccion": "AV. SAN HIALRION ESTE / C. LOS RUBIES",
                "WKT": "POINT Z (-77.006805 -11.991395 0)"
            },
            "geometry": {
                "type": "Point",
                "coordinates": [
                    -77.006805,
                    -11.991395,
                    0.0
                ]
            }
        },
        {
            "type": "Feature",
            "properties": {
                "name": "486",
                "jurisdiccion": "Huayrona",
                "tipo": "TIPO I",
                "camara": "180",
                "megafono": true,
                "boton": false,
                "referencia": "-12.0041432678596, -76.9961246893126",
                "direccion": "JR. REJALGAR / APATITOS",
                "WKT": "POINT Z (-76.996647 -12.003939 0)"
            },
            "geometry": {
                "type": "Point",
                "coordinates": [
                    -76.996647,
                    -12.003939,
                    0.0
                ]
            }
        },
        {
            "type": "Feature",
            "properties": {
                "name": "487",
                "jurisdiccion": "Huayrona",
                "tipo": "TIPO I",
                "camara": "180",
                "megafono": false,
                "boton": false,
                "referencia": "-12.0059898561674, -76.9938094644197",
                "direccion": "JR. ASOC. SAN MARCOS / REF. TIENDA TRES ESQUINAS",
                "WKT": "POINT Z (-76.993974 -12.006206 0)"
            },
            "geometry": {
                "type": "Point",
                "coordinates": [
                    -76.993974,
                    -12.006206,
                    0.0
                ]
            }
        },
        {
            "type": "Feature",
            "properties": {
                "name": "488",
                "jurisdiccion": "Caja de Agua",
                "tipo": "TIPO II",
                "camara": "360",
                "megafono": true,
                "boton": true,
                "referencia": "",
                "direccion": "AV. LOS JARDINES OESTE / AV. LAS FLORES DE PRIMAVERA",
                "WKT": "POINT Z (-77.010867 -12.008718 0)"
            },
            "geometry": {
                "type": "Point",
                "coordinates": [
                    -77.010867,
                    -12.008718,
                    0.0
                ]
            }
        },
        {
            "type": "Feature",
            "properties": {
                "name": "489",
                "jurisdiccion": "Caja de Agua",
                "tipo": "TIPO I",
                "camara": "180",
                "megafono": false,
                "boton": false,
                "referencia": "-12.0081673248934, -77.0120747090415",
                "direccion": "JR. VALERIANAS / JR. LAS ALHUCEMAS",
                "WKT": "POINT Z (-77.012137 -12.008652 0)"
            },
            "geometry": {
                "type": "Point",
                "coordinates": [
                    -77.012137,
                    -12.008652,
                    0.0
                ]
            }
        },
        {
            "type": "Feature",
            "properties": {
                "name": "490",
                "jurisdiccion": "Caja de Agua",
                "tipo": "TIPO I",
                "camara": "180",
                "megafono": true,
                "boton": false,
                "referencia": "-12.0119000884545, -77.0122043220206",
                "direccion": "JR. LOS ARANDANOS /Â  JR. LAS ALHUCEMAS",
                "WKT": "POINT Z (-77.01244 -12.011604 0)"
            },
            "geometry": {
                "type": "Point",
                "coordinates": [
                    -77.01244,
                    -12.011604,
                    0.0
                ]
            }
        },
        {
            "type": "Feature",
            "properties": {
                "name": "491",
                "jurisdiccion": "Caja de Agua",
                "tipo": "TIPO I",
                "camara": "180",
                "megafono": false,
                "boton": false,
                "referencia": "-12.010343799938, -77.0094278532125",
                "direccion": "JR. LOSÂ  ACIANOS / JR. LAS AMBROSIAS",
                "WKT": "POINT Z (-77.009631 -12.010558 0)"
            },
            "geometry": {
                "type": "Point",
                "coordinates": [
                    -77.009631,
                    -12.010558,
                    0.0
                ]
            }
        },
        {
            "type": "Feature",
            "properties": {
                "name": "492",
                "jurisdiccion": "Caja de Agua",
                "tipo": "TIPO I",
                "camara": "180",
                "megafono": true,
                "boton": false,
                "referencia": "-12.0267065028387, -77.019469602897",
                "direccion": "AV. LIMA /Â  REF. CAMPO DEPORTIVO 49 CAJA DE AGUA",
                "WKT": "POINT Z (-77.019937 -12.026423 0)"
            },
            "geometry": {
                "type": "Point",
                "coordinates": [
                    -77.019937,
                    -12.026423,
                    0.0
                ]
            }
        },
        {
            "type": "Feature",
            "properties": {
                "name": "493",
                "jurisdiccion": "Caja de Agua",
                "tipo": "TIPO I",
                "camara": "180",
                "megafono": false,
                "boton": false,
                "referencia": "-12.0106538021979, -77.0151582389199",
                "direccion": "AV. CANTO GRANDEÂ  /Â  JR. MELITON CARBAJAL",
                "WKT": "POINT Z (-77.014427 -12.010803 0)"
            },
            "geometry": {
                "type": "Point",
                "coordinates": [
                    -77.014427,
                    -12.010803,
                    0.0
                ]
            }
        },
        {
            "type": "Feature",
            "properties": {
                "name": "494",
                "jurisdiccion": "Huayrona",
                "tipo": "TIPO I",
                "camara": "180",
                "megafono": false,
                "boton": false,
                "referencia": "-12.0100381530934, -77.0187548456258",
                "direccion": "JR. JUAN VELASCO ALVARADO / REF. PARQ. VALENTIN PANIAGUA CURACAO",
                "WKT": "POINT Z (-77.018286 -12.010601 0)"
            },
            "geometry": {
                "type": "Point",
                "coordinates": [
                    -77.018286,
                    -12.010601,
                    0.0
                ]
            }
        },
        {
            "type": "Feature",
            "properties": {
                "name": "496",
                "jurisdiccion": "Caja de Agua",
                "tipo": "TIPO I",
                "camara": "180",
                "megafono": false,
                "boton": false,
                "referencia": "-12.0139435393474, -77.0128730344296",
                "direccion": "AV. LAS FLORES DE PRIMAVERA / CA. LOS TORNILLOS",
                "WKT": "POINT Z (-77.011631 -12.014524 0)"
            },
            "geometry": {
                "type": "Point",
                "coordinates": [
                    -77.011631,
                    -12.014524,
                    0.0
                ]
            }
        },
        {
            "type": "Feature",
            "properties": {
                "name": "497",
                "jurisdiccion": "Caja de Agua",
                "tipo": "TIPO I",
                "camara": "180",
                "megafono": false,
                "boton": false,
                "referencia": "-12.0169723763419, -77.0134289070648",
                "direccion": "JR. ADELFAS / JR. CALENDULAS",
                "WKT": "POINT Z (-77.012652 -12.016879 0)"
            },
            "geometry": {
                "type": "Point",
                "coordinates": [
                    -77.012652,
                    -12.016879,
                    0.0
                ]
            }
        },
        {
            "type": "Feature",
            "properties": {
                "name": "498",
                "jurisdiccion": "Caja de Agua",
                "tipo": "TIPO I",
                "camara": "180",
                "megafono": false,
                "boton": false,
                "referencia": "-12.0184794699052, -77.0079312612228",
                "direccion": "AV. ALCAPARRAS / JR. LIQUENES",
                "WKT": "POINT Z (-77.007619 -12.018655 0)"
            },
            "geometry": {
                "type": "Point",
                "coordinates": [
                    -77.007619,
                    -12.018655,
                    0.0
                ]
            }
        },
        {
            "type": "Feature",
            "properties": {
                "name": "499",
                "jurisdiccion": "Caja de Agua",
                "tipo": "TIPO I",
                "camara": "180",
                "megafono": false,
                "boton": false,
                "referencia": "-12.0171210705071, -77.0098890911437",
                "direccion": "JR. ELEBOROS / JR. LAS BELLOTITAS",
                "WKT": "POINT Z (-77.009746 -12.017492 0)"
            },
            "geometry": {
                "type": "Point",
                "coordinates": [
                    -77.009746,
                    -12.017492,
                    0.0
                ]
            }
        },
        {
            "type": "Feature",
            "properties": {
                "name": "500",
                "jurisdiccion": "Caja de Agua",
                "tipo": "TIPO I",
                "camara": "180",
                "megafono": true,
                "boton": false,
                "referencia": "-12.0163494259339, -77.0082421039278",
                "direccion": "JR. RICINOS / JR. NEPENTAS",
                "WKT": "POINT Z (-77.008497 -12.016881 0)"
            },
            "geometry": {
                "type": "Point",
                "coordinates": [
                    -77.008497,
                    -12.016881,
                    0.0
                ]
            }
        },
        {
            "type": "Feature",
            "properties": {
                "name": "501",
                "jurisdiccion": "Caja de Agua",
                "tipo": "TIPO I",
                "camara": "180",
                "megafono": false,
                "boton": false,
                "referencia": "-12.016049549211, -77.0079642386264",
                "direccion": "JR. LAS LAUSONIAS / REF. I.E.P.Â  SARITA COLONIA",
                "WKT": "POINT Z (-77.008348 -12.015654 0)"
            },
            "geometry": {
                "type": "Point",
                "coordinates": [
                    -77.008348,
                    -12.015654,
                    0.0
                ]
            }
        },
        {
            "type": "Feature",
            "properties": {
                "name": "502",
                "jurisdiccion": "Caja de Agua",
                "tipo": "TIPO I",
                "camara": "180",
                "megafono": false,
                "boton": false,
                "referencia": "-12.0151489167968, -77.0095748595668",
                "direccion": "JR.LOS BELANOS / JR.LAS GROSELIAS ",
                "WKT": "POINT Z (-77.009518 -12.015753 0)"
            },
            "geometry": {
                "type": "Point",
                "coordinates": [
                    -77.010416,
                    -12.015625,
                    0.0
                ]
            }
        },
        {
            "type": "Feature",
            "properties": {
                "name": "503",
                "jurisdiccion": "Caja de Agua",
                "tipo": "TIPO I",
                "camara": "180",
                "megafono": false,
                "boton": false,
                "referencia": "-12.0144725350426, -77.0094724705548",
                "direccion": "JR. LAS ORTIGAS / C. LOS PALMITOS",
                "WKT": "POINT Z (-77.009217 -12.014236 0)"
            },
            "geometry": {
                "type": "Point",
                "coordinates": [
                    -77.009217,
                    -12.014236,
                    0.0
                ]
            }
        },
        {
            "type": "Feature",
            "properties": {
                "name": "504",
                "jurisdiccion": "Caja de Agua",
                "tipo": "TIPO I",
                "camara": "180",
                "megafono": false,
                "boton": false,
                "referencia": "-12.0148073984289, -77.0131338124265",
                "direccion": "AV. CANTO GRANDE / JR. LAS ALHUCENAS",
                "WKT": "POINT Z (-77.0131 -12.014508 0)"
            },
            "geometry": {
                "type": "Point",
                "coordinates": [
                    -77.0131,
                    -12.014508,
                    0.0
                ]
            }
        },
        {
            "type": "Feature",
            "properties": {
                "name": "505",
                "jurisdiccion": "Caja de Agua",
                "tipo": "TIPO I",
                "camara": "180",
                "megafono": false,
                "boton": false,
                "referencia": "-12.0100029553466, -77.0082078469376",
                "direccion": "JR. LAS GROSELLAS / JR. LAS CORALINAS",
                "WKT": "POINT Z (-77.008415 -12.009759 0)"
            },
            "geometry": {
                "type": "Point",
                "coordinates": [
                    -77.008415,
                    -12.009759,
                    0.0
                ]
            }
        },
        {
            "type": "Feature",
            "properties": {
                "name": "506",
                "jurisdiccion": "Caja de Agua",
                "tipo": "TIPO I",
                "camara": "180",
                "megafono": false,
                "boton": false,
                "referencia": "-12.0091721907028, -77.0101793724611",
                "direccion": "JR. LAS SENSITIVAS /CA. LAS ANEMONAS",
                "WKT": "POINT Z (-77.010453 -12.00994 0)"
            },
            "geometry": {
                "type": "Point",
                "coordinates": [
                    -77.010453,
                    -12.00994,
                    0.0
                ]
            }
        },
        {
            "type": "Feature",
            "properties": {
                "name": "507",
                "jurisdiccion": "Caja de Agua",
                "tipo": "TIPO II",
                "camara": "360",
                "megafono": true,
                "boton": true,
                "referencia": "",
                "direccion": "AV. LOS JARDINES / JR LAS ORTIGAS",
                "WKT": "POINT Z (-77.008362 -12.007226 0)"
            },
            "geometry": {
                "type": "Point",
                "coordinates": [
                    -77.008362,
                    -12.007226,
                    0.0
                ]
            }
        },
        {
            "type": "Feature",
            "properties": {
                "name": "508",
                "jurisdiccion": "Caja de Agua",
                "tipo": "TIPO I",
                "camara": "180",
                "megafono": false,
                "boton": false,
                "referencia": "-12.0085689119111, -77.0049345905996",
                "direccion": "JR. LOS PELITRES / JR. LOS ACEBOS",
                "WKT": "POINT Z (-77.005133 -12.008755 0)"
            },
            "geometry": {
                "type": "Point",
                "coordinates": [
                    -77.005133,
                    -12.008755,
                    0.0
                ]
            }
        },
        {
            "type": "Feature",
            "properties": {
                "name": "509",
                "jurisdiccion": "Caja de Agua",
                "tipo": "TIPO I",
                "camara": "180",
                "megafono": false,
                "boton": false,
                "referencia": "-12.0106531946806, -77.0054998585452",
                "direccion": "JR. LAS CORALINAS / JR. LOS ARABISCOS",
                "WKT": "POINT Z (-77.005506 -12.010237 0)"
            },
            "geometry": {
                "type": "Point",
                "coordinates": [
                    -77.005506,
                    -12.010237,
                    0.0
                ]
            }
        },
        {
            "type": "Feature",
            "properties": {
                "name": "510",
                "jurisdiccion": "Caja de Agua",
                "tipo": "TIPO I",
                "camara": "180",
                "megafono": false,
                "boton": false,
                "referencia": "-12.0102076410674, -77.0069376056136",
                "direccion": "JR. LAS BELLOTITAS/ REF. JR. LOS RICINOS",
                "WKT": "POINT Z (-77.007049 -12.009572 0)"
            },
            "geometry": {
                "type": "Point",
                "coordinates": [
                    -77.006697,
                    -12.009594,
                    0.0
                ]
            }
        },
        {
            "type": "Feature",
            "properties": {
                "name": "511",
                "jurisdiccion": "Caja de Agua",
                "tipo": "TIPO I",
                "camara": "180",
                "megafono": false,
                "boton": false,
                "referencia": "-12.0110607576187, -77.0078539523629",
                "direccion": "JR. LAS BELLOTITAS / REF. HOTEL LA SIESTA",
                "WKT": "POINT Z (-77.008027 -12.011401 0)"
            },
            "geometry": {
                "type": "Point",
                "coordinates": [
                    -77.008027,
                    -12.011401,
                    0.0
                ]
            }
        },
        {
            "type": "Feature",
            "properties": {
                "name": "512",
                "jurisdiccion": "Caja de Agua",
                "tipo": "TIPO I",
                "camara": "180",
                "megafono": false,
                "boton": false,
                "referencia": "-12.0106536859786, -77.0059423596778",
                "direccion": "JR. LAS SENSITIVAS / JR. LOS ARRAYANES",
                "WKT": "POINT Z (-77.005967 -12.011013 0)"
            },
            "geometry": {
                "type": "Point",
                "coordinates": [
                    -77.005967,
                    -12.011013,
                    0.0
                ]
            }
        },
        {
            "type": "Feature",
            "properties": {
                "name": "513",
                "jurisdiccion": "Caja de Agua",
                "tipo": "TIPO I",
                "camara": "180",
                "megafono": false,
                "boton": false,
                "referencia": "-12.0154956874605, -77.0068206110958",
                "direccion": "JR. LAS LAUSONIAS / JR. ARRAYANES",
                "WKT": "POINT Z (-77.00618 -12.015495 0)"
            },
            "geometry": {
                "type": "Point",
                "coordinates": [
                    -77.00618,
                    -12.015495,
                    0.0
                ]
            }
        },
        {
            "type": "Feature",
            "properties": {
                "name": "514",
                "jurisdiccion": "Caja de Agua",
                "tipo": "TIPO I",
                "camara": "180",
                "megafono": false,
                "boton": false,
                "referencia": "-12.0176139668227, -77.0064680985986",
                "direccion": "JR. ELEBOROS / JR.LOS LIQUENES",
                "WKT": "POINT Z (-77.006617 -12.01747 0)"
            },
            "geometry": {
                "type": "Point",
                "coordinates": [
                    -77.006269,
                    -12.017798,
                    0.0
                ]
            }
        },
        {
            "type": "Feature",
            "properties": {
                "name": "515",
                "jurisdiccion": "Caja de Agua",
                "tipo": "TIPO I",
                "camara": "180",
                "megafono": false,
                "boton": false,
                "referencia": "-12.0148530202074, -77.0045217266766",
                "direccion": "JR. LAS HEBERAS / REF. PARQ. LOS JARDINES 2DA ETAPA",
                "WKT": "POINT Z (-77.004545 -12.014377 0)"
            },
            "geometry": {
                "type": "Point",
                "coordinates": [
                    -77.004523,
                    -12.014862,
                    0.0
                ]
            }
        },
        {
            "type": "Feature",
            "properties": {
                "name": "516",
                "jurisdiccion": "Caja de Agua",
                "tipo": "TIPO I",
                "camara": "180",
                "megafono": false,
                "boton": false,
                "referencia": "-12.0143312109672, -77.0027036002819",
                "direccion": "JR. LAS LAUSONIAS / JR. LOS MIRABLES",
                "WKT": "POINT Z (-77.00262 -12.015253 0)"
            },
            "geometry": {
                "type": "Point",
                "coordinates": [
                    -77.00262,
                    -12.015253,
                    0.0
                ]
            }
        },
        {
            "type": "Feature",
            "properties": {
                "name": "517",
                "jurisdiccion": "Caja de Agua",
                "tipo": "TIPO I",
                "camara": "180",
                "megafono": false,
                "boton": false,
                "referencia": "-12.0210134479023, -77.0112691581629",
                "direccion": "AV. TUPAC AMARU / JR. LIQUENES",
                "WKT": "POINT Z (-77.010054 -12.021302 0)"
            },
            "geometry": {
                "type": "Point",
                "coordinates": [
                    -77.010054,
                    -12.021302,
                    0.0
                ]
            }
        },
        {
            "type": "Feature",
            "properties": {
                "name": "518",
                "jurisdiccion": "Caja de Agua",
                "tipo": "TIPO I",
                "camara": "180",
                "megafono": false,
                "boton": false,
                "referencia": "-12.0245783219109, -77.01085267152",
                "direccion": "JR. BELAUNDEÂ  / JR. E VALCARCEL",
                "WKT": "POINT Z (-77.010671 -12.024178 0)"
            },
            "geometry": {
                "type": "Point",
                "coordinates": [
                    -77.010671,
                    -12.024178,
                    0.0
                ]
            }
        },
        {
            "type": "Feature",
            "properties": {
                "name": "519",
                "jurisdiccion": "Caja de Agua",
                "tipo": "TIPO I",
                "camara": "180",
                "megafono": false,
                "boton": false,
                "referencia": "-12.0210707068915, -77.0135959269938",
                "direccion": "AV. LAS FLORES / AV. TUPAC AMARU",
                "WKT": "POINT Z (-77.013614 -12.021067 0)"
            },
            "geometry": {
                "type": "Point",
                "coordinates": [
                    -77.013614,
                    -12.021067,
                    0.0
                ]
            }
        },
        {
            "type": "Feature",
            "properties": {
                "name": "520",
                "jurisdiccion": "Caja de Agua",
                "tipo": "TIPO I",
                "camara": "180",
                "megafono": true,
                "boton": true,
                "referencia": "-12.0267426429711, -77.0123883425135",
                "direccion": "JR. LAMBAYEQUE / JR. ICA",
                "WKT": "POINT Z (-77.012465 -12.026454 0)"
            },
            "geometry": {
                "type": "Point",
                "coordinates": [
                    -77.012465,
                    -12.026454,
                    0.0
                ]
            }
        },
        {
            "type": "Feature",
            "properties": {
                "name": "521",
                "jurisdiccion": "Caja de Agua",
                "tipo": "TIPO I",
                "camara": "180",
                "megafono": false,
                "boton": false,
                "referencia": "-12.0273944856898, -77.0151986402155",
                "direccion": "AV. LIMA / CA. MOQUEGUA",
                "WKT": "POINT Z (-77.015491 -12.025872 0)"
            },
            "geometry": {
                "type": "Point",
                "coordinates": [
                    -77.015491,
                    -12.025872,
                    0.0
                ]
            }
        },
        {
            "type": "Feature",
            "properties": {
                "name": "522",
                "jurisdiccion": "Caja de Agua",
                "tipo": "TIPO II",
                "camara": "360",
                "megafono": true,
                "boton": true,
                "referencia": "",
                "direccion": "AV. FLORES DE PRIMAVERA / JR. LIMONCILLO",
                "WKT": "POINT Z (-77.012673 -12.022965 0)"
            },
            "geometry": {
                "type": "Point",
                "coordinates": [
                    -77.012673,
                    -12.022965,
                    0.0
                ]
            }
        },
        {
            "type": "Feature",
            "properties": {
                "name": "523",
                "jurisdiccion": "Caja de Agua",
                "tipo": "TIPO II",
                "camara": "360",
                "megafono": true,
                "boton": true,
                "referencia": "",
                "direccion": "AV. PROCERES DE LA INDEPENDENCIA /AV. LIMA",
                "WKT": "POINT Z (-77.01016 -12.025648 0)"
            },
            "geometry": {
                "type": "Point",
                "coordinates": [
                    -77.01016,
                    -12.025648,
                    0.0
                ]
            }
        },
        {
            "type": "Feature",
            "properties": {
                "name": "524",
                "jurisdiccion": "Caja de Agua",
                "tipo": "TIPO I",
                "camara": "180",
                "megafono": true,
                "boton": false,
                "referencia": "-12.0320753190181, -77.0127710074935",
                "direccion": "AV. PROCERES DE LA INDEPENDENCIA / AV. PROGRESO",
                "WKT": "POINT Z (-77.01241 -12.031502 0)"
            },
            "geometry": {
                "type": "Point",
                "coordinates": [
                    -77.01241,
                    -12.031502,
                    0.0
                ]
            }
        },
        {
            "type": "Feature",
            "properties": {
                "name": "525",
                "jurisdiccion": "Zarate",
                "tipo": "TIPO I",
                "camara": "180",
                "megafono": true,
                "boton": false,
                "referencia": "-12.0290468203357, -77.0114739475079",
                "direccion": "AV. PROCERES DE LA INDEPENDENCIA / JR. SACSAYHUAMAN",
                "WKT": "POINT Z (-77.011791 -12.029824 0)"
            },
            "geometry": {
                "type": "Point",
                "coordinates": [
                    -77.011791,
                    -12.029824,
                    0.0
                ]
            }
        },
        {
            "type": "Feature",
            "properties": {
                "name": "526",
                "jurisdiccion": "Caja de Agua",
                "tipo": "TIPO I",
                "camara": "180",
                "megafono": false,
                "boton": false,
                "referencia": "-12.0304543179328, -77.0167984328123",
                "direccion": "JR. SAN NICOLAS/ JR. CAJAMARCA",
                "WKT": "POINT Z (-77.017565 -12.029907 0)"
            },
            "geometry": {
                "type": "Point",
                "coordinates": [
                    -77.017565,
                    -12.029907,
                    0.0
                ]
            }
        },
        {
            "type": "Feature",
            "properties": {
                "name": "527",
                "jurisdiccion": "Caja de Agua",
                "tipo": "TIPO I",
                "camara": "180",
                "megafono": false,
                "boton": false,
                "referencia": "-12.0175969569999, -77.0054791443922",
                "direccion": "JR. LIQUENES / JR. LAS HEBEAS",
                "WKT": "POINT Z (-77.004681 -12.017377 0)"
            },
            "geometry": {
                "type": "Point",
                "coordinates": [
                    -77.004681,
                    -12.017377,
                    0.0
                ]
            }
        },
        {
            "type": "Feature",
            "properties": {
                "name": "528",
                "jurisdiccion": "Caja de Agua",
                "tipo": "TIPO I",
                "camara": "180",
                "megafono": false,
                "boton": false,
                "referencia": "-12.0194152277544, -77.0069423609561",
                "direccion": "JR. JOSE ANTONIO ENCINAS / C. LAS CIDRAS",
                "WKT": "POINT Z (-77.007569 -12.020115 0)"
            },
            "geometry": {
                "type": "Point",
                "coordinates": [
                    -77.007569,
                    -12.020115,
                    0.0
                ]
            }
        },
        {
            "type": "Feature",
            "properties": {
                "name": "529",
                "jurisdiccion": "Zarate",
                "tipo": "TIPO I",
                "camara": "180",
                "megafono": true,
                "boton": true,
                "referencia": "-12.0244356084977, -77.0062997753906",
                "direccion": "PJE. FRANCISCO BOLOGNESI / REF. PARQ. VICTOR RAUL",
                "WKT": "POINT Z (-77.006305 -12.023921 0)"
            },
            "geometry": {
                "type": "Point",
                "coordinates": [
                    -77.006305,
                    -12.023921,
                    0.0
                ]
            }
        },
        {
            "type": "Feature",
            "properties": {
                "name": "530",
                "jurisdiccion": "Zarate",
                "tipo": "TIPO I",
                "camara": "180",
                "megafono": false,
                "boton": false,
                "referencia": "-12.0255946951935, -77.0082180477401",
                "direccion": "JR. LOS CHASQUIS / JR. POSTAS",
                "WKT": "POINT Z (-77.007916 -12.02501 0)"
            },
            "geometry": {
                "type": "Point",
                "coordinates": [
                    -77.007759,
                    -12.025109,
                    0.0
                ]
            }
        },
        {
            "type": "Feature",
            "properties": {
                "name": "531",
                "jurisdiccion": "Zarate",
                "tipo": "TIPO I",
                "camara": "180",
                "megafono": true,
                "boton": true,
                "referencia": "-12.0271136755321, -77.0087526995546",
                "direccion": "JR. TIAHUANACO / JR. LAS POSTAS",
                "WKT": "POINT Z (-77.009551 -12.027251 0)"
            },
            "geometry": {
                "type": "Point",
                "coordinates": [
                    -77.009551,
                    -12.027251,
                    0.0
                ]
            }
        },
        {
            "type": "Feature",
            "properties": {
                "name": "532",
                "jurisdiccion": "Zarate",
                "tipo": "TIPO I",
                "camara": "180",
                "megafono": true,
                "boton": true,
                "referencia": "-12.0282660108864, -77.0076833968431",
                "direccion": "JR. LOS AMAUTAS / JR. LAS CHULPAS",
                "WKT": "POINT Z (-77.00775 -12.027983 0)"
            },
            "geometry": {
                "type": "Point",
                "coordinates": [
                    -77.00775,
                    -12.027983,
                    0.0
                ]
            }
        },
        {
            "type": "Feature",
            "properties": {
                "name": "533",
                "jurisdiccion": "Zarate",
                "tipo": "TIPO I",
                "camara": "180",
                "megafono": true,
                "boton": true,
                "referencia": "-12.0315839885621, -77.0116087592746",
                "direccion": "AV. MALECON CHECA / JR. ENRIQUE PETRAL",
                "WKT": "POINT Z (-77.011297 -12.031247 0)"
            },
            "geometry": {
                "type": "Point",
                "coordinates": [
                    -77.011297,
                    -12.031247,
                    0.0
                ]
            }
        },
        {
            "type": "Feature",
            "properties": {
                "name": "534",
                "jurisdiccion": "Zarate",
                "tipo": "TIPO I",
                "camara": "180",
                "megafono": true,
                "boton": true,
                "referencia": "-12.0300598884776, -77.0095394984162",
                "direccion": "AV. MALECÓN CHECA / JR. PACHAMAMA",
                "WKT": "POINT Z (-77.008911 -12.02978 0)"
            },
            "geometry": {
                "type": "Point",
                "coordinates": [
                    -77.008911,
                    -12.02978,
                    0.0
                ]
            }
        },
        {
            "type": "Feature",
            "properties": {
                "name": "535",
                "jurisdiccion": "Zarate",
                "tipo": "TIPO I",
                "camara": "180",
                "megafono": true,
                "boton": false,
                "referencia": "-12.029635131759, -77.0098209342188",
                "direccion": "JR. LOS AMAUTAS / JR. TAHUANTINSUYO",
                "WKT": "POINT Z (-77.010535 -12.029969 0)"
            },
            "geometry": {
                "type": "Point",
                "coordinates": [
                    -77.010535,
                    -12.029969,
                    0.0
                ]
            }
        },
        {
            "type": "Feature",
            "properties": {
                "name": "536",
                "jurisdiccion": "Zarate",
                "tipo": "TIPO I",
                "camara": "180",
                "megafono": false,
                "boton": false,
                "referencia": "-12.0290157544062, -77.0070661653056",
                "direccion": "JR. WIRACOCHA / JR. CHAVIN DE HUANTAR",
                "WKT": "POINT Z (-77.007131 -12.02858 0)"
            },
            "geometry": {
                "type": "Point",
                "coordinates": [
                    -77.007131,
                    -12.02858,
                    0.0
                ]
            }
        },
        {
            "type": "Feature",
            "properties": {
                "name": "537",
                "jurisdiccion": "Zarate",
                "tipo": "TIPO I",
                "camara": "180",
                "megafono": false,
                "boton": false,
                "referencia": "-12.0292925162995, -77.0059312729101",
                "direccion": "AV. MALECON CHECA / JR. AYAR MANCO",
                "WKT": "POINT Z (-77.004929 -12.029141 0)"
            },
            "geometry": {
                "type": "Point",
                "coordinates": [
                    -77.004929,
                    -12.029141,
                    0.0
                ]
            }
        },
        {
            "type": "Feature",
            "properties": {
                "name": "538",
                "jurisdiccion": "Zarate",
                "tipo": "TIPO I",
                "camara": "180",
                "megafono": false,
                "boton": false,
                "referencia": "-12.0281630825662, -77.0038734387603",
                "direccion": "JR. TAHUANTINSUYO / JR. LANZON",
                "WKT": "POINT Z (-77.003237 -12.027932 0)"
            },
            "geometry": {
                "type": "Point",
                "coordinates": [
                    -77.003237,
                    -12.027932,
                    0.0
                ]
            }
        },
        {
            "type": "Feature",
            "properties": {
                "name": "539",
                "jurisdiccion": "Zarate",
                "tipo": "TIPO I",
                "camara": "180",
                "megafono": false,
                "boton": false,
                "referencia": "-12.0242870751931, -77.003289733384",
                "direccion": "JR. SAN FRANCISCO / JR. SAN LUIS GONZAGA",
                "WKT": "POINT Z (-77.002602 -12.024399 0)"
            },
            "geometry": {
                "type": "Point",
                "coordinates": [
                    -77.002602,
                    -12.024399,
                    0.0
                ]
            }
        },
        {
            "type": "Feature",
            "properties": {
                "name": "540",
                "jurisdiccion": "Zarate",
                "tipo": "TIPO I",
                "camara": "180",
                "megafono": false,
                "boton": false,
                "referencia": "-12.0222602853976, -77.0041769848905",
                "direccion": "JR. CAJAMARQUILLA / JR. SANTA LUISA",
                "WKT": "POINT Z (-77.004897 -12.022171 0)"
            },
            "geometry": {
                "type": "Point",
                "coordinates": [
                    -77.004897,
                    -12.022171,
                    0.0
                ]
            }
        },
        {
            "type": "Feature",
            "properties": {
                "name": "541",
                "jurisdiccion": "Zarate",
                "tipo": "TIPO I",
                "camara": "180",
                "megafono": false,
                "boton": false,
                "referencia": "-12.0242081315387, -77.0047075943029",
                "direccion": "JR. SAN FEDERICO / JR. SANTA LUISA",
                "WKT": "POINT Z (-77.005201 -12.024633 0)"
            },
            "geometry": {
                "type": "Point",
                "coordinates": [
                    -77.005201,
                    -12.024633,
                    0.0
                ]
            }
        },
        {
            "type": "Feature",
            "properties": {
                "name": "542",
                "jurisdiccion": "Zarate",
                "tipo": "TIPO I",
                "camara": "180",
                "megafono": false,
                "boton": false,
                "referencia": "-12.0244857570382, -77.0075423022106",
                "direccion": "JR. SANTA FEDERICO /REF. COMPLEJO DEPORTIVO CESAR VALLEJO",
                "WKT": "POINT Z (-77.006928 -12.02502 0)"
            },
            "geometry": {
                "type": "Point",
                "coordinates": [
                    -77.006766,
                    -12.025068,
                    0.0
                ]
            }
        },
        {
            "type": "Feature",
            "properties": {
                "name": "543",
                "jurisdiccion": "Zarate",
                "tipo": "TIPO I",
                "camara": "180",
                "megafono": false,
                "boton": false,
                "referencia": "-12.0267305823683, -77.0059472278087",
                "direccion": "JR. TIAHUANACO / JR. AYAR MANCO",
                "WKT": "POINT Z (-77.005711 -12.026701 0)"
            },
            "geometry": {
                "type": "Point",
                "coordinates": [
                    -77.005711,
                    -12.026701,
                    0.0
                ]
            }
        },
        {
            "type": "Feature",
            "properties": {
                "name": "544",
                "jurisdiccion": "Huayrona",
                "tipo": "TIPO I",
                "camara": "180",
                "megafono": true,
                "boton": true,
                "referencia": "-12.0042490956278, -77.0169791679183",
                "direccion": "JR. LOS EBANOS / JR. LOS MATUERZOS",
                "WKT": "POINT Z (-77.01599 -12.004729 0)"
            },
            "geometry": {
                "type": "Point",
                "coordinates": [
                    -77.01599,
                    -12.004729,
                    0.0
                ]
            }
        },
        {
            "type": "Feature",
            "properties": {
                "name": "545",
                "jurisdiccion": "Zarate",
                "tipo": "TIPO I",
                "camara": "180",
                "megafono": false,
                "boton": false,
                "referencia": "-12.0186929028369, -76.9911336998045",
                "direccion": "AV. EL SANTUARIO / AV. LAS LOMAS",
                "WKT": "POINT Z (-76.990586 -12.019953 0)"
            },
            "geometry": {
                "type": "Point",
                "coordinates": [
                    -76.990586,
                    -12.019953,
                    0.0
                ]
            }
        },
        {
            "type": "Feature",
            "properties": {
                "name": "546",
                "jurisdiccion": "Zarate",
                "tipo": "TIPO I",
                "camara": "180",
                "megafono": false,
                "boton": false,
                "referencia": "-12.0184238156959, -76.9934714369529",
                "direccion": "AV. EL SANTUARIO / REF. INKA GROUP SA",
                "WKT": "POINT Z (-76.994513 -12.019688 0)"
            },
            "geometry": {
                "type": "Point",
                "coordinates": [
                    -76.994513,
                    -12.019688,
                    0.0
                ]
            }
        },
        {
            "type": "Feature",
            "properties": {
                "name": "547",
                "jurisdiccion": "Zarate",
                "tipo": "TIPO II",
                "camara": "360",
                "megafono": true,
                "boton": true,
                "referencia": "",
                "direccion": "AV. LAS LOMAS / AV. GRAN CHIMU",
                "WKT": "POINT Z (-76.99129 -12.024353 0)"
            },
            "geometry": {
                "type": "Point",
                "coordinates": [
                    -76.99129,
                    -12.024353,
                    0.0
                ]
            }
        },
        {
            "type": "Feature",
            "properties": {
                "name": "548",
                "jurisdiccion": "Zarate",
                "tipo": "TIPO I",
                "camara": "180",
                "megafono": true,
                "boton": false,
                "referencia": "-12.0249608158096, -76.9935223508516",
                "direccion": "JR. CHAVIN DE HUANTAR / JR. LA CANTUTA",
                "WKT": "POINT Z (-76.993834 -12.025543 0)"
            },
            "geometry": {
                "type": "Point",
                "coordinates": [
                    -76.993834,
                    -12.025543,
                    0.0
                ]
            }
        },
        {
            "type": "Feature",
            "properties": {
                "name": "549",
                "jurisdiccion": "Zarate",
                "tipo": "TIPO I",
                "camara": "180",
                "megafono": true,
                "boton": true,
                "referencia": "-12.0237141206985, -76.9839650572698",
                "direccion": "AV. GRAN CHIMU / JR. CHASCA",
                "WKT": "POINT Z (-76.984291 -12.02419 0)"
            },
            "geometry": {
                "type": "Point",
                "coordinates": [
                    -76.984291,
                    -12.02419,
                    0.0
                ]
            }
        },
        {
            "type": "Feature",
            "properties": {
                "name": "550",
                "jurisdiccion": "Huayrona",
                "tipo": "TIPO I",
                "camara": "180",
                "megafono": false,
                "boton": false,
                "referencia": "-11.9965665524809, -76.9978740676991",
                "direccion": "JR. LAS LATERITASÂ  / JR. GRAFITOS",
                "WKT": "POINT Z (-76.997706 -11.995924 0)"
            },
            "geometry": {
                "type": "Point",
                "coordinates": [
                    -76.997706,
                    -11.995924,
                    0.0
                ]
            }
        },
        {
            "type": "Feature",
            "properties": {
                "name": "551",
                "jurisdiccion": "Huayrona",
                "tipo": "TIPO I",
                "camara": "180",
                "megafono": false,
                "boton": false,
                "referencia": "-12.0083932496628, -76.9921842379613",
                "direccion": "AV. LOS CLAVELES / JR. LAS VIOLETAS",
                "WKT": "POINT Z (-76.992726 -12.008079 0)"
            },
            "geometry": {
                "type": "Point",
                "coordinates": [
                    -76.992726,
                    -12.008079,
                    0.0
                ]
            }
        },
        {
            "type": "Feature",
            "properties": {
                "name": "552",
                "jurisdiccion": "Zarate",
                "tipo": "TIPO I",
                "camara": "180",
                "megafono": false,
                "boton": false,
                "referencia": "-12.0091310023212, -76.9837169215332",
                "direccion": "JR. PURUCHUCO /JR. SOCHIN",
                "WKT": "POINT Z (-76.983659 -12.008531 0)"
            },
            "geometry": {
                "type": "Point",
                "coordinates": [
                    -76.983659,
                    -12.008531,
                    0.0
                ]
            }
        },
        {
            "type": "Feature",
            "properties": {
                "name": "553",
                "jurisdiccion": "Zarate",
                "tipo": "TIPO I",
                "camara": "180",
                "megafono": true,
                "boton": false,
                "referencia": "-12.0174331644046, -76.98428863394",
                "direccion": "AV. EL SANTUARIO / JR. TEMPLO ASPERO",
                "WKT": "POINT Z (-76.983386 -12.017392 0)"
            },
            "geometry": {
                "type": "Point",
                "coordinates": [
                    -76.983386,
                    -12.017392,
                    0.0
                ]
            }
        },
        {
            "type": "Feature",
            "properties": {
                "name": "554",
                "jurisdiccion": "Zarate",
                "tipo": "TIPO I",
                "camara": "180",
                "megafono": false,
                "boton": false,
                "referencia": "-12.0161372305709, -76.9875417797917",
                "direccion": "JR. PALLKA / JR. TEMPLO DEL SOL",
                "WKT": "POINT Z (-76.987546 -12.017037 0)"
            },
            "geometry": {
                "type": "Point",
                "coordinates": [
                    -76.987546,
                    -12.017037,
                    0.0
                ]
            }
        },
        {
            "type": "Feature",
            "properties": {
                "name": "555",
                "jurisdiccion": "Zarate",
                "tipo": "TIPO I",
                "camara": "180",
                "megafono": true,
                "boton": true,
                "referencia": "-12.0172508415402, -76.9863054657591",
                "direccion": "JR. MOXOCO / JR. TEMPLO DE LA LUNA",
                "WKT": "POINT Z (-76.986148 -12.018098 0)"
            },
            "geometry": {
                "type": "Point",
                "coordinates": [
                    -76.986148,
                    -12.018098,
                    0.0
                ]
            }
        },
        {
            "type": "Feature",
            "properties": {
                "name": "556",
                "jurisdiccion": "Zarate",
                "tipo": "TIPO II",
                "camara": "360",
                "megafono": true,
                "boton": true,
                "referencia": "",
                "direccion": "AV. LAS LOMAS/ AV. TEMPLO TARDIO",
                "WKT": "POINT Z (-76.98883 -12.016192 0)"
            },
            "geometry": {
                "type": "Point",
                "coordinates": [
                    -76.98883,
                    -12.016192,
                    0.0
                ]
            }
        },
        {
            "type": "Feature",
            "properties": {
                "name": "557",
                "jurisdiccion": "Zarate",
                "tipo": "TIPO I",
                "camara": "180",
                "megafono": true,
                "boton": true,
                "referencia": "-12.0218308247724, -76.9987276707045",
                "direccion": "JR. CAJAMARQUILLA / JR. TUPAYAURI",
                "WKT": "POINT Z (-76.9979 -12.0226 0)"
            },
            "geometry": {
                "type": "Point",
                "coordinates": [
                    -76.9979,
                    -12.0226,
                    0.0
                ]
            }
        },
        {
            "type": "Feature",
            "properties": {
                "name": "558",
                "jurisdiccion": "Zarate",
                "tipo": "TIPO I",
                "camara": "180",
                "megafono": true,
                "boton": false,
                "referencia": "-12.0116845164548, -76.9970886034282",
                "direccion": "AV. SANTA ROSA DE LIMA / AV. LOS TUSILAGOS ESTE",
                "WKT": "POINT Z (-76.997107 -12.010832 0)"
            },
            "geometry": {
                "type": "Point",
                "coordinates": [
                    -76.997107,
                    -12.010832,
                    0.0
                ]
            }
        },
        {
            "type": "Feature",
            "properties": {
                "name": "559",
                "jurisdiccion": "Zarate",
                "tipo": "TIPO I",
                "camara": "180",
                "megafono": false,
                "boton": false,
                "referencia": "-12.0141094038825, -76.9989484418216",
                "direccion": "AV. 13 DE ENERO / JR. LOS CISNES",
                "WKT": "POINT Z (-76.99955 -12.014702 0)"
            },
            "geometry": {
                "type": "Point",
                "coordinates": [
                    -76.99955,
                    -12.014702,
                    0.0
                ]
            }
        },
        {
            "type": "Feature",
            "properties": {
                "name": "560",
                "jurisdiccion": "Zarate",
                "tipo": "TIPO II",
                "camara": "360",
                "megafono": true,
                "boton": true,
                "referencia": "",
                "direccion": "AV. PROCERES DE LA INDEPENDENCIA / AV. LOS TUSILAGOS ESTE",
                "WKT": "POINT Z (-77.001717 -12.013188 0)"
            },
            "geometry": {
                "type": "Point",
                "coordinates": [
                    -77.001717,
                    -12.013188,
                    0.0
                ]
            }
        },
        {
            "type": "Feature",
            "properties": {
                "name": "561",
                "jurisdiccion": "Zarate",
                "tipo": "TIPO I",
                "camara": "180",
                "megafono": false,
                "boton": false,
                "referencia": "-12.0135154322515, -76.9994345670916",
                "direccion": "JR. LOS RUISEÃ‘ORES / JR. LOS HALCONES",
                "WKT": "POINT Z (-76.999796 -12.013169 0)"
            },
            "geometry": {
                "type": "Point",
                "coordinates": [
                    -76.999796,
                    -12.013169,
                    0.0
                ]
            }
        },
        {
            "type": "Feature",
            "properties": {
                "name": "562",
                "jurisdiccion": "Zarate",
                "tipo": "TIPO I",
                "camara": "180",
                "megafono": true,
                "boton": true,
                "referencia": "-12.0141120967923, -76.9981218365549",
                "direccion": "AV. 13 DE ENERO / JR. CISNES",
                "WKT": "POINT Z (-76.997419 -12.013894 0)"
            },
            "geometry": {
                "type": "Point",
                "coordinates": [
                    -76.997419,
                    -12.013894,
                    0.0
                ]
            }
        },
        {
            "type": "Feature",
            "properties": {
                "name": "563",
                "jurisdiccion": "Zarate",
                "tipo": "TIPO I",
                "camara": "180",
                "megafono": true,
                "boton": true,
                "referencia": "-12.0202633131466, -76.9842639535576",
                "direccion": "JR. TEMPLO DEL SOL / JR. PUNKARI",
                "WKT": "POINT Z (-76.983751 -12.020344 0)"
            },
            "geometry": {
                "type": "Point",
                "coordinates": [
                    -76.983751,
                    -12.020344,
                    0.0
                ]
            }
        },
        {
            "type": "Feature",
            "properties": {
                "name": "564",
                "jurisdiccion": "Zarate",
                "tipo": "TIPO I",
                "camara": "180",
                "megafono": false,
                "boton": false,
                "referencia": "-12.0140239187273, -76.9921309064838",
                "direccion": "AV. LOS REGADORES / REF. LOSA DEPORTIVA VALLE DEL MANTARO",
                "WKT": "POINT Z (-76.992543 -12.013435 0)"
            },
            "geometry": {
                "type": "Point",
                "coordinates": [
                    -76.992543,
                    -12.013435,
                    0.0
                ]
            }
        },
        {
            "type": "Feature",
            "properties": {
                "name": "565",
                "jurisdiccion": "Zarate",
                "tipo": "TIPO I",
                "camara": "180",
                "megafono": true,
                "boton": false,
                "referencia": "-12.0152489602335, -76.9911798509005",
                "direccion": "C. SANTA ROSA / JR. LAS ORQUIDEAS",
                "WKT": "POINT Z (-76.990942 -12.015607 0)"
            },
            "geometry": {
                "type": "Point",
                "coordinates": [
                    -76.990942,
                    -12.015607,
                    0.0
                ]
            }
        },
        {
            "type": "Feature",
            "properties": {
                "name": "566",
                "jurisdiccion": "Zarate",
                "tipo": "TIPO I",
                "camara": "180",
                "megafono": false,
                "boton": false,
                "referencia": "-12.0110330782855, -76.9954320563238",
                "direccion": "PARQ. LOS ANGELES",
                "WKT": "POINT Z (-76.994915 -12.011254 0)"
            },
            "geometry": {
                "type": "Point",
                "coordinates": [
                    -76.994915,
                    -12.011254,
                    0.0
                ]
            }
        },
        {
            "type": "Feature",
            "properties": {
                "name": "567",
                "jurisdiccion": "Zarate",
                "tipo": "TIPO I",
                "camara": "180",
                "megafono": false,
                "boton": false,
                "referencia": "-12.0231145687811, -76.9831620105892",
                "direccion": "JR. ALAMEDA COYLLUR / JR. COYLLUR",
                "WKT": "POINT Z (-76.983508 -12.022783 0)"
            },
            "geometry": {
                "type": "Point",
                "coordinates": [
                    -76.983508,
                    -12.022783,
                    0.0
                ]
            }
        },
        {
            "type": "Feature",
            "properties": {
                "name": "568",
                "jurisdiccion": "Zarate",
                "tipo": "TIPO I",
                "camara": "180",
                "megafono": true,
                "boton": false,
                "referencia": "-12.0217845302193, -76.9786283545427",
                "direccion": "JR. FLORES GALINDO /Â  PJE. 4",
                "WKT": "POINT Z (-76.978499 -12.021519 0)"
            },
            "geometry": {
                "type": "Point",
                "coordinates": [
                    -76.978499,
                    -12.021519,
                    0.0
                ]
            }
        },
        {
            "type": "Feature",
            "properties": {
                "name": "569",
                "jurisdiccion": "Zarate",
                "tipo": "TIPO I",
                "camara": "180",
                "megafono": false,
                "boton": false,
                "referencia": "-12.0240984287345, -76.9851829448661",
                "direccion": "JR. TIAHUANACO / JR. SAYHULTE",
                "WKT": "POINT Z (-76.985497 -12.02346 0)"
            },
            "geometry": {
                "type": "Point",
                "coordinates": [
                    -76.985497,
                    -12.02346,
                    0.0
                ]
            }
        },
        {
            "type": "Feature",
            "properties": {
                "name": "570",
                "jurisdiccion": "Zarate",
                "tipo": "TIPO I",
                "camara": "180",
                "megafono": true,
                "boton": false,
                "referencia": "-12.0234360963379, -76.9876125191552",
                "direccion": "JR. CAJAMARQUILLA / JR. HARAVICU",
                "WKT": "POINT Z (-76.988955 -12.023004 0)"
            },
            "geometry": {
                "type": "Point",
                "coordinates": [
                    -76.988955,
                    -12.023004,
                    0.0
                ]
            }
        },
        {
            "type": "Feature",
            "properties": {
                "name": "571",
                "jurisdiccion": "Zarate",
                "tipo": "TIPO I",
                "camara": "180",
                "megafono": true,
                "boton": false,
                "referencia": "-12.02275483487, -76.9773891536205",
                "direccion": "C. ALFONSO UGARTE / PJE. LAS GOLONDRINAS",
                "WKT": "POINT Z (-76.976825 -12.0226278 0)"
            },
            "geometry": {
                "type": "Point",
                "coordinates": [
                    -76.976825,
                    -12.0226278,
                    0.0
                ]
            }
        },
        {
            "type": "Feature",
            "properties": {
                "name": "573",
                "jurisdiccion": "Zarate",
                "tipo": "TIPO I",
                "camara": "180",
                "megafono": true,
                "boton": false,
                "referencia": "-12.0196711510272, -76.9745183488982",
                "direccion": "AV.CIRCUNVALACION / REF. CONDOMINO FORTALEZA DE CAMPOY",
                "WKT": "POINT Z (-76.974483 -12.01927 0)"
            },
            "geometry": {
                "type": "Point",
                "coordinates": [
                    -76.974483,
                    -12.01927,
                    0.0
                ]
            }
        },
        {
            "type": "Feature",
            "properties": {
                "name": "574",
                "jurisdiccion": "Zarate",
                "tipo": "TIPO II",
                "camara": "360",
                "megafono": true,
                "boton": true,
                "referencia": "",
                "direccion": "AV. LAS LOMAS / JR. MARCAHUASI",
                "WKT": "POINT Z (-76.982362 -12.011222 0)"
            },
            "geometry": {
                "type": "Point",
                "coordinates": [
                    -76.982362,
                    -12.011222,
                    0.0
                ]
            }
        },
        {
            "type": "Feature",
            "properties": {
                "name": "575",
                "jurisdiccion": "Zarate",
                "tipo": "TIPO I",
                "camara": "180",
                "megafono": false,
                "boton": false,
                "referencia": "-12.0240002341921, -76.9826342169733",
                "direccion": "JR. APACHETA / REF. PARQ. ABEALRDO GAMARRA",
                "WKT": "POINT Z (-76.982086 -12.024157 0)"
            },
            "geometry": {
                "type": "Point",
                "coordinates": [
                    -76.982086,
                    -12.024157,
                    0.0
                ]
            }
        },
        {
            "type": "Feature",
            "properties": {
                "name": "577",
                "jurisdiccion": "Zarate",
                "tipo": "TIPO II",
                "camara": "360",
                "megafono": true,
                "boton": true,
                "referencia": "",
                "direccion": "AV. CIRCUNVALACION / JR. LOS ANGELES",
                "WKT": "POINT Z (-76.975465 -12.021723 0)"
            },
            "geometry": {
                "type": "Point",
                "coordinates": [
                    -76.975465,
                    -12.021723,
                    0.0
                ]
            }
        },
        {
            "type": "Feature",
            "properties": {
                "name": "579",
                "jurisdiccion": "Zarate",
                "tipo": "TIPO I",
                "camara": "180",
                "megafono": true,
                "boton": false,
                "referencia": "-12.0148857738394, -76.9613390562046",
                "direccion": "JR. PALMERAS/ C.14",
                "WKT": "POINT Z (-76.961191 -12.015402 0)"
            },
            "geometry": {
                "type": "Point",
                "coordinates": [
                    -76.961191,
                    -12.015402,
                    0.0
                ]
            }
        },
        {
            "type": "Feature",
            "properties": {
                "name": "580",
                "jurisdiccion": "Zarate",
                "tipo": "TIPO I",
                "camara": "180",
                "megafono": true,
                "boton": false,
                "referencia": "-12.0180123182536, -76.9590386091002",
                "direccion": "C.16 / CALLE A - REF. PARQ NÂ°2",
                "WKT": "POINT Z (-76.959233 -12.018944 0)"
            },
            "geometry": {
                "type": "Point",
                "coordinates": [
                    -76.959233,
                    -12.018944,
                    0.0
                ]
            }
        },
        {
            "type": "Feature",
            "properties": {
                "name": "581",
                "jurisdiccion": "Zarate",
                "tipo": "TIPO I",
                "camara": "180",
                "megafono": true,
                "boton": true,
                "referencia": "-12.0125055, -76.962909",
                "direccion": "AV. LOS PROCERES / C.15",
                "WKT": "POINT Z (-76.962821 -12.012661 0)"
            },
            "geometry": {
                "type": "Point",
                "coordinates": [
                    -76.962821,
                    -12.012661,
                    0.0
                ]
            }
        },
        {
            "type": "Feature",
            "properties": {
                "name": "583",
                "jurisdiccion": "Zarate",
                "tipo": "TIPO I",
                "camara": "180",
                "megafono": false,
                "boton": false,
                "referencia": "-12.0175945, -76.964565",
                "direccion": "C.16 / REF. CHATARRERIA TITO",
                "WKT": "POINT Z (-76.964699 -12.017711 0)"
            },
            "geometry": {
                "type": "Point",
                "coordinates": [
                    -76.964699,
                    -12.017711,
                    0.0
                ]
            }
        },
        {
            "type": "Feature",
            "properties": {
                "name": "584",
                "jurisdiccion": "Zarate",
                "tipo": "TIPO I",
                "camara": "180",
                "megafono": false,
                "boton": false,
                "referencia": "-12.0227585, -77.001472",
                "direccion": "JR. CAJAMARQUILLA / JR. ANTISUYO",
                "WKT": "POINT Z (-77.001289 -12.022665 0)"
            },
            "geometry": {
                "type": "Point",
                "coordinates": [
                    -77.001289,
                    -12.022665,
                    0.0
                ]
            }
        },
        {
            "type": "Feature",
            "properties": {
                "name": "100A",
                "jurisdiccion": "Huayrona",
                "tipo": "TIPO III",
                "camara": "LPR",
                "megafono": false,
                "boton": false,
                "referencia": "",
                "direccion": "AV. PROCERES DE LA INDEPENDENCIA / REF. ESTA. LOS JARDINES",
                "WKT": "POINT Z (-77.0047943 -12.0075506 0)"
            },
            "geometry": {
                "type": "Point",
                "coordinates": [
                    -77.0047943,
                    -12.0075506,
                    0.0
                ]
            }
        },
        {
            "type": "Feature",
            "properties": {
                "name": "100B",
                "jurisdiccion": "Huayrona",
                "tipo": "TIPO III",
                "camara": "LPR",
                "megafono": false,
                "boton": false,
                "referencia": "",
                "direccion": "AV. PROCERES DE LA INDEPENDENCIA / JR LAS MAQUINARIAS",
                "WKT": "POINT Z (-77.0045903 -12.0079044 0)"
            },
            "geometry": {
                "type": "Point",
                "coordinates": [
                    -77.0045903,
                    -12.0079044,
                    0.0
                ]
            }
        },
        {
            "type": "Feature",
            "properties": {
                "name": "104A",
                "jurisdiccion": "Huayrona",
                "tipo": "TIPO III",
                "camara": "LPR",
                "megafono": false,
                "boton": false,
                "referencia": "",
                "direccion": "AV. SANTA ROSA  DE LIMA / AV. LOS CLAVELES",
                "WKT": "POINT Z (-76.996873 -12.0093501 0)"
            },
            "geometry": {
                "type": "Point",
                "coordinates": [
                    -76.996873,
                    -12.0093501,
                    0.0
                ]
            }
        },
        {
            "type": "Feature",
            "properties": {
                "name": "104B",
                "jurisdiccion": "Huayrona",
                "tipo": "TIPO III",
                "camara": "LPR",
                "megafono": false,
                "boton": false,
                "referencia": "",
                "direccion": "AV. SANTA ROSA DE LIMA / AV. LOS CLAVELES",
                "WKT": "POINT Z (-76.9968029 -12.0092917 0)"
            },
            "geometry": {
                "type": "Point",
                "coordinates": [
                    -76.9968029,
                    -12.0092917,
                    0.0
                ]
            }
        },
        {
            "type": "Feature",
            "properties": {
                "name": "10A",
                "jurisdiccion": "Santa Elizabeth",
                "tipo": "TIPO III",
                "camara": "LPR",
                "megafono": false,
                "boton": false,
                "referencia": "",
                "direccion": "AV. FERNADO WIEESE / JR. ROMA",
                "WKT": "POINT Z (-76.9899032 -11.9629701 0)"
            },
            "geometry": {
                "type": "Point",
                "coordinates": [
                    -76.9899032,
                    -11.9629701,
                    0.0
                ]
            }
        },
        {
            "type": "Feature",
            "properties": {
                "name": "10B",
                "jurisdiccion": "Bayovar",
                "tipo": "TIPO III",
                "camara": "LPR",
                "megafono": false,
                "boton": false,
                "referencia": "",
                "direccion": "AV. FERNADO WIEESE / JR. ROMA",
                "WKT": "POINT Z (-76.9897877 -11.9627307 0)"
            },
            "geometry": {
                "type": "Point",
                "coordinates": [
                    -76.9897877,
                    -11.9627307,
                    0.0
                ]
            }
        },
        {
            "type": "Feature",
            "properties": {
                "name": "176A",
                "jurisdiccion": "10 de Octubre",
                "tipo": "TIPO III",
                "camara": "LPR",
                "megafono": false,
                "boton": false,
                "referencia": "",
                "direccion": "AV. FERNANDO WIESSE / JR. MAR TIMOR",
                "WKT": "POINT Z (-76.9700374 -11.9344267 0)"
            },
            "geometry": {
                "type": "Point",
                "coordinates": [
                    -76.9700374,
                    -11.9344267,
                    0.0
                ]
            }
        },
        {
            "type": "Feature",
            "properties": {
                "name": "176B",
                "jurisdiccion": "10 de Octubre",
                "tipo": "TIPO III",
                "camara": "LPR",
                "megafono": false,
                "boton": false,
                "referencia": "",
                "direccion": "AV. FERNANDO WIESSE / JR. MAR TIMOR",
                "WKT": "POINT Z (-76.9699434 -11.9344656 0)"
            },
            "geometry": {
                "type": "Point",
                "coordinates": [
                    -76.9699434,
                    -11.9344656,
                    0.0
                ]
            }
        },
        {
            "type": "Feature",
            "properties": {
                "name": "176C",
                "jurisdiccion": "Mariscal Caceres",
                "tipo": "TIPO III",
                "camara": "LPR",
                "megafono": false,
                "boton": false,
                "referencia": "",
                "direccion": "AV. FERNANDO WIESSE / JR. MAR TIMOR",
                "WKT": "POINT Z (-76.969578 -11.934298 0)"
            },
            "geometry": {
                "type": "Point",
                "coordinates": [
                    -76.969578,
                    -11.934298,
                    0.0
                ]
            }
        },
        {
            "type": "Feature",
            "properties": {
                "name": "176D",
                "jurisdiccion": "Mariscal Caceres",
                "tipo": "TIPO III",
                "camara": "LPR",
                "megafono": false,
                "boton": false,
                "referencia": "",
                "direccion": "AV. FERNANDO WIESSE / JR. MAR TIMOR",
                "WKT": "POINT Z (-76.969477 -11.934406 0)"
            },
            "geometry": {
                "type": "Point",
                "coordinates": [
                    -76.969477,
                    -11.934406,
                    0.0
                ]
            }
        },
        {
            "type": "Feature",
            "properties": {
                "name": "20A",
                "jurisdiccion": "Zarate",
                "tipo": "TIPO III",
                "camara": "LPR",
                "megafono": false,
                "boton": false,
                "referencia": "",
                "direccion": "AV. LOS PROCERES / C.23",
                "WKT": "POINT Z (-76.9615805 -12.0097233 0)"
            },
            "geometry": {
                "type": "Point",
                "coordinates": [
                    -76.9615805,
                    -12.0097233,
                    0.0
                ]
            }
        },
        {
            "type": "Feature",
            "properties": {
                "name": "20B",
                "jurisdiccion": "Zarate",
                "tipo": "TIPO III",
                "camara": "LPR",
                "megafono": false,
                "boton": false,
                "referencia": "",
                "direccion": "AV. LOS PROCERES / C.23",
                "WKT": "POINT Z (-76.9614362 -12.0093842 0)"
            },
            "geometry": {
                "type": "Point",
                "coordinates": [
                    -76.9614362,
                    -12.0093842,
                    0.0
                ]
            }
        },
        {
            "type": "Feature",
            "properties": {
                "name": "26A",
                "jurisdiccion": "Zarate",
                "tipo": "TIPO III",
                "camara": "LPR",
                "megafono": false,
                "boton": false,
                "referencia": "",
                "direccion": "AV. PRINCIPAL / AV. PRIMAVERA",
                "WKT": "POINT Z (-76.9652952 -12.0233251 0)"
            },
            "geometry": {
                "type": "Point",
                "coordinates": [
                    -76.9652952,
                    -12.0233251,
                    0.0
                ]
            }
        },
        {
            "type": "Feature",
            "properties": {
                "name": "26B",
                "jurisdiccion": "Zarate",
                "tipo": "TIPO III",
                "camara": "LPR",
                "megafono": false,
                "boton": false,
                "referencia": "",
                "direccion": "AV. PRINCIPAL / AV. PRIMAVERA",
                "WKT": "POINT Z (-76.9648125 -12.0231566 0)"
            },
            "geometry": {
                "type": "Point",
                "coordinates": [
                    -76.9648125,
                    -12.0231566,
                    0.0
                ]
            }
        },
        {
            "type": "Feature",
            "properties": {
                "name": "32A",
                "jurisdiccion": "Santa Elizabeth",
                "tipo": "TIPO III",
                "camara": "LPR",
                "megafono": false,
                "boton": false,
                "referencia": "",
                "direccion": "AV. CANTO GRANDE / JR. RIO PAMPAMARCA",
                "WKT": "POINT Z (-77.0019413 -11.9648899 0)"
            },
            "geometry": {
                "type": "Point",
                "coordinates": [
                    -77.0019413,
                    -11.9648899,
                    0.0
                ]
            }
        },
        {
            "type": "Feature",
            "properties": {
                "name": "32B",
                "jurisdiccion": "Santa Elizabeth",
                "tipo": "TIPO III",
                "camara": "LPR",
                "megafono": false,
                "boton": false,
                "referencia": "",
                "direccion": "AV. CANTO GRANDE / JR. RIO PAMPAMARCA",
                "WKT": "POINT Z (-77.002128 -11.9648442 0)"
            },
            "geometry": {
                "type": "Point",
                "coordinates": [
                    -77.002128,
                    -11.9648442,
                    0.0
                ]
            }
        },
        {
            "type": "Feature",
            "properties": {
                "name": "390A",
                "jurisdiccion": "Santa Elizabeth",
                "tipo": "TIPO III",
                "camara": "LPR",
                "megafono": false,
                "boton": false,
                "referencia": "",
                "direccion": "AV. CANTO GRANDE / PJE. METEORO",
                "WKT": "POINT Z (-77.0156169 -11.9885286 0)"
            },
            "geometry": {
                "type": "Point",
                "coordinates": [
                    -77.0156169,
                    -11.9885286,
                    0.0
                ]
            }
        },
        {
            "type": "Feature",
            "properties": {
                "name": "390B",
                "jurisdiccion": "Santa Elizabeth",
                "tipo": "TIPO III",
                "camara": "LPR",
                "megafono": false,
                "boton": false,
                "referencia": "",
                "direccion": "AV. CANTO GRANDE / PJE. METEORO",
                "WKT": "POINT Z (-77.0154742 -11.9884569 0)"
            },
            "geometry": {
                "type": "Point",
                "coordinates": [
                    -77.0154742,
                    -11.9884569,
                    0.0
                ]
            }
        },
        {
            "type": "Feature",
            "properties": {
                "name": "42A",
                "jurisdiccion": "Santa Elizabeth",
                "tipo": "TIPO III",
                "camara": "LPR",
                "megafono": false,
                "boton": false,
                "referencia": "",
                "direccion": "AV. FERNADO WIESSE / AV. LOS DURAZNOS",
                "WKT": "POINT Z (-77.0056472 -11.981157 0)"
            },
            "geometry": {
                "type": "Point",
                "coordinates": [
                    -77.0056472,
                    -11.981157,
                    0.0
                ]
            }
        },
        {
            "type": "Feature",
            "properties": {
                "name": "42B",
                "jurisdiccion": "Santa Elizabeth",
                "tipo": "TIPO III",
                "camara": "LPR",
                "megafono": false,
                "boton": false,
                "referencia": "",
                "direccion": "AV. FERNADO WIESSE / AV. LOS DURAZNOS",
                "WKT": "POINT Z (-77.0056052 -11.9812705 0)"
            },
            "geometry": {
                "type": "Point",
                "coordinates": [
                    -77.0056052,
                    -11.9812705,
                    0.0
                ]
            }
        },
        {
            "type": "Feature",
            "properties": {
                "name": "441A",
                "jurisdiccion": "Caja de Agua",
                "tipo": "TIPO III",
                "camara": "LPR",
                "megafono": false,
                "boton": false,
                "referencia": "",
                "direccion": "AV. 9 DE OCTUBRE / AV. PROGRESO",
                "WKT": "POINT Z (-77.0131813 -12.0368487 0)"
            },
            "geometry": {
                "type": "Point",
                "coordinates": [
                    -77.0131813,
                    -12.0368487,
                    0.0
                ]
            }
        },
        {
            "type": "Feature",
            "properties": {
                "name": "441B",
                "jurisdiccion": "Caja de Agua",
                "tipo": "TIPO III",
                "camara": "LPR",
                "megafono": false,
                "boton": false,
                "referencia": "",
                "direccion": "AV. 9 DE OCTUBRE / AV. PROGRESO",
                "WKT": "POINT Z (-77.0131702 -12.0367782 0)"
            },
            "geometry": {
                "type": "Point",
                "coordinates": [
                    -77.0131702,
                    -12.0367782,
                    0.0
                ]
            }
        },
        {
            "type": "Feature",
            "properties": {
                "name": "495A",
                "jurisdiccion": "Caja de Agua",
                "tipo": "TIPO III",
                "camara": "LPR",
                "megafono": false,
                "boton": false,
                "referencia": "",
                "direccion": "AV. CANTO GRANDE /Â  PJE. CANTO GRANDE",
                "WKT": "POINT Z (-77.015787 -12.0100862 0)"
            },
            "geometry": {
                "type": "Point",
                "coordinates": [
                    -77.015787,
                    -12.0100862,
                    0.0
                ]
            }
        },
        {
            "type": "Feature",
            "properties": {
                "name": "495B",
                "jurisdiccion": "Caja de Agua",
                "tipo": "TIPO III",
                "camara": "LPR",
                "megafono": false,
                "boton": false,
                "referencia": "",
                "direccion": "AV. CANTO GRANDE / PJE. CANTO GRANDEÂ Â ",
                "WKT": "POINT Z (-77.0157235 -12.0101418 0)"
            },
            "geometry": {
                "type": "Point",
                "coordinates": [
                    -77.0157235,
                    -12.0101418,
                    0.0
                ]
            }
        },
        {
            "type": "Feature",
            "properties": {
                "name": "54A",
                "jurisdiccion": "Huayrona",
                "tipo": "TIPO III",
                "camara": "LPR",
                "megafono": false,
                "boton": false,
                "referencia": "",
                "direccion": "AV. PROCERES DE LA INDEPENDENCIA / AV. SAN HILARION ESTE",
                "WKT": "POINT Z (-77.0107157 -11.9930654 0)"
            },
            "geometry": {
                "type": "Point",
                "coordinates": [
                    -77.0107157,
                    -11.9930654,
                    0.0
                ]
            }
        },
        {
            "type": "Feature",
            "properties": {
                "name": "54B",
                "jurisdiccion": "Huayrona",
                "tipo": "TIPO III",
                "camara": "LPR",
                "megafono": false,
                "boton": false,
                "referencia": "",
                "direccion": "AV. PROCERES DE LA INDEPENDENCIA / AV. SAN HILARION ESTE",
                "WKT": "POINT Z (-77.010757 -11.9930411 0)"
            },
            "geometry": {
                "type": "Point",
                "coordinates": [
                    -77.010757,
                    -11.9930411,
                    0.0
                ]
            }
        },
        {
            "type": "Feature",
            "properties": {
                "name": "572A",
                "jurisdiccion": "Zarate",
                "tipo": "TIPO III",
                "camara": "LPR",
                "megafono": false,
                "boton": false,
                "referencia": "",
                "direccion": "AV. EL SANTUARIO / JR. INCAHUASI",
                "WKT": "POINT Z (-76.9817461 -12.0140392 0)"
            },
            "geometry": {
                "type": "Point",
                "coordinates": [
                    -76.9817461,
                    -12.0140392,
                    0.0
                ]
            }
        },
        {
            "type": "Feature",
            "properties": {
                "name": "572B",
                "jurisdiccion": "Zarate",
                "tipo": "TIPO III",
                "camara": "LPR",
                "megafono": false,
                "boton": false,
                "referencia": "",
                "direccion": "AV. EL SANTUARIO / JR. INCAHUASI",
                "WKT": "POINT Z (-76.9815422 -12.0138615 0)"
            },
            "geometry": {
                "type": "Point",
                "coordinates": [
                    -76.9815422,
                    -12.0138615,
                    0.0
                ]
            }
        },
        {
            "type": "Feature",
            "properties": {
                "name": "576A",
                "jurisdiccion": "Zarate",
                "tipo": "TIPO III",
                "camara": "LPR",
                "megafono": false,
                "boton": false,
                "referencia": "",
                "direccion": "AV. MALECON CHECA /C LOS  HALCONES",
                "WKT": "POINT Z (-76.9786617 -12.0244261 0)"
            },
            "geometry": {
                "type": "Point",
                "coordinates": [
                    -76.9786617,
                    -12.0244261,
                    0.0
                ]
            }
        },
        {
            "type": "Feature",
            "properties": {
                "name": "576B",
                "jurisdiccion": "Zarate",
                "tipo": "TIPO III",
                "camara": "LPR",
                "megafono": false,
                "boton": false,
                "referencia": "",
                "direccion": "AV. MALECON CHECA /C LOS HALCONES",
                "WKT": "POINT Z (-76.9783381 -12.0244766 0)"
            },
            "geometry": {
                "type": "Point",
                "coordinates": [
                    -76.9783381,
                    -12.0244766,
                    0.0
                ]
            }
        },
        {
            "type": "Feature",
            "properties": {
                "name": "578A",
                "jurisdiccion": "Zarate",
                "tipo": "TIPO III",
                "camara": "LPR",
                "megafono": false,
                "boton": false,
                "referencia": "",
                "direccion": "AV. MALECON CHECA /C 20",
                "WKT": "POINT Z (-76.9543321 -12.0204123 0)"
            },
            "geometry": {
                "type": "Point",
                "coordinates": [
                    -76.9543321,
                    -12.0204123,
                    0.0
                ]
            }
        },
        {
            "type": "Feature",
            "properties": {
                "name": "578B",
                "jurisdiccion": "Zarate",
                "tipo": "TIPO III",
                "camara": "LPR",
                "megafono": false,
                "boton": false,
                "referencia": "",
                "direccion": "AV. MALECON CHECA /C 20",
                "WKT": "POINT Z (-76.9545201 -12.0204838 0)"
            },
            "geometry": {
                "type": "Point",
                "coordinates": [
                    -76.9545201,
                    -12.0204838,
                    0.0
                ]
            }
        },
        {
            "type": "Feature",
            "properties": {
                "name": "582A",
                "jurisdiccion": "Zarate",
                "tipo": "TIPO III",
                "camara": "LPR",
                "megafono": false,
                "boton": false,
                "referencia": "",
                "direccion": "AV. MALECON CHECA /C 6",
                "WKT": "POINT Z (-76.9713878 -12.0244525 0)"
            },
            "geometry": {
                "type": "Point",
                "coordinates": [
                    -76.9713878,
                    -12.0244525,
                    0.0
                ]
            }
        },
        {
            "type": "Feature",
            "properties": {
                "name": "582B",
                "jurisdiccion": "Zarate",
                "tipo": "TIPO III",
                "camara": "LPR",
                "megafono": false,
                "boton": false,
                "referencia": "",
                "direccion": "AV. MALECON CHECA /C 6",
                "WKT": "POINT Z (-76.9711395 -12.0247239 0)"
            },
            "geometry": {
                "type": "Point",
                "coordinates": [
                    -76.9711395,
                    -12.0247239,
                    0.0
                ]
            }
        },
        {
            "type": "Feature",
            "properties": {
                "name": "63A",
                "jurisdiccion": "Zarate",
                "tipo": "TIPO III",
                "camara": "LPR",
                "megafono": false,
                "boton": false,
                "referencia": "",
                "direccion": "AV. MALECON CHECA / AV. CIRCUNVALACION",
                "WKT": "POINT Z (-76.9762123 -12.0241913 0)"
            },
            "geometry": {
                "type": "Point",
                "coordinates": [
                    -76.9762123,
                    -12.0241913,
                    0.0
                ]
            }
        },
        {
            "type": "Feature",
            "properties": {
                "name": "63B",
                "jurisdiccion": "Zarate",
                "tipo": "TIPO III",
                "camara": "LPR",
                "megafono": false,
                "boton": false,
                "referencia": "",
                "direccion": "AV. MALECON CHECA / AV. CIRCUNVALACION",
                "WKT": "POINT Z (-76.9758607 -12.0242747 0)"
            },
            "geometry": {
                "type": "Point",
                "coordinates": [
                    -76.9758607,
                    -12.0242747,
                    0.0
                ]
            }
        },
        {
            "type": "Feature",
            "properties": {
                "name": "64A",
                "jurisdiccion": "Zarate",
                "tipo": "TIPO III",
                "camara": "LPR",
                "megafono": false,
                "boton": false,
                "referencia": "",
                "direccion": "AV. MALECON CHECA / ENT. A ZARATE",
                "WKT": "POINT Z (-76.966708 -12.0240454 0)"
            },
            "geometry": {
                "type": "Point",
                "coordinates": [
                    -76.966708,
                    -12.0240454,
                    0.0
                ]
            }
        },
        {
            "type": "Feature",
            "properties": {
                "name": "64B",
                "jurisdiccion": "Zarate",
                "tipo": "TIPO III",
                "camara": "LPR",
                "megafono": false,
                "boton": false,
                "referencia": "",
                "direccion": "AV. MALECON CHECA / ENT. A ZARATE",
                "WKT": "POINT Z (-76.9665221 -12.0239766 0)"
            },
            "geometry": {
                "type": "Point",
                "coordinates": [
                    -76.9665221,
                    -12.0239766,
                    0.0
                ]
            }
        },
        {
            "type": "Feature",
            "properties": {
                "name": "65A",
                "jurisdiccion": "Zarate",
                "tipo": "TIPO III",
                "camara": "LPR",
                "megafono": false,
                "boton": false,
                "referencia": "",
                "direccion": "AV. MALECON CHECAÂ  / JR. CHASCA",
                "WKT": "POINT Z (-76.9840815 -12.0255165 0)"
            },
            "geometry": {
                "type": "Point",
                "coordinates": [
                    -76.9840815,
                    -12.0255165,
                    0.0
                ]
            }
        },
        {
            "type": "Feature",
            "properties": {
                "name": "65B",
                "jurisdiccion": "Zarate",
                "tipo": "TIPO III",
                "camara": "LPR",
                "megafono": false,
                "boton": false,
                "referencia": "",
                "direccion": "AV. MALECON CHECA / JR. CHASCA",
                "WKT": "POINT Z (-76.9839086 -12.0256811 0)"
            },
            "geometry": {
                "type": "Point",
                "coordinates": [
                    -76.9839086,
                    -12.0256811,
                    0.0
                ]
            }
        },
        {
            "type": "Feature",
            "properties": {
                "name": "75A",
                "jurisdiccion": "Zarate",
                "tipo": "TIPO III",
                "camara": "LPR",
                "megafono": false,
                "boton": false,
                "referencia": "",
                "direccion": "AV. MALECON CHECA / AV. PORTADA DEL SOL",
                "WKT": "POINT Z (-76.9964051 -12.0267063 0)"
            },
            "geometry": {
                "type": "Point",
                "coordinates": [
                    -76.9964051,
                    -12.0267063,
                    0.0
                ]
            }
        },
        {
            "type": "Feature",
            "properties": {
                "name": "75B",
                "jurisdiccion": "Zarate",
                "tipo": "TIPO III",
                "camara": "LPR",
                "megafono": false,
                "boton": false,
                "referencia": "",
                "direccion": "AV. MALECON CHECA / AV. PORTADA DEL SOL",
                "WKT": "POINT Z (-76.995747 -12.026644 0)"
            },
            "geometry": {
                "type": "Point",
                "coordinates": [
                    -76.995747,
                    -12.026644,
                    0.0
                ]
            }
        },
        {
            "type": "Feature",
            "properties": {
                "name": "77A",
                "jurisdiccion": "Zarate",
                "tipo": "TIPO III",
                "camara": "LPR",
                "megafono": false,
                "boton": false,
                "referencia": "",
                "direccion": "AV. MALECON CHECA /Â  JR. HARAVICU",
                "WKT": "POINT Z (-76.9887736 -12.0263508 0)"
            },
            "geometry": {
                "type": "Point",
                "coordinates": [
                    -76.9887736,
                    -12.0263508,
                    0.0
                ]
            }
        },
        {
            "type": "Feature",
            "properties": {
                "name": "77B",
                "jurisdiccion": "Zarate",
                "tipo": "TIPO III",
                "camara": "LPR",
                "megafono": false,
                "boton": false,
                "referencia": "",
                "direccion": "AV. MALECON CHECA / JR. HARAVICU",
                "WKT": "POINT Z (-76.988501 -12.0263681 0)"
            },
            "geometry": {
                "type": "Point",
                "coordinates": [
                    -76.988501,
                    -12.0263681,
                    0.0
                ]
            }
        },
        {
            "type": "Feature",
            "properties": {
                "name": "78A",
                "jurisdiccion": "Zarate",
                "tipo": "TIPO III",
                "camara": "LPR",
                "megafono": false,
                "boton": false,
                "referencia": "",
                "direccion": "AV. MALECON CHECA / JR. CHINCHAYSUYO",
                "WKT": "POINT Z (-77.0002534 -12.0275645 0)"
            },
            "geometry": {
                "type": "Point",
                "coordinates": [
                    -77.0002534,
                    -12.0275645,
                    0.0
                ]
            }
        },
        {
            "type": "Feature",
            "properties": {
                "name": "78B",
                "jurisdiccion": "Zarate",
                "tipo": "TIPO III",
                "camara": "LPR",
                "megafono": false,
                "boton": false,
                "referencia": "",
                "direccion": "AV. MALECON CHECA / JR. CHINCHAYSUYO",
                "WKT": "POINT Z (-76.9998207 -12.0274747 0)"
            },
            "geometry": {
                "type": "Point",
                "coordinates": [
                    -76.9998207,
                    -12.0274747,
                    0.0
                ]
            }
        },
        {
            "type": "Feature",
            "properties": {
                "name": "79A",
                "jurisdiccion": "Zarate",
                "tipo": "TIPO III",
                "camara": "LPR",
                "megafono": false,
                "boton": false,
                "referencia": "",
                "direccion": "AV. MALECON CHECA /Â  AV. PIRAMIDE DEL SOL",
                "WKT": "POINT Z (-77.0009481 -12.0277401 0)"
            },
            "geometry": {
                "type": "Point",
                "coordinates": [
                    -77.0009481,
                    -12.0277401,
                    0.0
                ]
            }
        },
        {
            "type": "Feature",
            "properties": {
                "name": "79B",
                "jurisdiccion": "Zarate",
                "tipo": "TIPO III",
                "camara": "LPR",
                "megafono": false,
                "boton": false,
                "referencia": "",
                "direccion": "AV. MALECON CHECA / AV. PIRAMIDE DEL SOL",
                "WKT": "POINT Z (-77.0010599 -12.0278576 0)"
            },
            "geometry": {
                "type": "Point",
                "coordinates": [
                    -77.0010599,
                    -12.0278576,
                    0.0
                ]
            }
        },
        {
            "type": "Feature",
            "properties": {
                "name": "84A",
                "jurisdiccion": "Caja de Agua",
                "tipo": "TIPO III",
                "camara": "LPR",
                "megafono": false,
                "boton": false,
                "referencia": "",
                "direccion": "AV. RIMAC / AV. TUNEL SANTA ROSA",
                "WKT": "POINT Z (-77.0186137 -12.0289971 0)"
            },
            "geometry": {
                "type": "Point",
                "coordinates": [
                    -77.0186137,
                    -12.0289971,
                    0.0
                ]
            }
        },
        {
            "type": "Feature",
            "properties": {
                "name": "84B",
                "jurisdiccion": "Caja de Agua",
                "tipo": "TIPO III",
                "camara": "LPR",
                "megafono": false,
                "boton": false,
                "referencia": "",
                "direccion": "AV. RIMAC / AV. TUNEL SANTA ROSA",
                "WKT": "POINT Z (-77.018843 -12.028823 0)"
            },
            "geometry": {
                "type": "Point",
                "coordinates": [
                    -77.018843,
                    -12.028823,
                    0.0
                ]
            }
        }
    ]
}