{
  "type": "FeatureCollection",
  "features": [
    {
      "type": "Feature",
      "geometry": {
        "type": "Point",
        "coordinates": [
          -76.996102,
          -12.016168
        ]
      },
      "properties": {
        "nombre": "PARQUE HORIZONTE II - ROSA VEGA ",
        "tipo": "Fija",
        "marca": "DAHUA",
        "ubicacion": "PARQUE HORIZAONTE II ETAPA"
      }
    },
    {
      "type": "Feature",
      "geometry": {
        "type": "Point",
        "coordinates": [
          -76.996248,
          -12.016206
        ]
      },
      "properties": {
        "nombre": "PARQUE HORIZONTE II - ROSA VEGA ",
        "tipo": "Fija",
        "marca": "DAHUA",
        "ubicacion": "PARQUE HORIZAONTE II ETAPA"
      }
    },
    {
      "type": "Feature",
      "geometry": {
        "type": "Point",
        "coordinates": [
          -76.995809,
          -12.015435
        ]
      },
      "properties": {
        "nombre": "PARQUE HORIZONTE II - ROSA VEGA ",
        "tipo": "Fija",
        "marca": "DAHUA",
        "ubicacion": "PARQUE HORIZAONTE II ETAPA"
      }
    },
    {
      "type": "Feature",
      "geometry": {
        "type": "Point",
        "coordinates": [
          -76.995551,
          -12.015848
        ]
      },
      "properties": {
        "nombre": "PARQUE HORIZONTE II - ROSA VEGA ",
        "tipo": "Fija",
        "marca": "DAHUA",
        "ubicacion": "PARQUE HORIZAONTE II ETAPA"
      }
    },
    {
      "type": "Feature",
      "geometry": {
        "type": "Point",
        "coordinates": [
          -76.996124,
          -12.014916
        ]
      },
      "properties": {
        "nombre": "PARQUE HORIZONTE II - ROSA VEGA ",
        "tipo": "Fija",
        "marca": "DAHUA",
        "ubicacion": "PARQUE HORIZAONTE II ETAPA"
      }
    },
    {
      "type": "Feature",
      "geometry": {
        "type": "Point",
        "coordinates": [
          -76.996589,
          -12.015725
        ]
      },
      "properties": {
        "nombre": "PARQUE HORIZONTE II - ROSA VEGA ",
        "tipo": "Fija",
        "marca": "DAHUA",
        "ubicacion": "PARQUE HORIZAONTE II ETAPA"
      }
    },
    {
      "type": "Feature",
      "geometry": {
        "type": "Point",
        "coordinates": [
          -76.996141,
          -12.014963
        ]
      },
      "properties": {
        "nombre": "PARQUE HORIZONTE II - ROSA VEGA ",
        "tipo": "Fija",
        "marca": "DAHUA",
        "ubicacion": "PARQUE HORIZAONTE II ETAPA"
      }
    },
    {
      "type": "Feature",
      "geometry": {
        "type": "Point",
        "coordinates": [
          -76.996604,
          -12.015946
        ]
      },
      "properties": {
        "nombre": "PARQUE HORIZONTE II - ROSA VEGA ",
        "tipo": "Fija",
        "marca": "DAHUA",
        "ubicacion": "PARQUE HORIZAONTE II ETAPA"
      }
    },
    {
      "type": "Feature",
      "geometry": {
        "type": "Point",
        "coordinates": [
          -77.00069,
          -12.025456
        ]
      },
      "properties": {
        "nombre": "CASA LINDA",
        "tipo": "Fija",
        "marca": "DAHUA",
        "ubicacion": "AV. GRAN CHIMU 784"
      }
    },
    {
      "type": "Feature",
      "geometry": {
        "type": "Point",
        "coordinates": [
          -77.000639,
          -12.025446
        ]
      },
      "properties": {
        "nombre": "CASA LINDA",
        "tipo": "Fija",
        "marca": "DAHUA",
        "ubicacion": "AV. GRAN CHIMU 785"
      }
    },
    {
      "type": "Feature",
      "geometry": {
        "type": "Point",
        "coordinates": [
          -77.000567,
          -12.025904
        ]
      },
      "properties": {
        "nombre": "CASA LINDA",
        "tipo": "Fija",
        "marca": "DAHUA",
        "ubicacion": "AV. GRAN CHIMU 786"
      }
    },
    {
      "type": "Feature",
      "geometry": {
        "type": "Point",
        "coordinates": [
          -77.000505,
          -12.025888
        ]
      },
      "properties": {
        "nombre": "CASA LINDA",
        "tipo": "Fija",
        "marca": "DAHUA",
        "ubicacion": "AV. GRAN CHIMU 787"
      }
    },
    {
      "type": "Feature",
      "geometry": {
        "type": "Point",
        "coordinates": [
          -76.977791,
          -12.010441
        ]
      },
      "properties": {
        "nombre": "VECINO JESUS QUISPE",
        "tipo": "Fija",
        "marca": "DAHUA",
        "ubicacion": "TOCACHE CON CONDORHUASI"
      }
    },
    {
      "type": "Feature",
      "geometry": {
        "type": "Point",
        "coordinates": [
          -76.977795,
          -12.010441
        ]
      },
      "properties": {
        "nombre": "VECINO JESUS QUISPE",
        "tipo": "Fija",
        "marca": "DAHUA",
        "ubicacion": "TOCACHE CON CONDORHUASI"
      }
    },
    {
      "type": "Feature",
      "geometry": {
        "type": "Point",
        "coordinates": [
          -76.977972,
          -12.009711
        ]
      },
      "properties": {
        "nombre": "VECINO JESUS QUISPE",
        "tipo": "Fija",
        "marca": "DAHUA",
        "ubicacion": "TOCACHE CON CONDORHUASI"
      }
    },
    {
      "type": "Feature",
      "geometry": {
        "type": "Point",
        "coordinates": [
          -76.977748,
          -12.010732
        ]
      },
      "properties": {
        "nombre": "VECINO JESUS QUISPE",
        "tipo": "Fija",
        "marca": "DAHUA",
        "ubicacion": "TOCACHE CON CONDORHUASI"
      }
    },
    {
      "type": "Feature",
      "geometry": {
        "type": "Point",
        "coordinates": [
          -76.959763,
          -12.018124
        ]
      },
      "properties": {
        "nombre": "COLEGIO - FRIDA RODRIGUEZ",
        "tipo": "Fija",
        "marca": "DAHUA",
        "ubicacion": "AV PRINCIPAL CAMPOY (VERIFICAR LA UBICACION)"
      }
    },
    {
      "type": "Feature",
      "geometry": {
        "type": "Point",
        "coordinates": [
          -76.959765,
          -12.018126
        ]
      },
      "properties": {
        "nombre": "COLEGIO - FRIDA RODRIGUEZ",
        "tipo": "Fija",
        "marca": "DAHUA",
        "ubicacion": "AV PRINCIPAL CAMPOY (VERIFICAR LA UBICACION)"
      }
    },
    {
      "type": "Feature",
      "geometry": {
        "type": "Point",
        "coordinates": [
          -77.005681,
          -12.028355
        ]
      },
      "properties": {
        "nombre": "PARQUE MICAELA BASTIDAS - JORGE CHAVEZ ACUÑA",
        "tipo": "Fija",
        "marca": "DAHUA",
        "ubicacion": "PARQUE MICAELA BASTIDAS"
      }
    },
    {
      "type": "Feature",
      "geometry": {
        "type": "Point",
        "coordinates": [
          -77.005676,
          -12.028358
        ]
      },
      "properties": {
        "nombre": "PARQUE MICAELA BASTIDAS - JORGE CHAVEZ ACUÑA",
        "tipo": "Fija",
        "marca": "DAHUA",
        "ubicacion": "PARQUE MICAELA BASTIDAS"
      }
    },
    {
      "type": "Feature",
      "geometry": {
        "type": "Point",
        "coordinates": [
          -77.005691,
          -12.028316
        ]
      },
      "properties": {
        "nombre": "PARQUE MICAELA BASTIDAS - JORGE CHAVEZ ACUÑA",
        "tipo": "Fija",
        "marca": "DAHUA",
        "ubicacion": "PARQUE MICAELA BASTIDAS"
      }
    },
    {
      "type": "Feature",
      "geometry": {
        "type": "Point",
        "coordinates": [
          -77.005865,
          -12.028393
        ]
      },
      "properties": {
        "nombre": "PARQUE MICAELA BASTIDAS - JORGE CHAVEZ ACUÑA",
        "tipo": "Fija",
        "marca": "DAHUA",
        "ubicacion": "PARQUE MICAELA BASTIDAS"
      }
    },
    {
      "type": "Feature",
      "geometry": {
        "type": "Point",
        "coordinates": [
          -77.005878,
          -12.028397
        ]
      },
      "properties": {
        "nombre": "PARQUE MICAELA BASTIDAS - JORGE CHAVEZ ACUÑA",
        "tipo": "Fija",
        "marca": "DAHUA",
        "ubicacion": "PARQUE MICAELA BASTIDAS"
      }
    },
    {
      "type": "Feature",
      "geometry": {
        "type": "Point",
        "coordinates": [
          -77.006232,
          -12.028454
        ]
      },
      "properties": {
        "nombre": "PARQUE MICAELA BASTIDAS - JORGE CHAVEZ ACUÑA",
        "tipo": "Fija",
        "marca": "DAHUA",
        "ubicacion": "PARQUE MICAELA BASTIDAS"
      }
    },
    {
      "type": "Feature",
      "geometry": {
        "type": "Point",
        "coordinates": [
          -77.006246,
          -12.028456
        ]
      },
      "properties": {
        "nombre": "PARQUE MICAELA BASTIDAS - JORGE CHAVEZ ACUÑA",
        "tipo": "Fija",
        "marca": "DAHUA",
        "ubicacion": "PARQUE MICAELA BASTIDAS"
      }
    },
    {
      "type": "Feature",
      "geometry": {
        "type": "Point",
        "coordinates": [
          -77.006262,
          -12.028458
        ]
      },
      "properties": {
        "nombre": "PARQUE MICAELA BASTIDAS - JORGE CHAVEZ ACUÑA",
        "tipo": "Fija",
        "marca": "DAHUA",
        "ubicacion": "PARQUE MICAELA BASTIDAS"
      }
    },
    {
      "type": "Feature",
      "geometry": {
        "type": "Point",
        "coordinates": [
          -77.006643,
          -12.028506
        ]
      },
      "properties": {
        "nombre": "PARQUE MICAELA BASTIDAS - JORGE CHAVEZ ACUÑA",
        "tipo": "Fija",
        "marca": "DAHUA",
        "ubicacion": "PARQUE MICAELA BASTIDAS"
      }
    },
    {
      "type": "Feature",
      "geometry": {
        "type": "Point",
        "coordinates": [
          -77.006674,
          -12.028453
        ]
      },
      "properties": {
        "nombre": "PARQUE MICAELA BASTIDAS - JORGE CHAVEZ ACUÑA",
        "tipo": "Fija",
        "marca": "DAHUA",
        "ubicacion": "PARQUE MICAELA BASTIDAS"
      }
    },
    {
      "type": "Feature",
      "geometry": {
        "type": "Point",
        "coordinates": [
          -77.006682,
          -12.028463
        ]
      },
      "properties": {
        "nombre": "PARQUE MICAELA BASTIDAS - JORGE CHAVEZ ACUÑA",
        "tipo": "Fija",
        "marca": "DAHUA",
        "ubicacion": "PARQUE MICAELA BASTIDAS"
      }
    },
    {
      "type": "Feature",
      "geometry": {
        "type": "Point",
        "coordinates": [
          -77.006204,
          -12.028074
        ]
      },
      "properties": {
        "nombre": "PARQUE MICAELA BASTIDAS - JORGE CHAVEZ ACUÑA",
        "tipo": "Fija",
        "marca": "DAHUA",
        "ubicacion": "PARQUE MICAELA BASTIDAS"
      }
    },
    {
      "type": "Feature",
      "geometry": {
        "type": "Point",
        "coordinates": [
          -77.006574,
          -12.028153
        ]
      },
      "properties": {
        "nombre": "PARQUE MICAELA BASTIDAS - JORGE CHAVEZ ACUÑA",
        "tipo": "Fija",
        "marca": "DAHUA",
        "ubicacion": "PARQUE MICAELA BASTIDAS"
      }
    },
    {
      "type": "Feature",
      "geometry": {
        "type": "Point",
        "coordinates": [
          -77.006474,
          -12.028353
        ]
      },
      "properties": {
        "nombre": "PARQUE MICAELA BASTIDAS - JORGE CHAVEZ ACUÑA",
        "tipo": "Fija",
        "marca": "DAHUA",
        "ubicacion": "PARQUE MICAELA BASTIDAS"
      }
    },
    {
      "type": "Feature",
      "geometry": {
        "type": "Point",
        "coordinates": [
          -77.010463,
          -12.027924
        ]
      },
      "properties": {
        "nombre": "VECINO - WILLY VIDAL",
        "tipo": "Fija",
        "marca": "DAHUA",
        "ubicacion": "PALESTINA"
      }
    },
    {
      "type": "Feature",
      "geometry": {
        "type": "Point",
        "coordinates": [
          -77.010506,
          -12.027868
        ]
      },
      "properties": {
        "nombre": "VECINO - WILLY VIDAL",
        "tipo": "Fija",
        "marca": "DAHUA",
        "ubicacion": "PALESTINA"
      }
    },
    {
      "type": "Feature",
      "geometry": {
        "type": "Point",
        "coordinates": [
          -77.010332,
          -12.027761
        ]
      },
      "properties": {
        "nombre": "VECINO - WILLY VIDAL",
        "tipo": "Fija",
        "marca": "DAHUA",
        "ubicacion": "PALESTINA"
      }
    },
    {
      "type": "Feature",
      "geometry": {
        "type": "Point",
        "coordinates": [
          -77.010226,
          -12.027361
        ]
      },
      "properties": {
        "nombre": "VECINO - WILLY VIDAL",
        "tipo": "Fija",
        "marca": "DAHUA",
        "ubicacion": "PALESTINA"
      }
    },
    {
      "type": "Feature",
      "geometry": {
        "type": "Point",
        "coordinates": [
          -77.010217,
          -12.027341
        ]
      },
      "properties": {
        "nombre": "VECINO - WILLY VIDAL",
        "tipo": "Fija",
        "marca": "DAHUA",
        "ubicacion": "PALESTINA"
      }
    },
    {
      "type": "Feature",
      "geometry": {
        "type": "Point",
        "coordinates": [
          -77.010021,
          -12.026888
        ]
      },
      "properties": {
        "nombre": "VECINO - WILLY VIDAL",
        "tipo": "Fija",
        "marca": "DAHUA",
        "ubicacion": "PALESTINA"
      }
    },
    {
      "type": "Feature",
      "geometry": {
        "type": "Point",
        "coordinates": [
          -77.010003,
          -12.026889
        ]
      },
      "properties": {
        "nombre": "VECINO - WILLY VIDAL",
        "tipo": "Fija",
        "marca": "DAHUA",
        "ubicacion": "PALESTINA"
      }
    },
    {
      "type": "Feature",
      "geometry": {
        "type": "Point",
        "coordinates": [
          -77.009943,
          -12.026885
        ]
      },
      "properties": {
        "nombre": "VECINO - WILLY VIDAL",
        "tipo": "Fija",
        "marca": "DAHUA",
        "ubicacion": "PALESTINA"
      }
    },
    {
      "type": "Feature",
      "geometry": {
        "type": "Point",
        "coordinates": [
          -77.009708,
          -12.026475
        ]
      },
      "properties": {
        "nombre": "VECINO - WILLY VIDAL",
        "tipo": "Fija",
        "marca": "DAHUA",
        "ubicacion": "PALESTINA"
      }
    },
    {
      "type": "Feature",
      "geometry": {
        "type": "Point",
        "coordinates": [
          -77.009561,
          -12.026318
        ]
      },
      "properties": {
        "nombre": "VECINO - WILLY VIDAL",
        "tipo": "Fija",
        "marca": "DAHUA",
        "ubicacion": "PALESTINA"
      }
    },
    {
      "type": "Feature",
      "geometry": {
        "type": "Point",
        "coordinates": [
          -77.009061,
          -12.025782
        ]
      },
      "properties": {
        "nombre": "VECINO - WILLY VIDAL",
        "tipo": "Fija",
        "marca": "DAHUA",
        "ubicacion": "PALESTINA"
      }
    },
    {
      "type": "Feature",
      "geometry": {
        "type": "Point",
        "coordinates": [
          -77.009023,
          -12.025816
        ]
      },
      "properties": {
        "nombre": "VECINO - WILLY VIDAL",
        "tipo": "Fija",
        "marca": "DAHUA",
        "ubicacion": "PALESTINA"
      }
    },
    {
      "type": "Feature",
      "geometry": {
        "type": "Point",
        "coordinates": [
          -76.999095,
          -12.017019
        ]
      },
      "properties": {
        "nombre": "VECINO MARILIN INGA MONTECINO",
        "tipo": "Fija",
        "marca": "DAHUA",
        "ubicacion": "FRENTE AL MALL SJL"
      }
    },
    {
      "type": "Feature",
      "geometry": {
        "type": "Point",
        "coordinates": [
          -76.999167,
          -12.017057
        ]
      },
      "properties": {
        "nombre": "VECINO MARILIN INGA MONTECINO",
        "tipo": "Fija",
        "marca": "DAHUA",
        "ubicacion": "FRENTE AL MALL SJL"
      }
    },
    {
      "type": "Feature",
      "geometry": {
        "type": "Point",
        "coordinates": [
          -77.006697,
          -12.027827
        ]
      },
      "properties": {
        "nombre": " PARQUE MICAELA BASTIDAS II - JUNIOR ESPEDILLA",
        "tipo": "Fija",
        "marca": "DAHUA",
        "ubicacion": "PARQUE MICAELA BASTIDAS II"
      }
    },
    {
      "type": "Feature",
      "geometry": {
        "type": "Point",
        "coordinates": [
          -77.006689,
          -12.027839
        ]
      },
      "properties": {
        "nombre": " PARQUE MICAELA BASTIDAS II - JUNIOR ESPEDILLA",
        "tipo": "Fija",
        "marca": "DAHUA",
        "ubicacion": "PARQUE MICAELA BASTIDAS II"
      }
    },
    {
      "type": "Feature",
      "geometry": {
        "type": "Point",
        "coordinates": [
          -77.006796,
          -12.027557
        ]
      },
      "properties": {
        "nombre": " PARQUE MICAELA BASTIDAS II - JUNIOR ESPEDILLA",
        "tipo": "Fija",
        "marca": "DAHUA",
        "ubicacion": "PARQUE MICAELA BASTIDAS II"
      }
    },
    {
      "type": "Feature",
      "geometry": {
        "type": "Point",
        "coordinates": [
          -77.006751,
          -12.027864
        ]
      },
      "properties": {
        "nombre": " PARQUE MICAELA BASTIDAS II - JUNIOR ESPEDILLA",
        "tipo": "Fija",
        "marca": "DAHUA",
        "ubicacion": "PARQUE MICAELA BASTIDAS II"
      }
    },
    {
      "type": "Feature",
      "geometry": {
        "type": "Point",
        "coordinates": [
          -77.006755,
          -12.027895
        ]
      },
      "properties": {
        "nombre": " PARQUE MICAELA BASTIDAS II - JUNIOR ESPEDILLA",
        "tipo": "Fija",
        "marca": "DAHUA",
        "ubicacion": "PARQUE MICAELA BASTIDAS II"
      }
    },
    {
      "type": "Feature",
      "geometry": {
        "type": "Point",
        "coordinates": [
          -77.006743,
          -12.027946
        ]
      },
      "properties": {
        "nombre": " PARQUE MICAELA BASTIDAS II - JUNIOR ESPEDILLA",
        "tipo": "Fija",
        "marca": "DAHUA",
        "ubicacion": "PARQUE MICAELA BASTIDAS II"
      }
    },
    {
      "type": "Feature",
      "geometry": {
        "type": "Point",
        "coordinates": [
          -77.006716,
          -12.028154
        ]
      },
      "properties": {
        "nombre": " PARQUE MICAELA BASTIDAS II - JUNIOR ESPEDILLA",
        "tipo": "Fija",
        "marca": "DAHUA",
        "ubicacion": "PARQUE MICAELA BASTIDAS II"
      }
    },
    {
      "type": "Feature",
      "geometry": {
        "type": "Point",
        "coordinates": [
          -77.005765,
          -12.028043
        ]
      },
      "properties": {
        "nombre": " PARQUE MICAELA BASTIDAS II - JUNIOR ESPEDILLA",
        "tipo": "Fija",
        "marca": "DAHUA",
        "ubicacion": "PARQUE MICAELA BASTIDAS II"
      }
    },
    {
      "type": "Feature",
      "geometry": {
        "type": "Point",
        "coordinates": [
          -77.00624,
          -12.027775
        ]
      },
      "properties": {
        "nombre": " PARQUE MICAELA BASTIDAS II - JUNIOR ESPEDILLA",
        "tipo": "Fija",
        "marca": "DAHUA",
        "ubicacion": "PARQUE MICAELA BASTIDAS II"
      }
    },
    {
      "type": "Feature",
      "geometry": {
        "type": "Point",
        "coordinates": [
          -77.006218,
          -12.027784
        ]
      },
      "properties": {
        "nombre": " PARQUE MICAELA BASTIDAS II - JUNIOR ESPEDILLA",
        "tipo": "Fija",
        "marca": "DAHUA",
        "ubicacion": "PARQUE MICAELA BASTIDAS II"
      }
    },
    {
      "type": "Feature",
      "geometry": {
        "type": "Point",
        "coordinates": [
          -77.006261,
          -12.027776
        ]
      },
      "properties": {
        "nombre": " PARQUE MICAELA BASTIDAS II - JUNIOR ESPEDILLA",
        "tipo": "Fija",
        "marca": "DAHUA",
        "ubicacion": "PARQUE MICAELA BASTIDAS II"
      }
    },
    {
      "type": "Feature",
      "geometry": {
        "type": "Point",
        "coordinates": [
          -77.006041,
          -12.027811
        ]
      },
      "properties": {
        "nombre": " PARQUE MICAELA BASTIDAS II - JUNIOR ESPEDILLA",
        "tipo": "Fija",
        "marca": "DAHUA",
        "ubicacion": "PARQUE MICAELA BASTIDAS II"
      }
    },
    {
      "type": "Feature",
      "geometry": {
        "type": "Point",
        "coordinates": [
          -77.005923,
          -12.027727
        ]
      },
      "properties": {
        "nombre": " PARQUE MICAELA BASTIDAS II - JUNIOR ESPEDILLA",
        "tipo": "Fija",
        "marca": "DAHUA",
        "ubicacion": "PARQUE MICAELA BASTIDAS II"
      }
    },
    {
      "type": "Feature",
      "geometry": {
        "type": "Point",
        "coordinates": [
          -77.005939,
          -12.027729
        ]
      },
      "properties": {
        "nombre": " PARQUE MICAELA BASTIDAS II - JUNIOR ESPEDILLA",
        "tipo": "Fija",
        "marca": "DAHUA",
        "ubicacion": "PARQUE MICAELA BASTIDAS II"
      }
    },
    {
      "type": "Feature",
      "geometry": {
        "type": "Point",
        "coordinates": [
          -77.005844,
          -12.027857
        ]
      },
      "properties": {
        "nombre": " PARQUE MICAELA BASTIDAS II - JUNIOR ESPEDILLA",
        "tipo": "Fija",
        "marca": "DAHUA",
        "ubicacion": "PARQUE MICAELA BASTIDAS II"
      }
    },
    {
      "type": "Feature",
      "geometry": {
        "type": "Point",
        "coordinates": [
          -77.005573,
          -12.027642
        ]
      },
      "properties": {
        "nombre": " PARQUE MICAELA BASTIDAS II - JUNIOR ESPEDILLA",
        "tipo": "Fija",
        "marca": "DAHUA",
        "ubicacion": "PARQUE MICAELA BASTIDAS II"
      }
    },
    {
      "type": "Feature",
      "geometry": {
        "type": "Point",
        "coordinates": [
          -76.983623,
          -12.022775
        ]
      },
      "properties": {
        "nombre": "VECINO BAYO ROMERO ASTO",
        "tipo": "Fija",
        "marca": "DAHUA",
        "ubicacion": "CERCA AL LOCAL DE NUEVA LIBERTAD"
      }
    },
    {
      "type": "Feature",
      "geometry": {
        "type": "Point",
        "coordinates": [
          -76.983582,
          -12.022783
        ]
      },
      "properties": {
        "nombre": "VECINO BAYO ROMERO ASTO",
        "tipo": "Fija",
        "marca": "DAHUA",
        "ubicacion": "CERCA AL LOCAL DE NUEVA LIBERTAD"
      }
    },
    {
      "type": "Feature",
      "geometry": {
        "type": "Point",
        "coordinates": [
          -76.983588,
          -12.022808
        ]
      },
      "properties": {
        "nombre": "VECINO BAYO ROMERO ASTO",
        "tipo": "Fija",
        "marca": "DAHUA",
        "ubicacion": "CERCA AL LOCAL DE NUEVA LIBERTAD"
      }
    },
    {
      "type": "Feature",
      "geometry": {
        "type": "Point",
        "coordinates": [
          -76.983594,
          -12.022773
        ]
      },
      "properties": {
        "nombre": "VECINO BAYO ROMERO ASTO",
        "tipo": "Fija",
        "marca": "DAHUA",
        "ubicacion": "CERCA AL LOCAL DE NUEVA LIBERTAD"
      }
    },
    {
      "type": "Feature",
      "geometry": {
        "type": "Point",
        "coordinates": [
          -77.004534,
          -12.023294
        ]
      },
      "properties": {
        "nombre": "VECINO Mauro Gutierrez Marchan",
        "tipo": "Fija",
        "marca": "DAHUA",
        "ubicacion": "Sta. Luisa con Sta. Monica"
      }
    },
    {
      "type": "Feature",
      "geometry": {
        "type": "Point",
        "coordinates": [
          -77.004447,
          -12.023305
        ]
      },
      "properties": {
        "nombre": "VECINO Mauro Gutierrez Marchan",
        "tipo": "Fija",
        "marca": "DAHUA",
        "ubicacion": "Sta. Luisa con Sta. Monica"
      }
    },
    {
      "type": "Feature",
      "geometry": {
        "type": "Point",
        "coordinates": [
          -76.992847,
          -12.024404
        ]
      },
      "properties": {
        "nombre": "VECINO Simeón Caceres",
        "tipo": "Fija",
        "marca": "DAHUA",
        "ubicacion": "Jr La Cantuta con Av. Gran Chimu"
      }
    },
    {
      "type": "Feature",
      "geometry": {
        "type": "Point",
        "coordinates": [
          -76.953831,
          -12.020084
        ]
      },
      "properties": {
        "nombre": "VECINO CESAR SAYAS SILVA",
        "tipo": "Fija",
        "marca": "DAHUA",
        "ubicacion": "AV. PRINCIPAL CON C.20"
      }
    },
    {
      "type": "Feature",
      "geometry": {
        "type": "Point",
        "coordinates": [
          -76.953829,
          -12.02008
        ]
      },
      "properties": {
        "nombre": "VECINO CESAR SAYAS SILVA",
        "tipo": "Fija",
        "marca": "DAHUA",
        "ubicacion": "AV. PRINCIPAL CON C.20"
      }
    },
    {
      "type": "Feature",
      "geometry": {
        "type": "Point",
        "coordinates": [
          -76.957889,
          -12.019976
        ]
      },
      "properties": {
        "nombre": "VECINO Iris Rojas Melendez",
        "tipo": "Fija",
        "marca": "DAHUA",
        "ubicacion": "Av. Malecon Checa con Calle los Alamos"
      }
    },
    {
      "type": "Feature",
      "geometry": {
        "type": "Point",
        "coordinates": [
          -76.957921,
          -12.019878
        ]
      },
      "properties": {
        "nombre": "VECINO Iris Rojas Melendez",
        "tipo": "Fija",
        "marca": "DAHUA",
        "ubicacion": "Av. Malecon Checa con Calle los Alamos"
      }
    },
    {
      "type": "Feature",
      "geometry": {
        "type": "Point",
        "coordinates": [
          -76.957869,
          -12.019845
        ]
      },
      "properties": {
        "nombre": "VECINO Iris Rojas Melendez",
        "tipo": "Fija",
        "marca": "DAHUA",
        "ubicacion": "Av. Malecon Checa con Calle los Alamos"
      }
    },
    {
      "type": "Feature",
      "geometry": {
        "type": "Point",
        "coordinates": [
          -76.999986,
          -11.998541
        ]
      },
      "properties": {
        "nombre": "MERCADO FORTALEZA - FRED QUIROZ GUTIERREZ",
        "tipo": "Fija",
        "marca": "DAHUA",
        "ubicacion": "MERCADO FORTALEZA"
      }
    },
    {
      "type": "Feature",
      "geometry": {
        "type": "Point",
        "coordinates": [
          -76.999985,
          -11.9985392
        ]
      },
      "properties": {
        "nombre": "MERCADO FORTALEZA - FRED QUIROZ GUTIERREZ",
        "tipo": "Fija",
        "marca": "DAHUA",
        "ubicacion": "MERCADO FORTALEZA"
      }
    },
    {
      "type": "Feature",
      "geometry": {
        "type": "Point",
        "coordinates": [
          -76.999984,
          -11.99854
        ]
      },
      "properties": {
        "nombre": "MERCADO FORTALEZA - FRED QUIROZ GUTIERREZ",
        "tipo": "Fija",
        "marca": "DAHUA",
        "ubicacion": "MERCADO FORTALEZA"
      }
    },
    {
      "type": "Feature",
      "geometry": {
        "type": "Point",
        "coordinates": [
          -76.999986,
          -11.998538
        ]
      },
      "properties": {
        "nombre": "MERCADO FORTALEZA - FRED QUIROZ GUTIERREZ",
        "tipo": "Fija",
        "marca": "DAHUA",
        "ubicacion": "MERCADO FORTALEZA"
      }
    },
    {
      "type": "Feature",
      "geometry": {
        "type": "Point",
        "coordinates": [
          -76.999985,
          -11.998536
        ]
      },
      "properties": {
        "nombre": "MERCADO FORTALEZA - FRED QUIROZ GUTIERREZ",
        "tipo": "Fija",
        "marca": "DAHUA",
        "ubicacion": "MERCADO FORTALEZA"
      }
    },
    {
      "type": "Feature",
      "geometry": {
        "type": "Point",
        "coordinates": [
          -77.00072,
          -11.997991
        ]
      },
      "properties": {
        "nombre": "VECINO Zacarías Condori",
        "tipo": "Fija",
        "marca": "DAHUA",
        "ubicacion": "AV SANTA ROSA CON BLENDAS"
      }
    },
    {
      "type": "Feature",
      "geometry": {
        "type": "Point",
        "coordinates": [
          -77.000477,
          -11.99557
        ]
      },
      "properties": {
        "nombre": "VECINO Zacarías Condori",
        "tipo": "Fija",
        "marca": "DAHUA",
        "ubicacion": "AV SANTA ROSA CON BLENDAS"
      }
    },
    {
      "type": "Feature",
      "geometry": {
        "type": "Point",
        "coordinates": [
          -77.000339,
          -11.997933
        ]
      },
      "properties": {
        "nombre": "VECINO Zacarías Condori",
        "tipo": "Fija",
        "marca": "DAHUA",
        "ubicacion": "AV SANTA ROSA CON BLENDAS"
      }
    },
    {
      "type": "Feature",
      "geometry": {
        "type": "Point",
        "coordinates": [
          -77.00072,
          -11.997991
        ]
      },
      "properties": {
        "nombre": "VECINO Zacarías Condori",
        "tipo": "Fija",
        "marca": "DAHUA",
        "ubicacion": "AV SANTA ROSA CON BLENDAS"
      }
    },
    {
      "type": "Feature",
      "geometry": {
        "type": "Point",
        "coordinates": [
          -77.004483,
          -12.011493
        ]
      },
      "properties": {
        "nombre": "PARQUE LOS JARDINES - VICENTE BERROSQUI",
        "tipo": "Fija y domo",
        "marca": "DAHUA",
        "ubicacion": "PARQUE LOS JARDINES"
      }
    },
    {
      "type": "Feature",
      "geometry": {
        "type": "Point",
        "coordinates": [
          -77.004326,
          -12.010878
        ]
      },
      "properties": {
        "nombre": "PARQUE LOS JARDINES - VICENTE BERROSQUI",
        "tipo": "Fija y domo",
        "marca": "DAHUA",
        "ubicacion": "PARQUE LOS JARDINES"
      }
    },
    {
      "type": "Feature",
      "geometry": {
        "type": "Point",
        "coordinates": [
          -77.010708,
          -12.018384
        ]
      },
      "properties": {
        "nombre": " VECINO GUSTAVO DIAZ",
        "tipo": "Fija",
        "marca": "DAHUA",
        "ubicacion": "Jr. Las Grosellas y Filependulas"
      }
    },
    {
      "type": "Feature",
      "geometry": {
        "type": "Point",
        "coordinates": [
          -77.010734,
          -12.018334
        ]
      },
      "properties": {
        "nombre": " VECINO GUSTAVO DIAZ",
        "tipo": "Fija",
        "marca": "DAHUA",
        "ubicacion": "Jr. Las Grosellas y Filependulas"
      }
    },
    {
      "type": "Feature",
      "geometry": {
        "type": "Point",
        "coordinates": [
          -77.010709,
          -12.018406
        ]
      },
      "properties": {
        "nombre": " VECINO GUSTAVO DIAZ",
        "tipo": "Fija",
        "marca": "DAHUA",
        "ubicacion": "Jr. Las Grosellas y Filependulas"
      }
    },
    {
      "type": "Feature",
      "geometry": {
        "type": "Point",
        "coordinates": [
          -77.010748,
          -12.018443
        ]
      },
      "properties": {
        "nombre": " VECINO GUSTAVO DIAZ",
        "tipo": "Fija",
        "marca": "DAHUA",
        "ubicacion": "Jr. Las Grosellas y Filependulas"
      }
    },
    {
      "type": "Feature",
      "geometry": {
        "type": "Point",
        "coordinates": [
          -77.010791,
          -12.018833
        ]
      },
      "properties": {
        "nombre": " VECINO GUSTAVO DIAZ",
        "tipo": "Fija",
        "marca": "DAHUA",
        "ubicacion": "Jr. Las Grosellas y Filependulas"
      }
    },
    {
      "type": "Feature",
      "geometry": {
        "type": "Point",
        "coordinates": [
          -77.010812,
          -12.019309
        ]
      },
      "properties": {
        "nombre": " VECINO GUSTAVO DIAZ",
        "tipo": "Fija",
        "marca": "DAHUA",
        "ubicacion": "Jr. Las Grosellas y Filependulas"
      }
    },
    {
      "type": "Feature",
      "geometry": {
        "type": "Point",
        "coordinates": [
          -77.010641,
          -12.017859
        ]
      },
      "properties": {
        "nombre": " VECINO GUSTAVO DIAZ",
        "tipo": "Fija",
        "marca": "DAHUA",
        "ubicacion": "Jr. Las Grosellas y Filependulas"
      }
    },
    {
      "type": "Feature",
      "geometry": {
        "type": "Point",
        "coordinates": [
          -77.016323,
          -12.025851
        ]
      },
      "properties": {
        "nombre": "VECINO GLORIA GRANDOS",
        "tipo": "Fija",
        "marca": "DAHUA",
        "ubicacion": "Av. Lima con Cabo Blanco"
      }
    },
    {
      "type": "Feature",
      "geometry": {
        "type": "Point",
        "coordinates": [
          -77.016421,
          -12.025642
        ]
      },
      "properties": {
        "nombre": "VECINO GLORIA GRANDOS",
        "tipo": "Fija",
        "marca": "DAHUA",
        "ubicacion": "Av. Lima con Cabo Blanco"
      }
    },
    {
      "type": "Feature",
      "geometry": {
        "type": "Point",
        "coordinates": [
          -77.016406,
          -12.025419
        ]
      },
      "properties": {
        "nombre": "VECINO GLORIA GRANDOS",
        "tipo": "Fija",
        "marca": "DAHUA",
        "ubicacion": "Av. Lima con Cabo Blanco"
      }
    },
    {
      "type": "Feature",
      "geometry": {
        "type": "Point",
        "coordinates": [
          -77.016452,
          -12.025045
        ]
      },
      "properties": {
        "nombre": "VECINO GLORIA GRANDOS",
        "tipo": "Fija",
        "marca": "DAHUA",
        "ubicacion": "Av. Lima con Cabo Blanco"
      }
    },
    {
      "type": "Feature",
      "geometry": {
        "type": "Point",
        "coordinates": [
          -77.016521,
          -12.024572
        ]
      },
      "properties": {
        "nombre": "VECINO GLORIA GRANDOS",
        "tipo": "Fija",
        "marca": "DAHUA",
        "ubicacion": "Av. Lima con Cabo Blanco"
      }
    },
    {
      "type": "Feature",
      "geometry": {
        "type": "Point",
        "coordinates": [
          -77.016671,
          -12.024436
        ]
      },
      "properties": {
        "nombre": "VECINO GLORIA GRANDOS",
        "tipo": "Fija",
        "marca": "DAHUA",
        "ubicacion": "Av. Lima con Cabo Blanco"
      }
    },
    {
      "type": "Feature",
      "geometry": {
        "type": "Point",
        "coordinates": [
          -77.016577,
          -12.024284
        ]
      },
      "properties": {
        "nombre": "VECINO GLORIA GRANDOS",
        "tipo": "Fija",
        "marca": "DAHUA",
        "ubicacion": "Av. Lima con Cabo Blanco"
      }
    },
    {
      "type": "Feature",
      "geometry": {
        "type": "Point",
        "coordinates": [
          -77.016568,
          -12.025425
        ]
      },
      "properties": {
        "nombre": "VECINO GLORIA GRANDOS",
        "tipo": "Fija",
        "marca": "DAHUA",
        "ubicacion": "Av. Lima con Cabo Blanco"
      }
    },
    {
      "type": "Feature",
      "geometry": {
        "type": "Point",
        "coordinates": [
          -77.011428,
          -12.025386
        ]
      },
      "properties": {
        "nombre": " VECINO - ANALUPE",
        "tipo": "Fija",
        "marca": "DAHUA",
        "ubicacion": "Av. Lima Con Psje. Pto Maldonado"
      }
    },
    {
      "type": "Feature",
      "geometry": {
        "type": "Point",
        "coordinates": [
          -77.011409,
          -12.025541
        ]
      },
      "properties": {
        "nombre": " VECINO - ANALUPE",
        "tipo": "Fija",
        "marca": "DAHUA",
        "ubicacion": "Av. Lima Con Psje. Pto Maldonado"
      }
    },
    {
      "type": "Feature",
      "geometry": {
        "type": "Point",
        "coordinates": [
          -77.011401,
          -12.02558
        ]
      },
      "properties": {
        "nombre": " VECINO - ANALUPE",
        "tipo": "Fija",
        "marca": "DAHUA",
        "ubicacion": "Av. Lima Con Psje. Pto Maldonado"
      }
    },
    {
      "type": "Feature",
      "geometry": {
        "type": "Point",
        "coordinates": [
          -77.011352,
          -12.025969
        ]
      },
      "properties": {
        "nombre": " VECINO - ANALUPE",
        "tipo": "Fija",
        "marca": "DAHUA",
        "ubicacion": "Av. Lima Con Psje. Pto Maldonado"
      }
    },
    {
      "type": "Feature",
      "geometry": {
        "type": "Point",
        "coordinates": [
          -77.011336,
          -12.026027
        ]
      },
      "properties": {
        "nombre": " VECINO - ANALUPE",
        "tipo": "Fija",
        "marca": "DAHUA",
        "ubicacion": "Av. Lima Con Psje. Pto Maldonado"
      }
    },
    {
      "type": "Feature",
      "geometry": {
        "type": "Point",
        "coordinates": [
          -77.011307,
          -12.026407
        ]
      },
      "properties": {
        "nombre": " VECINO - ANALUPE",
        "tipo": "Fija",
        "marca": "DAHUA",
        "ubicacion": "Av. Lima Con Psje. Pto Maldonado"
      }
    },
    {
      "type": "Feature",
      "geometry": {
        "type": "Point",
        "coordinates": [
          -77.011305,
          -12.026405
        ]
      },
      "properties": {
        "nombre": " VECINO - ANALUPE",
        "tipo": "Fija",
        "marca": "DAHUA",
        "ubicacion": "Av. Lima Con Psje. Pto Maldonado"
      }
    },
    {
      "type": "Feature",
      "geometry": {
        "type": "Point",
        "coordinates": [
          -77.011351,
          -12.025883
        ]
      },
      "properties": {
        "nombre": " VECINO - ANALUPE",
        "tipo": "Fija",
        "marca": "DAHUA",
        "ubicacion": "Av. Lima Con Psje. Pto Maldonado"
      }
    },
    {
      "type": "Feature",
      "geometry": {
        "type": "Point",
        "coordinates": [
          -77.004968,
          -12.015887
        ]
      },
      "properties": {
        "nombre": "VECINO DANIEL FERNÁNDEZ",
        "tipo": "Fija",
        "marca": "DAHUA",
        "ubicacion": "Beleños con Las Hebeas"
      }
    },
    {
      "type": "Feature",
      "geometry": {
        "type": "Point",
        "coordinates": [
          -77.004872,
          -12.015893
        ]
      },
      "properties": {
        "nombre": "VECINO DANIEL FERNÁNDEZ",
        "tipo": "Fija",
        "marca": "DAHUA",
        "ubicacion": "Beleños con Las Hebeas"
      }
    },
    {
      "type": "Feature",
      "geometry": {
        "type": "Point",
        "coordinates": [
          -77.009928,
          -12.016663
        ]
      },
      "properties": {
        "nombre": "COLEGIO SAN BENITO",
        "tipo": "Fija",
        "marca": "DAHUA",
        "ubicacion": "Jr. Las Ortigas con Eleboros"
      }
    },
    {
      "type": "Feature",
      "geometry": {
        "type": "Point",
        "coordinates": [
          -77.009895,
          -12.016591
        ]
      },
      "properties": {
        "nombre": "COLEGIO SAN BENITO",
        "tipo": "Fija",
        "marca": "DAHUA",
        "ubicacion": "Jr. Las Ortigas con Eleboros"
      }
    },
    {
      "type": "Feature",
      "geometry": {
        "type": "Point",
        "coordinates": [
          -77.0035317,
          -12.012002
        ]
      },
      "properties": {
        "nombre": " PARQUE LOS JARDINES Lord gutierrez Ortiz ",
        "tipo": "Fija",
        "marca": "DAHUA",
        "ubicacion": "JR LOS ANCIANOS Y JR LOS ALOES"
      }
    },
    {
      "type": "Feature",
      "geometry": {
        "type": "Point",
        "coordinates": [
          -77.00353,
          -12.012002
        ]
      },
      "properties": {
        "nombre": " PARQUE LOS JARDINES Lord gutierrez Ortiz ",
        "tipo": "Fija",
        "marca": "DAHUA",
        "ubicacion": "JR LOS ANCIANOS Y JR LOS ALOES"
      }
    },
    {
      "type": "Feature",
      "geometry": {
        "type": "Point",
        "coordinates": [
          -76.998093,
          -11.968133
        ]
      },
      "properties": {
        "nombre": "VECINO Ivan Maldonado aguero ",
        "tipo": "Fija",
        "marca": "DAHUA",
        "ubicacion": "Rio Santa Con Rio Moche"
      }
    },
    {
      "type": "Feature",
      "geometry": {
        "type": "Point",
        "coordinates": [
          -77.012993,
          -11.982585
        ]
      },
      "properties": {
        "nombre": "VECINO  Ricardo Aponte Cornejo",
        "tipo": "Fija",
        "marca": "DAHUA",
        "ubicacion": "Av. el Sol con Av. Canto Grande"
      }
    },
    {
      "type": "Feature",
      "geometry": {
        "type": "Point",
        "coordinates": [
          -77.012993,
          -11.982585
        ]
      },
      "properties": {
        "nombre": "VECINO  Ricardo Aponte Cornejo",
        "tipo": "Fija",
        "marca": "DAHUA",
        "ubicacion": "Av. el Sol con Av. Canto Grande"
      }
    },
    {
      "type": "Feature",
      "geometry": {
        "type": "Point",
        "coordinates": [
          -77.004971,
          -11.988472
        ]
      },
      "properties": {
        "nombre": " VECINO Freddy Calapuja Zambrano ",
        "tipo": "Fija",
        "marca": "DAHUA",
        "ubicacion": "Arcillas con Jr. Los Esmeriles"
      }
    },
    {
      "type": "Feature",
      "geometry": {
        "type": "Point",
        "coordinates": [
          -77.00497,
          -11.988471
        ]
      },
      "properties": {
        "nombre": " VECINO Freddy Calapuja Zambrano ",
        "tipo": "Fija",
        "marca": "DAHUA",
        "ubicacion": "Arcillas con Jr. Los Esmeriles"
      }
    },
    {
      "type": "Feature",
      "geometry": {
        "type": "Point",
        "coordinates": [
          -77.004969,
          -11.988469
        ]
      },
      "properties": {
        "nombre": " VECINO Freddy Calapuja Zambrano ",
        "tipo": "Fija",
        "marca": "DAHUA",
        "ubicacion": "Arcillas con Jr. Los Esmeriles"
      }
    },
    {
      "type": "Feature",
      "geometry": {
        "type": "Point",
        "coordinates": [
          -77.004966,
          -11.988468
        ]
      },
      "properties": {
        "nombre": " VECINO Freddy Calapuja Zambrano ",
        "tipo": "Fija",
        "marca": "DAHUA",
        "ubicacion": "Arcillas con Jr. Los Esmeriles"
      }
    },
    {
      "type": "Feature",
      "geometry": {
        "type": "Point",
        "coordinates": [
          -77.001292,
          -11.965321
        ]
      },
      "properties": {
        "nombre": "VECINO Alberto Guido ",
        "tipo": "Fija",
        "marca": "DAHUA",
        "ubicacion": "Rio Azul con rio Pampamarca"
      }
    },
    {
      "type": "Feature",
      "geometry": {
        "type": "Point",
        "coordinates": [
          -77.001229,
          -11.965215
        ]
      },
      "properties": {
        "nombre": "VECINO Alberto Guido ",
        "tipo": "Fija",
        "marca": "DAHUA",
        "ubicacion": "Rio Azul con rio Pampamarca"
      }
    },
    {
      "type": "Feature",
      "geometry": {
        "type": "Point",
        "coordinates": [
          -77.001202,
          -11.965224
        ]
      },
      "properties": {
        "nombre": "VECINO Alberto Guido ",
        "tipo": "Fija",
        "marca": "DAHUA",
        "ubicacion": "Rio Azul con rio Pampamarca"
      }
    },
    {
      "type": "Feature",
      "geometry": {
        "type": "Point",
        "coordinates": [
          -76.99217,
          -12.025991
        ]
      },
      "properties": {
        "nombre": "Parque Santiago AntUnez de mayolo - Javier Martinez ",
        "tipo": "Domo",
        "marca": "DAHUA",
        "ubicacion": "Parque Santiago Antúnez de mayolo"
      }
    },
    {
      "type": "Feature",
      "geometry": {
        "type": "Point",
        "coordinates": [
          -76.987082,
          -11.959663
        ]
      },
      "properties": {
        "nombre": "LOCAL COMERCIAL CASA LINDA - COMPLEJO",
        "tipo": "Fija",
        "marca": "DAHUA",
        "ubicacion": "Av. Fernando Wiesse 3540"
      }
    },
    {
      "type": "Feature",
      "geometry": {
        "type": "Point",
        "coordinates": [
          -76.98708,
          -11.959661
        ]
      },
      "properties": {
        "nombre": "LOCAL COMERCIAL CASA LINDA - COMPLEJO",
        "tipo": "Fija",
        "marca": "DAHUA",
        "ubicacion": "Av. Fernando Wiesse 3540"
      }
    },
    {
      "type": "Feature",
      "geometry": {
        "type": "Point",
        "coordinates": [
          -76.997406,
          -11.973243
        ]
      },
      "properties": {
        "nombre": "LOCAL COMERCIAL CASA LINDA - 4 SEDES",
        "tipo": "Fija",
        "marca": "DAHUA",
        "ubicacion": "Av. Próceres de la Independencia 36"
      }
    },
    {
      "type": "Feature",
      "geometry": {
        "type": "Point",
        "coordinates": [
          -76.997407,
          -11.973244
        ]
      },
      "properties": {
        "nombre": "LOCAL COMERCIAL CASA LINDA - 4 SEDES",
        "tipo": "Fija",
        "marca": "DAHUA",
        "ubicacion": "Av. Próceres de la Independencia 36"
      }
    },
    {
      "type": "Feature",
      "geometry": {
        "type": "Point",
        "coordinates": [
          -77.00539,
          -11.981118
        ]
      },
      "properties": {
        "nombre": " LOCAL COMERCIAL CASA LINDA SAN CARLOS",
        "tipo": "Fija",
        "marca": "DAHUA",
        "ubicacion": "Av. Próceres de la Independencia 2998"
      }
    },
    {
      "type": "Feature",
      "geometry": {
        "type": "Point",
        "coordinates": [
          -77.00531,
          -11.981116
        ]
      },
      "properties": {
        "nombre": " LOCAL COMERCIAL CASA LINDA SAN CARLOS",
        "tipo": "Fija",
        "marca": "DAHUA",
        "ubicacion": "Av. Próceres de la Independencia 2999"
      }
    },
    {
      "type": "Feature",
      "geometry": {
        "type": "Point",
        "coordinates": [
          -77.005175,
          -11.981416
        ]
      },
      "properties": {
        "nombre": " LOCAL COMERCIAL CASA LINDA SAN CARLOS",
        "tipo": "Fija",
        "marca": "DAHUA",
        "ubicacion": "Av. Próceres de la Independencia 3000"
      }
    },
    {
      "type": "Feature",
      "geometry": {
        "type": "Point",
        "coordinates": [
          -77.005178,
          -11.981418
        ]
      },
      "properties": {
        "nombre": " LOCAL COMERCIAL CASA LINDA SAN CARLOS",
        "tipo": "Fija",
        "marca": "DAHUA",
        "ubicacion": "Av. Próceres de la Independencia 3001"
      }
    },
    {
      "type": "Feature",
      "geometry": {
        "type": "Point",
        "coordinates": [
          -76.985563,
          -11.968421
        ]
      },
      "properties": {
        "nombre": "VECINO Alison Camacho",
        "tipo": "Fija",
        "marca": "DAHUA",
        "ubicacion": "AV. CIRCUNVALACIÓN CON CALLE LAS AMAPOLAS"
      }
    },
    {
      "type": "Feature",
      "geometry": {
        "type": "Point",
        "coordinates": [
          -76.985522,
          -11.96849
        ]
      },
      "properties": {
        "nombre": "VECINO Alison Camacho",
        "tipo": "Fija",
        "marca": "DAHUA",
        "ubicacion": "AV. CIRCUNVALACIÓN CON CALLE LAS AMAPOLAS"
      }
    },
    {
      "type": "Feature",
      "geometry": {
        "type": "Point",
        "coordinates": [
          -76.985195,
          -11.968032
        ]
      },
      "properties": {
        "nombre": "MERCADO SANTA ROSA",
        "tipo": "Domo",
        "marca": "DAHUA",
        "ubicacion": "AV CIRCUNVALACION Y LAS VIOLETAS"
      }
    },
    {
      "type": "Feature",
      "geometry": {
        "type": "Point",
        "coordinates": [
          -76.990879,
          -11.96485
        ]
      },
      "properties": {
        "nombre": "GIMNASIO MANUEL MALDONADO",
        "tipo": "Fija",
        "marca": "DAHUA",
        "ubicacion": "Av. Próceres de la Independencia 3970"
      }
    },
    {
      "type": "Feature",
      "geometry": {
        "type": "Point",
        "coordinates": [
          -76.998083,
          -11.983262
        ]
      },
      "properties": {
        "nombre": "VECINO ANTONIO TAPIA SANTANA",
        "tipo": "Fija",
        "marca": "DAHUA",
        "ubicacion": "JR LOS PINOS 457 Y AV EL PARQUE"
      }
    },
    {
      "type": "Feature",
      "geometry": {
        "type": "Point",
        "coordinates": [
          -76.998086,
          -11.983268
        ]
      },
      "properties": {
        "nombre": "VECINO ANTONIO TAPIA SANTANA",
        "tipo": "Fija",
        "marca": "DAHUA",
        "ubicacion": "JR LOS PINOS 457 Y AV EL PARQUE"
      }
    },
    {
      "type": "Feature",
      "geometry": {
        "type": "Point",
        "coordinates": [
          -76.997529,
          -11.982554
        ]
      },
      "properties": {
        "nombre": "VECINO ANTONIO TAPIA SANTANA",
        "tipo": "Fija",
        "marca": "DAHUA",
        "ubicacion": "JR LOS PINOS 457 Y AV EL PARQUE"
      }
    },
    {
      "type": "Feature",
      "geometry": {
        "type": "Point",
        "coordinates": [
          -76.999387,
          -11.984298
        ]
      },
      "properties": {
        "nombre": "VECINO ANTONIO TAPIA SANTANA",
        "tipo": "Fija",
        "marca": "DAHUA",
        "ubicacion": "JR LOS PINOS 457 Y AV EL PARQUE"
      }
    },
    {
      "type": "Feature",
      "geometry": {
        "type": "Point",
        "coordinates": [
          -76.997811,
          -11.982996
        ]
      },
      "properties": {
        "nombre": "VECINO ANTONIO TAPIA SANTANA",
        "tipo": "Fija",
        "marca": "DAHUA",
        "ubicacion": "JR LOS PINOS 457 Y AV EL PARQUE"
      }
    },
    {
      "type": "Feature",
      "geometry": {
        "type": "Point",
        "coordinates": [
          -76.99882,
          -11.983896
        ]
      },
      "properties": {
        "nombre": "VECINO ANTONIO TAPIA SANTANA",
        "tipo": "Fija",
        "marca": "DAHUA",
        "ubicacion": "JR LOS PINOS 457 Y AV EL PARQUE"
      }
    },
    {
      "type": "Feature",
      "geometry": {
        "type": "Point",
        "coordinates": [
          -76.997542,
          -11.982439
        ]
      },
      "properties": {
        "nombre": "VECINO ANTONIO TAPIA SANTANA",
        "tipo": "Fija",
        "marca": "DAHUA",
        "ubicacion": "JR LOS PINOS 457 Y AV EL PARQUE"
      }
    },
    {
      "type": "Feature",
      "geometry": {
        "type": "Point",
        "coordinates": [
          -76.99918,
          -11.984132
        ]
      },
      "properties": {
        "nombre": "VECINO ANTONIO TAPIA SANTANA",
        "tipo": "Fija",
        "marca": "DAHUA",
        "ubicacion": "JR LOS PINOS 457 Y AV EL PARQUE"
      }
    },
    {
      "type": "Feature",
      "geometry": {
        "type": "Point",
        "coordinates": [
          -76.998531,
          -11.983729
        ]
      },
      "properties": {
        "nombre": "VECINO ANTONIO TAPIA SANTANA",
        "tipo": "Fija",
        "marca": "DAHUA",
        "ubicacion": "JR LOS PINOS 457 Y AV EL PARQUE"
      }
    },
    {
      "type": "Feature",
      "geometry": {
        "type": "Point",
        "coordinates": [
          -76.998082,
          -11.983262
        ]
      },
      "properties": {
        "nombre": "VECINO ANTONIO TAPIA SANTANA",
        "tipo": "Fija",
        "marca": "DAHUA",
        "ubicacion": "JR LOS PINOS 457 Y AV EL PARQUE"
      }
    },
    {
      "type": "Feature",
      "geometry": {
        "type": "Point",
        "coordinates": [
          -76.998077,
          -11.983263
        ]
      },
      "properties": {
        "nombre": "VECINO ANTONIO TAPIA SANTANA",
        "tipo": "Fija",
        "marca": "DAHUA",
        "ubicacion": "JR LOS PINOS 457 Y AV EL PARQUE"
      }
    },
    {
      "type": "Feature",
      "geometry": {
        "type": "Point",
        "coordinates": [
          -76.998073,
          -11.983264
        ]
      },
      "properties": {
        "nombre": "VECINO ANTONIO TAPIA SANTANA",
        "tipo": "Fija",
        "marca": "DAHUA",
        "ubicacion": "JR LOS PINOS 457 Y AV EL PARQUE"
      }
    },
    {
      "type": "Feature",
      "geometry": {
        "type": "Point",
        "coordinates": [
          -76.998078,
          -11.98327
        ]
      },
      "properties": {
        "nombre": "VECINO ANTONIO TAPIA SANTANA",
        "tipo": "Fija",
        "marca": "DAHUA",
        "ubicacion": "JR LOS PINOS 457 Y AV EL PARQUE"
      }
    },
    {
      "type": "Feature",
      "geometry": {
        "type": "Point",
        "coordinates": [
          -76.998081,
          -11.98325
        ]
      },
      "properties": {
        "nombre": "VECINO ANTONIO TAPIA SANTANA",
        "tipo": "Fija",
        "marca": "DAHUA",
        "ubicacion": "JR LOS PINOS 457 Y AV EL PARQUE"
      }
    },
    {
      "type": "Feature",
      "geometry": {
        "type": "Point",
        "coordinates": [
          -76.998082,
          -11.983245
        ]
      },
      "properties": {
        "nombre": "VECINO ANTONIO TAPIA SANTANA",
        "tipo": "Fija",
        "marca": "DAHUA",
        "ubicacion": "JR LOS PINOS 457 Y AV EL PARQUE"
      }
    },
    {
      "type": "Feature",
      "geometry": {
        "type": "Point",
        "coordinates": [
          -76.998102,
          -11.983278
        ]
      },
      "properties": {
        "nombre": "VECINO ANTONIO TAPIA SANTANA",
        "tipo": "Fija",
        "marca": "DAHUA",
        "ubicacion": "JR LOS PINOS 457 Y AV EL PARQUE"
      }
    },
    {
      "type": "Feature",
      "geometry": {
        "type": "Point",
        "coordinates": [
          -76.993104,
          -11.970075
        ]
      },
      "properties": {
        "nombre": "VECINO Guicela beatriz Gutiérrez ",
        "tipo": "Fija",
        "marca": "DAHUA",
        "ubicacion": "AV. SANTA ROSA CON EL HABITO"
      }
    },
    {
      "type": "Feature",
      "geometry": {
        "type": "Point",
        "coordinates": [
          -76.993103,
          -11.970065
        ]
      },
      "properties": {
        "nombre": "VECINO Guicela beatriz Gutiérrez ",
        "tipo": "Fija",
        "marca": "DAHUA",
        "ubicacion": "AV. SANTA ROSA CON EL HABITO"
      }
    },
    {
      "type": "Feature",
      "geometry": {
        "type": "Point",
        "coordinates": [
          -76.993102,
          -11.970067
        ]
      },
      "properties": {
        "nombre": "VECINO Guicela beatriz Gutiérrez ",
        "tipo": "Fija",
        "marca": "DAHUA",
        "ubicacion": "AV. SANTA ROSA CON EL HABITO"
      }
    },
    {
      "type": "Feature",
      "geometry": {
        "type": "Point",
        "coordinates": [
          -76.9931,
          -11.970078
        ]
      },
      "properties": {
        "nombre": "VECINO Guicela beatriz Gutiérrez ",
        "tipo": "Fija",
        "marca": "DAHUA",
        "ubicacion": "AV. SANTA ROSA CON EL HABITO"
      }
    },
    {
      "type": "Feature",
      "geometry": {
        "type": "Point",
        "coordinates": [
          -76.993108,
          -11.970079
        ]
      },
      "properties": {
        "nombre": "VECINO Guicela beatriz Gutiérrez ",
        "tipo": "Fija",
        "marca": "DAHUA",
        "ubicacion": "AV. SANTA ROSA CON EL HABITO"
      }
    },
    {
      "type": "Feature",
      "geometry": {
        "type": "Point",
        "coordinates": [
          -76.980729,
          -11.955554
        ]
      },
      "properties": {
        "nombre": "MERCADO SANTA ROSA Misael Jesus",
        "tipo": "Fija",
        "marca": "DAHUA",
        "ubicacion": "PABLO DE OLAVIDE CON JR CIRCUNVALACION - MDO SANTA ROSA"
      }
    },
    {
      "type": "Feature",
      "geometry": {
        "type": "Point",
        "coordinates": [
          -76.98109,
          -11.955909
        ]
      },
      "properties": {
        "nombre": "MERCADO SANTA ROSA Misael Jesus",
        "tipo": "Fija",
        "marca": "DAHUA",
        "ubicacion": "PABLO DE OLAVIDE CON JR CIRCUNVALACION - MDO SANTA ROSA"
      }
    },
    {
      "type": "Feature",
      "geometry": {
        "type": "Point",
        "coordinates": [
          -76.981135,
          -11.955877
        ]
      },
      "properties": {
        "nombre": "MERCADO SANTA ROSA Misael Jesus",
        "tipo": "Fija",
        "marca": "DAHUA",
        "ubicacion": "PABLO DE OLAVIDE CON JR CIRCUNVALACION - MDO SANTA ROSA"
      }
    },
    {
      "type": "Feature",
      "geometry": {
        "type": "Point",
        "coordinates": [
          -76.981371,
          -11.955758
        ]
      },
      "properties": {
        "nombre": "MERCADO SANTA ROSA Misael Jesus",
        "tipo": "Fija",
        "marca": "DAHUA",
        "ubicacion": "PABLO DE OLAVIDE CON JR CIRCUNVALACION - MDO SANTA ROSA"
      }
    },
    {
      "type": "Feature",
      "geometry": {
        "type": "Point",
        "coordinates": [
          -76.981128,
          -11.95531
        ]
      },
      "properties": {
        "nombre": "MERCADO SANTA ROSA Misael Jesus",
        "tipo": "Fija",
        "marca": "DAHUA",
        "ubicacion": "PABLO DE OLAVIDE CON JR CIRCUNVALACION - MDO SANTA ROSA"
      }
    },
    {
      "type": "Feature",
      "geometry": {
        "type": "Point",
        "coordinates": [
          -76.980629,
          -11.955653
        ]
      },
      "properties": {
        "nombre": "MERCADO SANTA ROSA Misael Jesus",
        "tipo": "Fija",
        "marca": "DAHUA",
        "ubicacion": "PABLO DE OLAVIDE CON JR CIRCUNVALACION - MDO SANTA ROSA"
      }
    },
    {
      "type": "Feature",
      "geometry": {
        "type": "Point",
        "coordinates": [
          -76.980656,
          -11.955654
        ]
      },
      "properties": {
        "nombre": "MERCADO SANTA ROSA Misael Jesus",
        "tipo": "Fija",
        "marca": "DAHUA",
        "ubicacion": "PABLO DE OLAVIDE CON JR CIRCUNVALACION - MDO SANTA ROSA"
      }
    },
    {
      "type": "Feature",
      "geometry": {
        "type": "Point",
        "coordinates": [
          -76.980615,
          -11.955771
        ]
      },
      "properties": {
        "nombre": "MERCADO SANTA ROSA Misael Jesus",
        "tipo": "Fija",
        "marca": "DAHUA",
        "ubicacion": "PABLO DE OLAVIDE CON JR CIRCUNVALACION - MDO SANTA ROSA"
      }
    },
    {
      "type": "Feature",
      "geometry": {
        "type": "Point",
        "coordinates": [
          -76.980874,
          -11.956019
        ]
      },
      "properties": {
        "nombre": "MERCADO SANTA ROSA Misael Jesus",
        "tipo": "Fija",
        "marca": "DAHUA",
        "ubicacion": "PABLO DE OLAVIDE CON JR CIRCUNVALACION - MDO SANTA ROSA"
      }
    },
    {
      "type": "Feature",
      "geometry": {
        "type": "Point",
        "coordinates": [
          -76.981088,
          -11.955915
        ]
      },
      "properties": {
        "nombre": "MERCADO SANTA ROSA Misael Jesus",
        "tipo": "Fija",
        "marca": "DAHUA",
        "ubicacion": "PABLO DE OLAVIDE CON JR CIRCUNVALACION - MDO SANTA ROSA"
      }
    },
    {
      "type": "Feature",
      "geometry": {
        "type": "Point",
        "coordinates": [
          -76.981079,
          -11.955912
        ]
      },
      "properties": {
        "nombre": "MERCADO SANTA ROSA Misael Jesus",
        "tipo": "Fija",
        "marca": "DAHUA",
        "ubicacion": "PABLO DE OLAVIDE CON JR CIRCUNVALACION - MDO SANTA ROSA"
      }
    },
    {
      "type": "Feature",
      "geometry": {
        "type": "Point",
        "coordinates": [
          -76.981078,
          -11.955911
        ]
      },
      "properties": {
        "nombre": "MERCADO SANTA ROSA Misael Jesus",
        "tipo": "Fija",
        "marca": "DAHUA",
        "ubicacion": "PABLO DE OLAVIDE CON JR CIRCUNVALACION - MDO SANTA ROSA"
      }
    },
    {
      "type": "Feature",
      "geometry": {
        "type": "Point",
        "coordinates": [
          -76.981075,
          -11.955909
        ]
      },
      "properties": {
        "nombre": "MERCADO SANTA ROSA Misael Jesus",
        "tipo": "Fija",
        "marca": "DAHUA",
        "ubicacion": "PABLO DE OLAVIDE CON JR CIRCUNVALACION - MDO SANTA ROSA"
      }
    },
    {
      "type": "Feature",
      "geometry": {
        "type": "Point",
        "coordinates": [
          -76.981077,
          -11.955908
        ]
      },
      "properties": {
        "nombre": "MERCADO SANTA ROSA Misael Jesus",
        "tipo": "Fija",
        "marca": "DAHUA",
        "ubicacion": "PABLO DE OLAVIDE CON JR CIRCUNVALACION - MDO SANTA ROSA"
      }
    },
    {
      "type": "Feature",
      "geometry": {
        "type": "Point",
        "coordinates": [
          -76.981072,
          -11.955905
        ]
      },
      "properties": {
        "nombre": "MERCADO SANTA ROSA Misael Jesus",
        "tipo": "Fija",
        "marca": "DAHUA",
        "ubicacion": "PABLO DE OLAVIDE CON JR CIRCUNVALACION - MDO SANTA ROSA"
      }
    },
    {
      "type": "Feature",
      "geometry": {
        "type": "Point",
        "coordinates": [
          -76.981071,
          -11.955907
        ]
      },
      "properties": {
        "nombre": "MERCADO SANTA ROSA Misael Jesus",
        "tipo": "Fija",
        "marca": "DAHUA",
        "ubicacion": "PABLO DE OLAVIDE CON JR CIRCUNVALACION - MDO SANTA ROSA"
      }
    },
    {
      "type": "Feature",
      "geometry": {
        "type": "Point",
        "coordinates": [
          -77.004226,
          -12.011203
        ]
      },
      "properties": {
        "nombre": "VECINO JOSE FRANCISCO LIRA ENRIQUEZ",
        "tipo": "Fija y domo",
        "marca": "DAHUA",
        "ubicacion": "JR LOS ANCIANOS Y JR LOS ALOES"
      }
    },
    {
      "type": "Feature",
      "geometry": {
        "type": "Point",
        "coordinates": [
          -77.004224,
          -12.011201
        ]
      },
      "properties": {
        "nombre": "VECINO JOSE FRANCISCO LIRA ENRIQUEZ",
        "tipo": "Fija y domo",
        "marca": "DAHUA",
        "ubicacion": "JR LOS ANCIANOS Y JR LOS ALOES"
      }
    },
    {
      "type": "Feature",
      "geometry": {
        "type": "Point",
        "coordinates": [
          -76.992214,
          -11.954972
        ]
      },
      "properties": {
        "nombre": "PARQUE HEROITO  ELIZABETH ALEJOS LACHIRA",
        "tipo": "Fija",
        "marca": "DAHUA",
        "ubicacion": "PARQUE HEROITO"
      }
    },
    {
      "type": "Feature",
      "geometry": {
        "type": "Point",
        "coordinates": [
          -76.992212,
          -11.95497
        ]
      },
      "properties": {
        "nombre": "PARQUE HEROITO  ELIZABETH ALEJOS LACHIRA",
        "tipo": "Fija",
        "marca": "DAHUA",
        "ubicacion": "PARQUE HEROITO"
      }
    },
    {
      "type": "Feature",
      "geometry": {
        "type": "Point",
        "coordinates": [
          -76.992215,
          -11.954975
        ]
      },
      "properties": {
        "nombre": "PARQUE HEROITO  ELIZABETH ALEJOS LACHIRA",
        "tipo": "Fija",
        "marca": "DAHUA",
        "ubicacion": "PARQUE HEROITO"
      }
    },
    {
      "type": "Feature",
      "geometry": {
        "type": "Point",
        "coordinates": [
          -76.992216,
          -11.954973
        ]
      },
      "properties": {
        "nombre": "PARQUE HEROITO  ELIZABETH ALEJOS LACHIRA",
        "tipo": "Fija",
        "marca": "DAHUA",
        "ubicacion": "PARQUE HEROITO"
      }
    },
    {
      "type": "Feature",
      "geometry": {
        "type": "Point",
        "coordinates": [
          -77.004913,
          -12.02743
        ]
      },
      "properties": {
        "nombre": "PARQUE ALEJANDRO BERTELLO - CARMEN NEURA",
        "tipo": "Fija",
        "marca": "HIK VISION",
        "ubicacion": "PARQUE ALEJANDRO BERTELLO"
      }
    },
    {
      "type": "Feature",
      "geometry": {
        "type": "Point",
        "coordinates": [
          -77.006372,
          -12.02563
        ]
      },
      "properties": {
        "nombre": " VECINO EDER REYES",
        "tipo": "Fija",
        "marca": "HIK VISION",
        "ubicacion": "Calle Los Chasquis / Calle Ayar Manco"
      }
    },
    {
      "type": "Feature",
      "geometry": {
        "type": "Point",
        "coordinates": [
          -77.006421,
          -12.025645
        ]
      },
      "properties": {
        "nombre": " VECINO EDER REYES",
        "tipo": "Fija",
        "marca": "HIK VISION",
        "ubicacion": "Calle Los Chasquis / Calle Ayar Manco"
      }
    },
    {
      "type": "Feature",
      "geometry": {
        "type": "Point",
        "coordinates": [
          -76.98312,
          -12.016455
        ]
      },
      "properties": {
        "nombre": "VECINO MARCELO MARTEL",
        "tipo": "Fija",
        "marca": "HIK VISION",
        "ubicacion": "AV. SANTUARIO 1847"
      }
    },
    {
      "type": "Feature",
      "geometry": {
        "type": "Point",
        "coordinates": [
          -77.009577,
          -12.027239
        ]
      },
      "properties": {
        "nombre": "PARQUE ATAHUALPA - EVER ALVAREZ",
        "tipo": "Fija",
        "marca": "HIK VISION",
        "ubicacion": "JR TIAHUANACO CON LAS POSTAS"
      }
    },
    {
      "type": "Feature",
      "geometry": {
        "type": "Point",
        "coordinates": [
          -77.006448,
          -12.026817
        ]
      },
      "properties": {
        "nombre": "PARQUE ATAHUALPA - EVER ALVAREZ",
        "tipo": "Fija",
        "marca": "HIK VISION",
        "ubicacion": "JR TIAHUANACO CON LAS POSTAS"
      }
    },
    {
      "type": "Feature",
      "geometry": {
        "type": "Point",
        "coordinates": [
          -77.008732,
          -12.026217
        ]
      },
      "properties": {
        "nombre": "PARQUE ATAHUALPA - EVER ALVAREZ",
        "tipo": "Fija",
        "marca": "HIK VISION",
        "ubicacion": "JR TIAHUANACO CON LAS POSTAS"
      }
    },
    {
      "type": "Feature",
      "geometry": {
        "type": "Point",
        "coordinates": [
          -77.005982,
          -12.009055
        ]
      },
      "properties": {
        "nombre": "COLEGIO SAN NICOLAS (NICOLAS NINA)",
        "tipo": "Fija",
        "marca": "DAHUA",
        "ubicacion": "Jr acebo 166 - urb las flores de Lima"
      }
    },
    {
      "type": "Feature",
      "geometry": {
        "type": "Point",
        "coordinates": [
          -76.962659,
          -12.012331
        ]
      },
      "properties": {
        "nombre": "COLEGIO SOLIDARIDAD III (PAOLI AULAS NUÑEZ)        \r\n",
        "tipo": "Fija",
        "marca": "DAHUA",
        "ubicacion": "Av Próceres S/N MzR Lote 15 3 era Campoy"
      }
    },
    {
      "type": "Feature",
      "geometry": {
        "type": "Point",
        "coordinates": [
          -76.962702,
          -12.012434
        ]
      },
      "properties": {
        "nombre": "COLEGIO SOLIDARIDAD III (PAOLI AULAS NUÑEZ)        \r\n",
        "tipo": "Fija",
        "marca": "DAHUA",
        "ubicacion": "Av Próceres S/N MzR Lote 15 3 era Campoy"
      }
    },
    {
      "type": "Feature",
      "geometry": {
        "type": "Point",
        "coordinates": [
          -76.962386,
          -12.012803
        ]
      },
      "properties": {
        "nombre": "COLEGIO SOLIDARIDAD III (PAOLI AULAS NUÑEZ)        \r\n",
        "tipo": "Fija",
        "marca": "DAHUA",
        "ubicacion": "Av Próceres S/N MzR Lote 15 3 era Campoy"
      }
    },
    {
      "type": "Feature",
      "geometry": {
        "type": "Point",
        "coordinates": [
          -76.962258,
          -12.012817
        ]
      },
      "properties": {
        "nombre": "COLEGIO SOLIDARIDAD III (PAOLI AULAS NUÑEZ)        \r\n",
        "tipo": "Fija",
        "marca": "DAHUA",
        "ubicacion": "Av Próceres S/N MzR Lote 15 3 era Campoy"
      }
    },
    {
      "type": "Feature",
      "geometry": {
        "type": "Point",
        "coordinates": [
          -76.961765,
          -12.012681
        ]
      },
      "properties": {
        "nombre": "COLEGIO SOLIDARIDAD III (PAOLI AULAS NUÑEZ)        \r\n",
        "tipo": "Fija",
        "marca": "DAHUA",
        "ubicacion": "Av Próceres S/N MzR Lote 15 3 era Campoy"
      }
    },
    {
      "type": "Feature",
      "geometry": {
        "type": "Point",
        "coordinates": [
          -76.961764,
          -12.012682
        ]
      },
      "properties": {
        "nombre": "COLEGIO SOLIDARIDAD III (PAOLI AULAS NUÑEZ)        \r\n",
        "tipo": "Fija",
        "marca": "DAHUA",
        "ubicacion": "Av Próceres S/N MzR Lote 15 3 era Campoy"
      }
    },
    {
      "type": "Feature",
      "geometry": {
        "type": "Point",
        "coordinates": [
          -76.961763,
          -12.012683
        ]
      },
      "properties": {
        "nombre": "COLEGIO SOLIDARIDAD III (PAOLI AULAS NUÑEZ)        \r\n",
        "tipo": "Fija",
        "marca": "DAHUA",
        "ubicacion": "Av Próceres S/N MzR Lote 15 3 era Campoy"
      }
    },
    {
      "type": "Feature",
      "geometry": {
        "type": "Point",
        "coordinates": [
          -76.961762,
          -12.012684
        ]
      },
      "properties": {
        "nombre": "COLEGIO SOLIDARIDAD III (PAOLI AULAS NUÑEZ)        \r\n",
        "tipo": "Fija",
        "marca": "DAHUA",
        "ubicacion": "Av Próceres S/N MzR Lote 15 3 era Campoy"
      }
    },
    {
      "type": "Feature",
      "geometry": {
        "type": "Point",
        "coordinates": [
          -76.96176,
          -12.012685
        ]
      },
      "properties": {
        "nombre": "COLEGIO SOLIDARIDAD III (PAOLI AULAS NUÑEZ)        \r\n",
        "tipo": "Fija",
        "marca": "DAHUA",
        "ubicacion": "Av Próceres S/N MzR Lote 15 3 era Campoy"
      }
    },
    {
      "type": "Feature",
      "geometry": {
        "type": "Point",
        "coordinates": [
          -76.979409,
          -12.013377
        ]
      },
      "properties": {
        "nombre": " Bredin reategui braga",
        "tipo": "Fija",
        "marca": "HIK VISION",
        "ubicacion": "Jr. Yuracyacu 219"
      }
    },
    {
      "type": "Feature",
      "geometry": {
        "type": "Point",
        "coordinates": [
          -76.979405,
          -12.013375
        ]
      },
      "properties": {
        "nombre": " Bredin reategui braga",
        "tipo": "Fija",
        "marca": "HIK VISION",
        "ubicacion": "Jr. Yuracyacu 219"
      }
    },
    {
      "type": "Feature",
      "geometry": {
        "type": "Point",
        "coordinates": [
          -76.979568,
          -12.013464
        ]
      },
      "properties": {
        "nombre": " Bredin reategui braga",
        "tipo": "Fija",
        "marca": "HIK VISION",
        "ubicacion": "Jr. Yuracyacu 219"
      }
    },
    {
      "type": "Feature",
      "geometry": {
        "type": "Point",
        "coordinates": [
          -76.979565,
          -12.013466
        ]
      },
      "properties": {
        "nombre": " Bredin reategui braga",
        "tipo": "Fija",
        "marca": "HIK VISION",
        "ubicacion": "Jr. Yuracyacu 219"
      }
    },
    {
      "type": "Feature",
      "geometry": {
        "type": "Point",
        "coordinates": [
          -77.002359,
          -12.022123
        ]
      },
      "properties": {
        "nombre": "LEON FERNANDEZ",
        "tipo": "Fija",
        "marca": "HIK VISION",
        "ubicacion": " CANCHA SINTÉTICA / Calle san luis gonzaga"
      }
    },
    {
      "type": "Feature",
      "geometry": {
        "type": "Point",
        "coordinates": [
          -77.002358,
          -12.022121
        ]
      },
      "properties": {
        "nombre": "LEON FERNANDEZ",
        "tipo": "Fija",
        "marca": "HIK VISION",
        "ubicacion": " CANCHA SINTÉTICA / Calle san luis gonzaga"
      }
    },
    {
      "type": "Feature",
      "geometry": {
        "type": "Point",
        "coordinates": [
          -77.00754844,
          -11.989715
        ]
      },
      "properties": {
        "nombre": "VECINO - CESAR TORRES",
        "tipo": "Fija y domo",
        "marca": "DAHUA",
        "ubicacion": "  AV. JORGE BASADRE ESTE # 295 CRUCE JR. LOS RUBÍS #2501"
      }
    },
    {
      "type": "Feature",
      "geometry": {
        "type": "Point",
        "coordinates": [
          -77.00762999,
          -11.989731
        ]
      },
      "properties": {
        "nombre": "VECINO - CESAR TORRES",
        "tipo": "Fija y domo",
        "marca": "DAHUA",
        "ubicacion": "  AV. JORGE BASADRE ESTE # 295 CRUCE JR. LOS RUBÍS #2502"
      }
    },
    {
      "type": "Feature",
      "geometry": {
        "type": "Point",
        "coordinates": [
          -77.007559,
          -11.989562
        ]
      },
      "properties": {
        "nombre": "VECINO - CESAR TORRES",
        "tipo": "Fija y domo",
        "marca": "DAHUA",
        "ubicacion": "  AV. JORGE BASADRE ESTE # 295 CRUCE JR. LOS RUBÍS #2503"
      }
    },
    {
      "type": "Feature",
      "geometry": {
        "type": "Point",
        "coordinates": [
          -77.00756,
          -11.989562
        ]
      },
      "properties": {
        "nombre": "VECINO - CESAR TORRES",
        "tipo": "Fija y domo",
        "marca": "DAHUA",
        "ubicacion": "  AV. JORGE BASADRE ESTE # 295 CRUCE JR. LOS RUBÍS #2504"
      }
    },
    {
      "type": "Feature",
      "geometry": {
        "type": "Point",
        "coordinates": [
          -76.978319,
          -12.021541
        ]
      },
      "properties": {
        "nombre": "Elodorio llumpo ángeles",
        "tipo": "Fija",
        "marca": "HIK VISION",
        "ubicacion": "Mz F LT 11 FLORES GALINDO AV. CAMPOY (AA HH 28 DE JULIO)"
      }
    },
    {
      "type": "Feature",
      "geometry": {
        "type": "Point",
        "coordinates": [
          -76.978312,
          -12.021582
        ]
      },
      "properties": {
        "nombre": "Elodorio llumpo ángeles",
        "tipo": "Fija",
        "marca": "HIK VISION",
        "ubicacion": "Mz F LT 11 FLORES GALINDO AV. CAMPOY (AA HH 28 DE JULIO)"
      }
    },
    {
      "type": "Feature",
      "geometry": {
        "type": "Point",
        "coordinates": [
          -76.978254,
          -12.021544
        ]
      },
      "properties": {
        "nombre": "Elodorio llumpo ángeles",
        "tipo": "Fija",
        "marca": "HIK VISION",
        "ubicacion": "Mz F LT 11 FLORES GALINDO AV. CAMPOY (AA HH 28 DE JULIO)"
      }
    },
    {
      "type": "Feature",
      "geometry": {
        "type": "Point",
        "coordinates": [
          -77.009113,
          -12.023834
        ]
      },
      "properties": {
        "nombre": "VICTORIA CRISPIN DE MALDONADO",
        "tipo": "Fija",
        "marca": "DAHUA",
        "ubicacion": "JR HIPOLITO UNANUE CON AV TUPAC AMARU "
      }
    },
    {
      "type": "Feature",
      "geometry": {
        "type": "Point",
        "coordinates": [
          -77.009076,
          -12.023812
        ]
      },
      "properties": {
        "nombre": "VICTORIA CRISPIN DE MALDONADO",
        "tipo": "Fija",
        "marca": "DAHUA",
        "ubicacion": "JR HIPOLITO UNANUE CON AV TUPAC AMARU "
      }
    },
    {
      "type": "Feature",
      "geometry": {
        "type": "Point",
        "coordinates": [
          -77.008995,
          -12.023584
        ]
      },
      "properties": {
        "nombre": "VICTORIA CRISPIN DE MALDONADO",
        "tipo": "Fija",
        "marca": "DAHUA",
        "ubicacion": "JR HIPOLITO UNANUE CON AV TUPAC AMARU "
      }
    },
    {
      "type": "Feature",
      "geometry": {
        "type": "Point",
        "coordinates": [
          -77.008828,
          -12.023409
        ]
      },
      "properties": {
        "nombre": "VICTORIA CRISPIN DE MALDONADO",
        "tipo": "Fija",
        "marca": "DAHUA",
        "ubicacion": "JR HIPOLITO UNANUE CON AV TUPAC AMARU "
      }
    },
    {
      "type": "Feature",
      "geometry": {
        "type": "Point",
        "coordinates": [
          -77.008371,
          -12.022941
        ]
      },
      "properties": {
        "nombre": "VICTORIA CRISPIN DE MALDONADO",
        "tipo": "Fija",
        "marca": "DAHUA",
        "ubicacion": "JR HIPOLITO UNANUE CON AV TUPAC AMARU "
      }
    },
    {
      "type": "Feature",
      "geometry": {
        "type": "Point",
        "coordinates": [
          -77.009111,
          -12.023832
        ]
      },
      "properties": {
        "nombre": "VICTORIA CRISPIN DE MALDONADO",
        "tipo": "Fija",
        "marca": "DAHUA",
        "ubicacion": "JR HIPOLITO UNANUE CON AV TUPAC AMARU "
      }
    },
    {
      "type": "Feature",
      "geometry": {
        "type": "Point",
        "coordinates": [
          -77.008993,
          -12.023582
        ]
      },
      "properties": {
        "nombre": "VICTORIA CRISPIN DE MALDONADO",
        "tipo": "Fija",
        "marca": "DAHUA",
        "ubicacion": "JR HIPOLITO UNANUE CON AV TUPAC AMARU "
      }
    },
    {
      "type": "Feature",
      "geometry": {
        "type": "Point",
        "coordinates": [
          -77.008563,
          -12.023155
        ]
      },
      "properties": {
        "nombre": "VICTORIA CRISPIN DE MALDONADO",
        "tipo": "Fija",
        "marca": "DAHUA",
        "ubicacion": "JR HIPOLITO UNANUE CON AV TUPAC AMARU "
      }
    },
    {
      "type": "Feature",
      "geometry": {
        "type": "Point",
        "coordinates": [
          -76.998683,
          -12.026103
        ]
      },
      "properties": {
        "nombre": "Eduardo Velasquez",
        "tipo": "Fija",
        "marca": "HIK VISION",
        "ubicacion": "Jr. Chavin de huantar /PARQUE LAS ÑUSTAS"
      }
    },
    {
      "type": "Feature",
      "geometry": {
        "type": "Point",
        "coordinates": [
          -76.99922,
          -12.025554
        ]
      },
      "properties": {
        "nombre": "Eduardo Velasquez",
        "tipo": "Fija",
        "marca": "HIK VISION",
        "ubicacion": "Jr. Chavin de huantar /PARQUE LAS ÑUSTAS"
      }
    },
    {
      "type": "Feature",
      "geometry": {
        "type": "Point",
        "coordinates": [
          -76.99918,
          -12.02555
        ]
      },
      "properties": {
        "nombre": "Eduardo Velasquez",
        "tipo": "Fija",
        "marca": "HIK VISION",
        "ubicacion": "Jr. Chavin de huantar /PARQUE LAS ÑUSTAS"
      }
    },
    {
      "type": "Feature",
      "geometry": {
        "type": "Point",
        "coordinates": [
          -76.999219,
          -12.025553
        ]
      },
      "properties": {
        "nombre": "Eduardo Velasquez",
        "tipo": "Fija",
        "marca": "HIK VISION",
        "ubicacion": "Jr. Chavin de huantar /PARQUE LAS ÑUSTAS"
      }
    },
    {
      "type": "Feature",
      "geometry": {
        "type": "Point",
        "coordinates": [
          -76.999217,
          -12.025549
        ]
      },
      "properties": {
        "nombre": "Eduardo Velasquez",
        "tipo": "Fija",
        "marca": "HIK VISION",
        "ubicacion": "Jr. Chavin de huantar /PARQUE LAS ÑUSTAS"
      }
    },
    {
      "type": "Feature",
      "geometry": {
        "type": "Point",
        "coordinates": [
          -76.995037,
          -12.01336
        ]
      },
      "properties": {
        "nombre": "Beatriz cusipuma Escobar ",
        "tipo": "Fija",
        "marca": "HIK VISION",
        "ubicacion": "Killa punchay colegio "
      }
    },
    {
      "type": "Feature",
      "geometry": {
        "type": "Point",
        "coordinates": [
          -76.9950417,
          -12.013298
        ]
      },
      "properties": {
        "nombre": "Beatriz cusipuma Escobar ",
        "tipo": "Fija",
        "marca": "HIK VISION",
        "ubicacion": "Killa punchay colegio "
      }
    },
    {
      "type": "Feature",
      "geometry": {
        "type": "Point",
        "coordinates": [
          -76.992824,
          -11.976506
        ]
      },
      "properties": {
        "nombre": "I.E NUESTRA SEÑORA DEL ROSARIO",
        "tipo": "Fija",
        "marca": "DAHUA",
        "ubicacion": "CALLE L ROSARIO 636 - 663"
      }
    },
    {
      "type": "Feature",
      "geometry": {
        "type": "Point",
        "coordinates": [
          -76.992807,
          -11.9766
        ]
      },
      "properties": {
        "nombre": "I.E NUESTRA SEÑORA DEL ROSARIO",
        "tipo": "Fija",
        "marca": "DAHUA",
        "ubicacion": "CALLE L ROSARIO 636 - 664"
      }
    },
    {
      "type": "Feature",
      "geometry": {
        "type": "Point",
        "coordinates": [
          -76.992794,
          -11.976464
        ]
      },
      "properties": {
        "nombre": "I.E NUESTRA SEÑORA DEL ROSARIO",
        "tipo": "Fija",
        "marca": "DAHUA",
        "ubicacion": "CALLE L ROSARIO 636 - 665"
      }
    },
    {
      "type": "Feature",
      "geometry": {
        "type": "Point",
        "coordinates": [
          -76.992772,
          -11.976514
        ]
      },
      "properties": {
        "nombre": "I.E NUESTRA SEÑORA DEL ROSARIO",
        "tipo": "Fija",
        "marca": "DAHUA",
        "ubicacion": "CALLE L ROSARIO 636 - 666"
      }
    },
    {
      "type": "Feature",
      "geometry": {
        "type": "Point",
        "coordinates": [
          -76.988735,
          -11.969159
        ]
      },
      "properties": {
        "nombre": "IE RAMIRO PRIALE",
        "tipo": "Fija",
        "marca": "DAHUA",
        "ubicacion": "CONTADORES Y GEOGRAFOS"
      }
    },
    {
      "type": "Feature",
      "geometry": {
        "type": "Point",
        "coordinates": [
          -76.989244,
          -11.969119
        ]
      },
      "properties": {
        "nombre": "IE RAMIRO PRIALE",
        "tipo": "Fija",
        "marca": "DAHUA",
        "ubicacion": "CONTADORES Y GEOGRAFOS"
      }
    },
    {
      "type": "Feature",
      "geometry": {
        "type": "Point",
        "coordinates": [
          -76.989067,
          -11.969266
        ]
      },
      "properties": {
        "nombre": "IE RAMIRO PRIALE",
        "tipo": "Fija",
        "marca": "DAHUA",
        "ubicacion": "CONTADORES Y GEOGRAFOS"
      }
    },
    {
      "type": "Feature",
      "geometry": {
        "type": "Point",
        "coordinates": [
          -76.988797,
          -11.969335
        ]
      },
      "properties": {
        "nombre": "IE RAMIRO PRIALE",
        "tipo": "Fija",
        "marca": "DAHUA",
        "ubicacion": "CONTADORES Y GEOGRAFOS"
      }
    },
    {
      "type": "Feature",
      "geometry": {
        "type": "Point",
        "coordinates": [
          -77.013506,
          -12.006962
        ]
      },
      "properties": {
        "nombre": "I.E FLORA TRISTAN        \r\n",
        "tipo": "Fija",
        "marca": "DAHUA",
        "ubicacion": "JR. Mandragoras 737\r\n"
      }
    },
    {
      "type": "Feature",
      "geometry": {
        "type": "Point",
        "coordinates": [
          -77.013733,
          -12.007039
        ]
      },
      "properties": {
        "nombre": "I.E FLORA TRISTAN        \r\n",
        "tipo": "Fija",
        "marca": "DAHUA",
        "ubicacion": "JR. Mandragoras 737\r\n"
      }
    },
    {
      "type": "Feature",
      "geometry": {
        "type": "Point",
        "coordinates": [
          -77.01378,
          -12.007054
        ]
      },
      "properties": {
        "nombre": "I.E FLORA TRISTAN        \r\n",
        "tipo": "Fija",
        "marca": "DAHUA",
        "ubicacion": "JR. Mandragoras 737\r\n"
      }
    },
    {
      "type": "Feature",
      "geometry": {
        "type": "Point",
        "coordinates": [
          -77.014581,
          -12.006025
        ]
      },
      "properties": {
        "nombre": "PARQUE LIBERTADORES - FREDDY LACHOS",
        "tipo": "Fija",
        "marca": "DAHUA",
        "ubicacion": "JR LOS CALAMOS Y JR LOS EBANOS - PARQUE LIBERTADORES"
      }
    },
    {
      "type": "Feature",
      "geometry": {
        "type": "Point",
        "coordinates": [
          -77.01453,
          -12.00596
        ]
      },
      "properties": {
        "nombre": "PARQUE LIBERTADORES - FREDDY LACHOS",
        "tipo": "Fija",
        "marca": "DAHUA",
        "ubicacion": "JR LOS CALAMOS Y JR LOS EBANOS - PARQUE LIBERTADORES"
      }
    },
    {
      "type": "Feature",
      "geometry": {
        "type": "Point",
        "coordinates": [
          -77.014931,
          -12.006633
        ]
      },
      "properties": {
        "nombre": "PARQUE LIBERTADORES - FREDDY LACHOS",
        "tipo": "Fija",
        "marca": "DAHUA",
        "ubicacion": "JR LOS CALAMOS Y JR LOS EBANOS - PARQUE LIBERTADORES"
      }
    },
    {
      "type": "Feature",
      "geometry": {
        "type": "Point",
        "coordinates": [
          -77.014224,
          -12.005237
        ]
      },
      "properties": {
        "nombre": "PARQUE LIBERTADORES - FREDDY LACHOS",
        "tipo": "Fija",
        "marca": "DAHUA",
        "ubicacion": "JR LOS CALAMOS Y JR LOS EBANOS - PARQUE LIBERTADORES"
      }
    },
    {
      "type": "Feature",
      "geometry": {
        "type": "Point",
        "coordinates": [
          -77.013991,
          -12.005155
        ]
      },
      "properties": {
        "nombre": "PARQUE LIBERTADORES - FREDDY LACHOS",
        "tipo": "Fija",
        "marca": "DAHUA",
        "ubicacion": "JR LOS CALAMOS Y JR LOS EBANOS - PARQUE LIBERTADORES"
      }
    },
    {
      "type": "Feature",
      "geometry": {
        "type": "Point",
        "coordinates": [
          -77.013919,
          -12.00511
        ]
      },
      "properties": {
        "nombre": "PARQUE LIBERTADORES - FREDDY LACHOS",
        "tipo": "Fija",
        "marca": "DAHUA",
        "ubicacion": "JR LOS CALAMOS Y JR LOS EBANOS - PARQUE LIBERTADORES"
      }
    },
    {
      "type": "Feature",
      "geometry": {
        "type": "Point",
        "coordinates": [
          -77.012464,
          -12.006604
        ]
      },
      "properties": {
        "nombre": "VECINO - MARCOS RAMIREZ\t\r\n",
        "tipo": "Fija y domo",
        "marca": "DAHUA",
        "ubicacion": "Jirón las alhucemas 127\r\n"
      }
    },
    {
      "type": "Feature",
      "geometry": {
        "type": "Point",
        "coordinates": [
          -77.012502,
          -12.006611
        ]
      },
      "properties": {
        "nombre": "VECINO - MARCOS RAMIREZ\t\r\n",
        "tipo": "Fija y domo",
        "marca": "DAHUA",
        "ubicacion": "Jirón las alhucemas 127\r\n"
      }
    },
    {
      "type": "Feature",
      "geometry": {
        "type": "Point",
        "coordinates": [
          -77.012569,
          -12.006221
        ]
      },
      "properties": {
        "nombre": "VECINO - MARCOS RAMIREZ\t\r\n",
        "tipo": "Fija y domo",
        "marca": "DAHUA",
        "ubicacion": "Jirón las alhucemas 127\r\n"
      }
    },
    {
      "type": "Feature",
      "geometry": {
        "type": "Point",
        "coordinates": [
          -77.012595,
          -12.006301
        ]
      },
      "properties": {
        "nombre": "VECINO - MARCOS RAMIREZ\t\r\n",
        "tipo": "Fija y domo",
        "marca": "DAHUA",
        "ubicacion": "Jirón las alhucemas 127\r\n"
      }
    },
    {
      "type": "Feature",
      "geometry": {
        "type": "Point",
        "coordinates": [
          -77.012679,
          -12.005883
        ]
      },
      "properties": {
        "nombre": "VECINO - MARCOS RAMIREZ\t\r\n",
        "tipo": "Fija y domo",
        "marca": "DAHUA",
        "ubicacion": "Jirón las alhucemas 127\r\n"
      }
    },
    {
      "type": "Feature",
      "geometry": {
        "type": "Point",
        "coordinates": [
          -77.012806,
          -12.005483
        ]
      },
      "properties": {
        "nombre": "VECINO - MARCOS RAMIREZ\t\r\n",
        "tipo": "Fija y domo",
        "marca": "DAHUA",
        "ubicacion": "Jirón las alhucemas 127\r\n"
      }
    },
    {
      "type": "Feature",
      "geometry": {
        "type": "Point",
        "coordinates": [
          -77.012828,
          -12.005617
        ]
      },
      "properties": {
        "nombre": "VECINO - MARCOS RAMIREZ\t\r\n",
        "tipo": "Fija y domo",
        "marca": "DAHUA",
        "ubicacion": "Jirón las alhucemas 127\r\n"
      }
    },
    {
      "type": "Feature",
      "geometry": {
        "type": "Point",
        "coordinates": [
          -77.013018,
          -12.005001
        ]
      },
      "properties": {
        "nombre": "VECINO - MARCOS RAMIREZ\t\r\n",
        "tipo": "Fija y domo",
        "marca": "DAHUA",
        "ubicacion": "Jirón las alhucemas 127\r\n"
      }
    },
    {
      "type": "Feature",
      "geometry": {
        "type": "Point",
        "coordinates": [
          -77.0133922,
          -11.982177
        ]
      },
      "properties": {
        "nombre": "VECINO - WILLY TUCTO ",
        "tipo": "Fija",
        "marca": "DAHUA",
        "ubicacion": "AV. CANTO GRANDE MZ A LT 1 URB. SANTA ELIZABETH 2 ETA "
      }
    },
    {
      "type": "Feature",
      "geometry": {
        "type": "Point",
        "coordinates": [
          -77.0133547,
          -11.982133
        ]
      },
      "properties": {
        "nombre": "VECINO - WILLY TUCTO ",
        "tipo": "Fija",
        "marca": "DAHUA",
        "ubicacion": "AV. CANTO GRANDE MZ A LT 1 URB. SANTA ELIZABETH 2 ETA "
      }
    },
    {
      "type": "Feature",
      "geometry": {
        "type": "Point",
        "coordinates": [
          -77.017269,
          -11.981642
        ]
      },
      "properties": {
        "nombre": "VECINO - Deivis Ortega Bendezu",
        "tipo": "Fija",
        "marca": "DAHUA",
        "ubicacion": "Jr. nevado 301 URB santa Elizabeth II etapa\r\n"
      }
    },
    {
      "type": "Feature",
      "geometry": {
        "type": "Point",
        "coordinates": [
          -77.017267,
          -11.98164
        ]
      },
      "properties": {
        "nombre": "VECINO - Deivis Ortega Bendezu",
        "tipo": "Fija",
        "marca": "DAHUA",
        "ubicacion": "Jr. nevado 301 URB santa Elizabeth II etapa\r\n"
      }
    },
    {
      "type": "Feature",
      "geometry": {
        "type": "Point",
        "coordinates": [
          -77.001753,
          -11.964504
        ]
      },
      "properties": {
        "nombre": "JHON VASQUEZ ",
        "tipo": "Fija",
        "marca": "DAHUA",
        "ubicacion": "CANTO GRANDE 12 / MZ M1 LT 38-A "
      }
    },
    {
      "type": "Feature",
      "geometry": {
        "type": "Point",
        "coordinates": [
          -77.001752,
          -11.964506
        ]
      },
      "properties": {
        "nombre": "JHON VASQUEZ ",
        "tipo": "Fija",
        "marca": "DAHUA",
        "ubicacion": "CANTO GRANDE 12 / MZ M1 LT 38-A "
      }
    },
    {
      "type": "Feature",
      "geometry": {
        "type": "Point",
        "coordinates": [
          -77.016483,
          -11.986462
        ]
      },
      "properties": {
        "nombre": "Eduardo Alvarado blanco ",
        "tipo": "Fija",
        "marca": "DAHUA",
        "ubicacion": "Mercado cacctus de Ayacucho       "
      }
    },
    {
      "type": "Feature",
      "geometry": {
        "type": "Point",
        "coordinates": [
          -77.016429,
          -11.986087
        ]
      },
      "properties": {
        "nombre": "Eduardo Alvarado blanco ",
        "tipo": "Fija",
        "marca": "DAHUA",
        "ubicacion": "Mercado cacctus de Ayacucho       "
      }
    },
    {
      "type": "Feature",
      "geometry": {
        "type": "Point",
        "coordinates": [
          -77.016831,
          -11.986363
        ]
      },
      "properties": {
        "nombre": "Eduardo Alvarado blanco ",
        "tipo": "Fija",
        "marca": "DAHUA",
        "ubicacion": "Mercado cacctus de Ayacucho       "
      }
    },
    {
      "type": "Feature",
      "geometry": {
        "type": "Point",
        "coordinates": [
          -77.016482,
          -11.986461
        ]
      },
      "properties": {
        "nombre": "Eduardo Alvarado blanco ",
        "tipo": "Fija",
        "marca": "DAHUA",
        "ubicacion": "Mercado cacctus de Ayacucho       "
      }
    },
    {
      "type": "Feature",
      "geometry": {
        "type": "Point",
        "coordinates": [
          -77.002666,
          -12.014801
        ]
      },
      "properties": {
        "nombre": "Marcos Chapoñan",
        "tipo": "Fija",
        "marca": "DAHUA",
        "ubicacion": "CALLE LOS TORNILLOS CON BLVD. LAS LAUSONIAS"
      }
    },
    {
      "type": "Feature",
      "geometry": {
        "type": "Point",
        "coordinates": [
          -77.002664,
          -12.014802
        ]
      },
      "properties": {
        "nombre": "Marcos Chapoñan",
        "tipo": "Fija",
        "marca": "DAHUA",
        "ubicacion": "CALLE LOS TORNILLOS CON BLVD. LAS LAUSONIAS"
      }
    },
    {
      "type": "Feature",
      "geometry": {
        "type": "Point",
        "coordinates": [
          -77.015226,
          -12.030105
        ]
      },
      "properties": {
        "nombre": "Wilfredo Espinoza",
        "tipo": "Fija",
        "marca": "HIK VISION",
        "ubicacion": "JR MANCORA CON CAJAMARCA"
      }
    },
    {
      "type": "Feature",
      "geometry": {
        "type": "Point",
        "coordinates": [
          -77.015224,
          -12.030103
        ]
      },
      "properties": {
        "nombre": "Wilfredo Espinoza",
        "tipo": "Fija",
        "marca": "HIK VISION",
        "ubicacion": "JR MANCORA CON CAJAMARCA"
      }
    },
    {
      "type": "Feature",
      "geometry": {
        "type": "Point",
        "coordinates": [
          -77.015252,
          -12.029669
        ]
      },
      "properties": {
        "nombre": "Wilfredo Espinoza",
        "tipo": "Fija",
        "marca": "HIK VISION",
        "ubicacion": "JR MANCORA CON CAJAMARCA"
      }
    },
    {
      "type": "Feature",
      "geometry": {
        "type": "Point",
        "coordinates": [
          -77.015219,
          -12.030291
        ]
      },
      "properties": {
        "nombre": "Wilfredo Espinoza",
        "tipo": "Fija",
        "marca": "HIK VISION",
        "ubicacion": "JR MANCORA CON CAJAMARCA"
      }
    },
    {
      "type": "Feature",
      "geometry": {
        "type": "Point",
        "coordinates": [
          -77.015271,
          -12.029942
        ]
      },
      "properties": {
        "nombre": "Wilfredo Espinoza",
        "tipo": "Fija",
        "marca": "HIK VISION",
        "ubicacion": "JR MANCORA CON CAJAMARCA"
      }
    },
    {
      "type": "Feature",
      "geometry": {
        "type": "Point",
        "coordinates": [
          -77.01522,
          -12.029958
        ]
      },
      "properties": {
        "nombre": "Wilfredo Espinoza",
        "tipo": "Fija",
        "marca": "HIK VISION",
        "ubicacion": "JR MANCORA CON CAJAMARCA"
      }
    },
    {
      "type": "Feature",
      "geometry": {
        "type": "Point",
        "coordinates": [
          -77.015227,
          -12.030215
        ]
      },
      "properties": {
        "nombre": "Wilfredo Espinoza",
        "tipo": "Fija",
        "marca": "HIK VISION",
        "ubicacion": "JR MANCORA CON CAJAMARCA"
      }
    },
    {
      "type": "Feature",
      "geometry": {
        "type": "Point",
        "coordinates": [
          -77.015225,
          -12.030213
        ]
      },
      "properties": {
        "nombre": "Wilfredo Espinoza",
        "tipo": "Fija",
        "marca": "HIK VISION",
        "ubicacion": "JR MANCORA CON CAJAMARCA"
      }
    },
    {
      "type": "Feature",
      "geometry": {
        "type": "Point",
        "coordinates": [
          -76.999842,
          -12.025852
        ]
      },
      "properties": {
        "nombre": "CASA - EDUARDO",
        "tipo": "Fija",
        "marca": "HIK VISION",
        "ubicacion": "JR. Contisuyo #289 - PARQUE LAS ÑUSTAS\r\n"
      }
    },
    {
      "type": "Feature",
      "geometry": {
        "type": "Point",
        "coordinates": [
          -76.999856,
          -12.025819
        ]
      },
      "properties": {
        "nombre": "CASA - EDUARDO",
        "tipo": "Fija",
        "marca": "HIK VISION",
        "ubicacion": "JR. Contisuyo #289 - PARQUE LAS ÑUSTAS\r\n"
      }
    },
    {
      "type": "Feature",
      "geometry": {
        "type": "Point",
        "coordinates": [
          -76.999854,
          -12.025818
        ]
      },
      "properties": {
        "nombre": "CASA - EDUARDO",
        "tipo": "Fija",
        "marca": "HIK VISION",
        "ubicacion": "JR. Contisuyo #289 - PARQUE LAS ÑUSTAS\r\n"
      }
    },
    {
      "type": "Feature",
      "geometry": {
        "type": "Point",
        "coordinates": [
          -76.999855,
          -12.025817
        ]
      },
      "properties": {
        "nombre": "CASA - EDUARDO",
        "tipo": "Fija",
        "marca": "HIK VISION",
        "ubicacion": "JR. Contisuyo #289 - PARQUE LAS ÑUSTAS\r\n"
      }
    },
    {
      "type": "Feature",
      "geometry": {
        "type": "Point",
        "coordinates": [
          -76.999853,
          -12.025816
        ]
      },
      "properties": {
        "nombre": "CASA - EDUARDO",
        "tipo": "Fija",
        "marca": "HIK VISION",
        "ubicacion": "JR. Contisuyo #289 - PARQUE LAS ÑUSTAS\r\n"
      }
    },
    {
      "type": "Feature",
      "geometry": {
        "type": "Point",
        "coordinates": [
          -76.978445,
          -12.009664
        ]
      },
      "properties": {
        "nombre": "VECINO - JUANA TELLES\r\n",
        "tipo": "Fija",
        "marca": "HIK VISION",
        "ubicacion": "Jr. WANCHUY 157"
      }
    },
    {
      "type": "Feature",
      "geometry": {
        "type": "Point",
        "coordinates": [
          -76.978488,
          -12.009681
        ]
      },
      "properties": {
        "nombre": "VECINO - JUANA TELLES\r\n",
        "tipo": "Fija",
        "marca": "HIK VISION",
        "ubicacion": "Jr. WANCHUY 158"
      }
    },
    {
      "type": "Feature",
      "geometry": {
        "type": "Point",
        "coordinates": [
          -76.978485,
          -12.00968
        ]
      },
      "properties": {
        "nombre": "VECINO - JUANA TELLES\r\n",
        "tipo": "Fija",
        "marca": "HIK VISION",
        "ubicacion": "Jr. WANCHUY 159"
      }
    },
    {
      "type": "Feature",
      "geometry": {
        "type": "Point",
        "coordinates": [
          -77.013182,
          -12.009241
        ]
      },
      "properties": {
        "nombre": "VECINO - Jose Garnica Fernandez",
        "tipo": "Fija",
        "marca": "HIK VISION",
        "ubicacion": "Jr. Las coralinas 770"
      }
    },
    {
      "type": "Feature",
      "geometry": {
        "type": "Point",
        "coordinates": [
          -77.013132,
          -12.009224
        ]
      },
      "properties": {
        "nombre": "VECINO - Jose Garnica Fernandez",
        "tipo": "Fija",
        "marca": "HIK VISION",
        "ubicacion": "Jr. Las coralinas 771"
      }
    },
    {
      "type": "Feature",
      "geometry": {
        "type": "Point",
        "coordinates": [
          -77.006748,
          -12.006193
        ]
      },
      "properties": {
        "nombre": "VECINO - DAVID HUAYPAYA - TIENDA BITEL\r\n",
        "tipo": "Fija",
        "marca": "HIK VISION",
        "ubicacion": "Av.los jardines oeste 124"
      }
    },
    {
      "type": "Feature",
      "geometry": {
        "type": "Point",
        "coordinates": [
          -77.006715,
          -12.006179
        ]
      },
      "properties": {
        "nombre": "VECINO - DAVID HUAYPAYA - TIENDA BITEL\r\n",
        "tipo": "Fija",
        "marca": "HIK VISION",
        "ubicacion": "Av.los jardines oeste 125"
      }
    },
    {
      "type": "Feature",
      "geometry": {
        "type": "Point",
        "coordinates": [
          -77.001488,
          -11.992233
        ]
      },
      "properties": {
        "nombre": "VECINO - JEREMY GUTIERREZ - IGLESIA EVANGÉLICA \"JESUS EL BUEN CAMINO\"\r\n",
        "tipo": "Fija",
        "marca": "HIK VISION",
        "ubicacion": "JR. ASBESTOS 663 - 669"
      }
    },
    {
      "type": "Feature",
      "geometry": {
        "type": "Point",
        "coordinates": [
          -76.999351,
          -11.996734
        ]
      },
      "properties": {
        "nombre": "VECINO - LUIS ALBERTO RONDOM",
        "tipo": "Fija",
        "marca": "HIK VISION",
        "ubicacion": "JR. LOS GRAFITOS 786"
      }
    },
    {
      "type": "Feature",
      "geometry": {
        "type": "Point",
        "coordinates": [
          -76.999336,
          -11.996742
        ]
      },
      "properties": {
        "nombre": "VECINO - LUIS ALBERTO RONDOM",
        "tipo": "Fija",
        "marca": "HIK VISION",
        "ubicacion": "JR. LOS GRAFITOS 787"
      }
    },
    {
      "type": "Feature",
      "geometry": {
        "type": "Point",
        "coordinates": [
          -76.998663,
          -11.999065
        ]
      },
      "properties": {
        "nombre": "VECINO - LUIS HONORIO VARGAS\r\n",
        "tipo": "Fija",
        "marca": "HIK VISION",
        "ubicacion": "EL MARMOL 780 - 782"
      }
    },
    {
      "type": "Feature",
      "geometry": {
        "type": "Point",
        "coordinates": [
          -76.998638,
          -11.999061
        ]
      },
      "properties": {
        "nombre": "VECINO - LUIS HONORIO VARGAS\r\n",
        "tipo": "Fija",
        "marca": "HIK VISION",
        "ubicacion": "EL MARMOL 780 - 783"
      }
    },
    {
      "type": "Feature",
      "geometry": {
        "type": "Point",
        "coordinates": [
          -76.998616,
          -11.999055
        ]
      },
      "properties": {
        "nombre": "VECINO - LUIS HONORIO VARGAS\r\n",
        "tipo": "Fija",
        "marca": "HIK VISION",
        "ubicacion": "EL MARMOL 780 - 784"
      }
    },
    {
      "type": "Feature",
      "geometry": {
        "type": "Point",
        "coordinates": [
          -77.014712,
          -12.005261
        ]
      },
      "properties": {
        "nombre": "VECINO - Renzo segarra legua",
        "tipo": "Fija",
        "marca": "HIK VISION",
        "ubicacion": "Av. Las marticarias 724"
      }
    },
    {
      "type": "Feature",
      "geometry": {
        "type": "Point",
        "coordinates": [
          -77.014724,
          -12.005286
        ]
      },
      "properties": {
        "nombre": "VECINO - Renzo segarra legua",
        "tipo": "Fija",
        "marca": "HIK VISION",
        "ubicacion": "Av. Las marticarias 725"
      }
    },
    {
      "type": "Feature",
      "geometry": {
        "type": "Point",
        "coordinates": [
          -77.014722,
          -12.005291
        ]
      },
      "properties": {
        "nombre": "VECINO - Renzo segarra legua",
        "tipo": "Fija",
        "marca": "HIK VISION",
        "ubicacion": "Av. Las marticarias 726"
      }
    },
    {
      "type": "Feature",
      "geometry": {
        "type": "Point",
        "coordinates": [
          -77.010003,
          -12.005684
        ]
      },
      "properties": {
        "nombre": "VECINO - Carlos bautista pantoja - CETPRO TÉCNICO SAN HILARIÓN\r\n",
        "tipo": "Fija",
        "marca": "HIK VISION",
        "ubicacion": "Calle las madragoras 417\r\n"
      }
    },
    {
      "type": "Feature",
      "geometry": {
        "type": "Point",
        "coordinates": [
          -77.009964,
          -12.005697
        ]
      },
      "properties": {
        "nombre": "VECINO - Carlos bautista pantoja - CETPRO TÉCNICO SAN HILARIÓN\r\n",
        "tipo": "Fija",
        "marca": "HIK VISION",
        "ubicacion": "Calle las madragoras 417\r\n"
      }
    },
    {
      "type": "Feature",
      "geometry": {
        "type": "Point",
        "coordinates": [
          -76.998437,
          -12.009098
        ]
      },
      "properties": {
        "nombre": "VECINO - Juan Daniel Chávez medina\r\n",
        "tipo": "Fija",
        "marca": "HIK VISION",
        "ubicacion": "Programa la basília mz. A lte 1 urb. Inca manco Capac\r\n"
      }
    },
    {
      "type": "Feature",
      "geometry": {
        "type": "Point",
        "coordinates": [
          -76.998435,
          -12.009096
        ]
      },
      "properties": {
        "nombre": "VECINO - Juan Daniel Chávez medina\r\n",
        "tipo": "Fija",
        "marca": "HIK VISION",
        "ubicacion": "Programa la basília mz. A lte 1 urb. Inca manco Capac\r\n"
      }
    },
    {
      "type": "Feature",
      "geometry": {
        "type": "Point",
        "coordinates": [
          -76.993803,
          -12.00283
        ]
      },
      "properties": {
        "nombre": "VECINO - Victor SOTERO\r\n",
        "tipo": "Fija",
        "marca": "HIK VISION",
        "ubicacion": "Mz a lt 9 sauce chico"
      }
    },
    {
      "type": "Feature",
      "geometry": {
        "type": "Point",
        "coordinates": [
          -76.993802,
          -12.002829
        ]
      },
      "properties": {
        "nombre": "VECINO - Victor SOTERO\r\n",
        "tipo": "Fija",
        "marca": "HIK VISION",
        "ubicacion": "Mz a lt 9 sauce chico"
      }
    },
    {
      "type": "Feature",
      "geometry": {
        "type": "Point",
        "coordinates": [
          -77.007137,
          -12.005636
        ]
      },
      "properties": {
        "nombre": "VECINO - Juan Roman Lopez\r\n",
        "tipo": "Fija",
        "marca": "HIK VISION",
        "ubicacion": "Jr. Las rimarinas 713"
      }
    },
    {
      "type": "Feature",
      "geometry": {
        "type": "Point",
        "coordinates": [
          -77.007135,
          -12.005632
        ]
      },
      "properties": {
        "nombre": "VECINO - Juan Roman Lopez\r\n",
        "tipo": "Fija",
        "marca": "HIK VISION",
        "ubicacion": "Jr. Las rimarinas 714"
      }
    },
    {
      "type": "Feature",
      "geometry": {
        "type": "Point",
        "coordinates": [
          -77.0164,
          -12.00128
        ]
      },
      "properties": {
        "nombre": "COLEGIO PIERRE DE FERMAT KARWACHI\r\n",
        "tipo": "Fija",
        "marca": "HIK VISION",
        "ubicacion": "CALLE LAS ORQUIDEAS CON AV CANTO GRANDE"
      }
    },
    {
      "type": "Feature",
      "geometry": {
        "type": "Point",
        "coordinates": [
          -77.016442,
          -12.001212
        ]
      },
      "properties": {
        "nombre": "COLEGIO PIERRE DE FERMAT KARWACHI\r\n",
        "tipo": "Fija",
        "marca": "HIK VISION",
        "ubicacion": "CALLE LAS ORQUIDEAS CON AV CANTO GRANDE"
      }
    },
    {
      "type": "Feature",
      "geometry": {
        "type": "Point",
        "coordinates": [
          -77.016415,
          -12.001218
        ]
      },
      "properties": {
        "nombre": "COLEGIO PIERRE DE FERMAT KARWACHI\r\n",
        "tipo": "Fija",
        "marca": "HIK VISION",
        "ubicacion": "CALLE LAS ORQUIDEAS CON AV CANTO GRANDE"
      }
    },
    {
      "type": "Feature",
      "geometry": {
        "type": "Point",
        "coordinates": [
          -76.993542,
          -12.003271
        ]
      },
      "properties": {
        "nombre": "I.E.P LEONARD EULER - ALEXANDER",
        "tipo": "Fija",
        "marca": "HIK VISION",
        "ubicacion": "Av jardines este 10680 urb inca manco capac "
      }
    },
    {
      "type": "Feature",
      "geometry": {
        "type": "Point",
        "coordinates": [
          -76.993543,
          -12.003273
        ]
      },
      "properties": {
        "nombre": "I.E.P LEONARD EULER - ALEXANDER",
        "tipo": "Fija",
        "marca": "HIK VISION",
        "ubicacion": "Av jardines este 10680 urb inca manco capac "
      }
    },
    {
      "type": "Feature",
      "geometry": {
        "type": "Point",
        "coordinates": [
          -76.976305,
          -11.939384
        ]
      },
      "properties": {
        "nombre": "VECINO - PIER ROJAS GALLARDO (FARMACIA)",
        "tipo": "Fija",
        "marca": "HIK VISION",
        "ubicacion": "Mar Rojo & Calle 39"
      }
    },
    {
      "type": "Feature",
      "geometry": {
        "type": "Point",
        "coordinates": [
          -76.982959,
          -12.024363
        ]
      },
      "properties": {
        "nombre": "I.E.P COLEGIO BIBLICO CATOLICO (EDA GOYCOCHEA CORNEJO)\r\n",
        "tipo": "Fija",
        "marca": "HIK VISION",
        "ubicacion": "Av. Gran Chimu 1857  I.E BIBLICO"
      }
    },
    {
      "type": "Feature",
      "geometry": {
        "type": "Point",
        "coordinates": [
          -76.991829,
          -12.024823
        ]
      },
      "properties": {
        "nombre": "I.E.P SAN JUAN BAUTISTA (EDILBERTO CHÁVEZ)\r\n",
        "tipo": "Fija",
        "marca": "HIK VISION",
        "ubicacion": "Jr. Los Amautas #1167,1171 Urb Zarate"
      }
    },
    {
      "type": "Feature",
      "geometry": {
        "type": "Point",
        "coordinates": [
          -76.991912,
          -12.024821
        ]
      },
      "properties": {
        "nombre": "I.E.P SAN JUAN BAUTISTA (EDILBERTO CHÁVEZ)\r\n",
        "tipo": "Fija",
        "marca": "HIK VISION",
        "ubicacion": "Jr. Los Amautas #1167,1171 Urb Zarate"
      }
    },
    {
      "type": "Feature",
      "geometry": {
        "type": "Point",
        "coordinates": [
          -76.996741,
          -12.011143
        ]
      },
      "properties": {
        "nombre": "HOSTAL - (Berlin Muñoz Grandez)",
        "tipo": "Fija",
        "marca": "HIK VISION",
        "ubicacion": "Av Santa Rosa de Lima Meza Lote 3,4 Urb Los Angeles "
      }
    },
    {
      "type": "Feature",
      "geometry": {
        "type": "Point",
        "coordinates": [
          -76.996685,
          -12.011296
        ]
      },
      "properties": {
        "nombre": "HOSTAL - (Berlin Muñoz Grandez)",
        "tipo": "Fija",
        "marca": "HIK VISION",
        "ubicacion": "Av Santa Rosa de Lima Meza Lote 3,4 Urb Los Angeles "
      }
    },
    {
      "type": "Feature",
      "geometry": {
        "type": "Point",
        "coordinates": [
          -76.99668,
          -12.011291
        ]
      },
      "properties": {
        "nombre": "HOSTAL - (Berlin Muñoz Grandez)",
        "tipo": "Fija",
        "marca": "HIK VISION",
        "ubicacion": "Av Santa Rosa de Lima Meza Lote 3,4 Urb Los Angeles "
      }
    },
    {
      "type": "Feature",
      "geometry": {
        "type": "Point",
        "coordinates": [
          -77.00979408,
          -12.01193081
        ]
      },
      "properties": {
        "nombre": "VECINO - CRISTIAN MERA",
        "tipo": "Fija",
        "marca": "HIK VISION",
        "ubicacion": "JR ambrosías Mz d lote 1"
      }
    },
    {
      "type": "Feature",
      "geometry": {
        "type": "Point",
        "coordinates": [
          -77.00978804,
          -12.01194196
        ]
      },
      "properties": {
        "nombre": "VECINO - CRISTIAN MERA",
        "tipo": "Fija",
        "marca": "HIK VISION",
        "ubicacion": "JR ambrosías Mz d lote 2"
      }
    },
    {
      "type": "Feature",
      "geometry": {
        "type": "Point",
        "coordinates": [
          -77.00472,
          -12.016664
        ]
      },
      "properties": {
        "nombre": "I.E.P LATINOAMERICANO (JORGE MARCOS)\r\n",
        "tipo": "Fija",
        "marca": "HIK VISION",
        "ubicacion": "Las hebeas 1019"
      }
    },
    {
      "type": "Feature",
      "geometry": {
        "type": "Point",
        "coordinates": [
          -77.004702,
          -12.016706
        ]
      },
      "properties": {
        "nombre": "I.E.P LATINOAMERICANO (JORGE MARCOS)\r\n",
        "tipo": "Fija",
        "marca": "HIK VISION",
        "ubicacion": "Las hebeas 1020"
      }
    },
    {
      "type": "Feature",
      "geometry": {
        "type": "Point",
        "coordinates": [
          -77.013132,
          -12.013398
        ]
      },
      "properties": {
        "nombre": "I..E.P SAN JUDAS DE LA SALLE - German Proleo\r\n",
        "tipo": "Fija",
        "marca": "HIK VISION",
        "ubicacion": "Calle los palmitos 953"
      }
    },
    {
      "type": "Feature",
      "geometry": {
        "type": "Point",
        "coordinates": [
          -77.013129,
          -12.013374
        ]
      },
      "properties": {
        "nombre": "I..E.P SAN JUDAS DE LA SALLE - German Proleo\r\n",
        "tipo": "Fija",
        "marca": "HIK VISION",
        "ubicacion": "Calle los palmitos 954"
      }
    },
    {
      "type": "Feature",
      "geometry": {
        "type": "Point",
        "coordinates": [
          -77.00299,
          -12.01446
        ]
      },
      "properties": {
        "nombre": "ENERLAB - FIORELA ALVA FARFAN\r\n",
        "tipo": "Fija",
        "marca": "HIK VISION",
        "ubicacion": "Jr los palmitos#127 Urb Jardines de San Juan "
      }
    },
    {
      "type": "Feature",
      "geometry": {
        "type": "Point",
        "coordinates": [
          -77.002991,
          -12.014462
        ]
      },
      "properties": {
        "nombre": "ENERLAB - FIORELA ALVA FARFAN\r\n",
        "tipo": "Fija",
        "marca": "HIK VISION",
        "ubicacion": "Jr los palmitos#127 Urb Jardines de San Juan "
      }
    },
    {
      "type": "Feature",
      "geometry": {
        "type": "Point",
        "coordinates": [
          -77.002954,
          -12.01446
        ]
      },
      "properties": {
        "nombre": "ENERLAB - FIORELA ALVA FARFAN\r\n",
        "tipo": "Domo",
        "marca": "HIK VISION",
        "ubicacion": "Jr los palmitos#127 Urb Jardines de San Juan "
      }
    },
    {
      "type": "Feature",
      "geometry": {
        "type": "Point",
        "coordinates": [
          -77.010637,
          -12.013201
        ]
      },
      "properties": {
        "nombre": "VECINO REYNOSO ZUÑEGA",
        "tipo": "Fija",
        "marca": "HIK VISION",
        "ubicacion": "JR. Las crucinelas 973"
      }
    },
    {
      "type": "Feature",
      "geometry": {
        "type": "Point",
        "coordinates": [
          -77.010629,
          -12.013262
        ]
      },
      "properties": {
        "nombre": "VECINO REYNOSO ZUÑEGA",
        "tipo": "Fija",
        "marca": "HIK VISION",
        "ubicacion": "JR. Las crucinelas 974"
      }
    },
    {
      "type": "Feature",
      "geometry": {
        "type": "Point",
        "coordinates": [
          -77.010634,
          -12.013409
        ]
      },
      "properties": {
        "nombre": "VECINO REYNOSO ZUÑEGA",
        "tipo": "Fija",
        "marca": "HIK VISION",
        "ubicacion": "JR. Las crucinelas 975"
      }
    },
    {
      "type": "Feature",
      "geometry": {
        "type": "Point",
        "coordinates": [
          -77.010645,
          -12.013393
        ]
      },
      "properties": {
        "nombre": "VECINO REYNOSO ZUÑEGA",
        "tipo": "Fija",
        "marca": "HIK VISION",
        "ubicacion": "JR. Las crucinelas 976"
      }
    },
    {
      "type": "Feature",
      "geometry": {
        "type": "Point",
        "coordinates": [
          -77.01389,
          -12.026698
        ]
      },
      "properties": {
        "nombre": "VECINA - Ana cornejo\r\n",
        "tipo": "Fija",
        "marca": "HIK VISION",
        "ubicacion": "Ca. arequipa 190"
      }
    },
    {
      "type": "Feature",
      "geometry": {
        "type": "Point",
        "coordinates": [
          -77.005807,
          -12.008613
        ]
      },
      "properties": {
        "nombre": "VECINO - ELVIS VETERINARIA\r\n",
        "tipo": "Fija",
        "marca": "HIK VISION",
        "ubicacion": "Los huertos 157"
      }
    },
    {
      "type": "Feature",
      "geometry": {
        "type": "Point",
        "coordinates": [
          -77.005801,
          -12.008611
        ]
      },
      "properties": {
        "nombre": "VECINO - ELVIS VETERINARIA\r\n",
        "tipo": "Fija",
        "marca": "HIK VISION",
        "ubicacion": "Los huertos 158"
      }
    },
    {
      "type": "Feature",
      "geometry": {
        "type": "Point",
        "coordinates": [
          -77.00077,
          -11.995417
        ]
      },
      "properties": {
        "nombre": "VECINO - Fortunato guitierrez (LOCAL DE REPUESTOS ROSITA)",
        "tipo": "Fija",
        "marca": "HIK VISION",
        "ubicacion": "Av. Sta. Rosa de Lima 2153\r\n"
      }
    },
    {
      "type": "Feature",
      "geometry": {
        "type": "Point",
        "coordinates": [
          -77.000764,
          -11.995462
        ]
      },
      "properties": {
        "nombre": "VECINO - Fortunato guitierrez (LOCAL DE REPUESTOS ROSITA)",
        "tipo": "Fija",
        "marca": "HIK VISION",
        "ubicacion": "Av. Sta. Rosa de Lima 2153\r\n"
      }
    },
    {
      "type": "Feature",
      "geometry": {
        "type": "Point",
        "coordinates": [
          -77.00076,
          -11.995408
        ]
      },
      "properties": {
        "nombre": "VECINO - Fortunato guitierrez (LOCAL DE REPUESTOS ROSITA)",
        "tipo": "Fija",
        "marca": "HIK VISION",
        "ubicacion": "Av. Sta. Rosa de Lima 2153\r\n"
      }
    },
    {
      "type": "Feature",
      "geometry": {
        "type": "Point",
        "coordinates": [
          -77.000777,
          -11.9955
        ]
      },
      "properties": {
        "nombre": "VECINO - Fortunato guitierrez (LOCAL DE REPUESTOS ROSITA)",
        "tipo": "Fija",
        "marca": "HIK VISION",
        "ubicacion": "Av. Sta. Rosa de Lima 2153\r\n"
      }
    },
    {
      "type": "Feature",
      "geometry": {
        "type": "Point",
        "coordinates": [
          -77.000778,
          -11.995429
        ]
      },
      "properties": {
        "nombre": "VECINO - Fortunato guitierrez (LOCAL DE REPUESTOS ROSITA)",
        "tipo": "Fija",
        "marca": "HIK VISION",
        "ubicacion": "Av. Sta. Rosa de Lima 2153\r\n"
      }
    },
    {
      "type": "Feature",
      "geometry": {
        "type": "Point",
        "coordinates": [
          -77.003204,
          -12.003865
        ]
      },
      "properties": {
        "nombre": "I.E.P HEROÍNA MICAELA BASTIDAS - LENNIN VERA",
        "tipo": "Fija",
        "marca": "HIK VISION",
        "ubicacion": "JR. Rubíes 1704\r\n"
      }
    },
    {
      "type": "Feature",
      "geometry": {
        "type": "Point",
        "coordinates": [
          -77.003227,
          -12.00383
        ]
      },
      "properties": {
        "nombre": "I.E.P HEROÍNA MICAELA BASTIDAS - LENNIN VERA",
        "tipo": "Fija",
        "marca": "HIK VISION",
        "ubicacion": "JR. Rubíes 1704\r\n"
      }
    },
    {
      "type": "Feature",
      "geometry": {
        "type": "Point",
        "coordinates": [
          -77.003165,
          -12.003793
        ]
      },
      "properties": {
        "nombre": "I.E.P HEROÍNA MICAELA BASTIDAS - LENNIN VERA",
        "tipo": "Fija",
        "marca": "HIK VISION",
        "ubicacion": "JR. Rubíes 1704\r\n"
      }
    },
    {
      "type": "Feature",
      "geometry": {
        "type": "Point",
        "coordinates": [
          -76.99793,
          -12.00231
        ]
      },
      "properties": {
        "nombre": "JUAN RIMAS - SANTA ROSA",
        "tipo": "Fija y domo",
        "marca": "HIK VISION",
        "ubicacion": "AV. LOS JARDINES CON OLIVINOS"
      }
    },
    {
      "type": "Feature",
      "geometry": {
        "type": "Point",
        "coordinates": [
          -76.997941,
          -12.002496
        ]
      },
      "properties": {
        "nombre": "JUAN RIMAS - SANTA ROSA",
        "tipo": "Fija y domo",
        "marca": "HIK VISION",
        "ubicacion": "AV. LOS JARDINES CON OLIVINOS"
      }
    },
    {
      "type": "Feature",
      "geometry": {
        "type": "Point",
        "coordinates": [
          -76.997687,
          -12.002977
        ]
      },
      "properties": {
        "nombre": "JUAN RIMAS - SANTA ROSA",
        "tipo": "Fija y domo",
        "marca": "HIK VISION",
        "ubicacion": "AV. LOS JARDINES CON OLIVINOS"
      }
    },
    {
      "type": "Feature",
      "geometry": {
        "type": "Point",
        "coordinates": [
          -76.997647,
          -12.003035
        ]
      },
      "properties": {
        "nombre": "JUAN RIMAS - SANTA ROSA",
        "tipo": "Fija y domo",
        "marca": "HIK VISION",
        "ubicacion": "AV. LOS JARDINES CON OLIVINOS"
      }
    },
    {
      "type": "Feature",
      "geometry": {
        "type": "Point",
        "coordinates": [
          -76.997601,
          -12.003483
        ]
      },
      "properties": {
        "nombre": "JUAN RIMAS - SANTA ROSA",
        "tipo": "Fija y domo",
        "marca": "HIK VISION",
        "ubicacion": "AV. LOS JARDINES CON OLIVINOS"
      }
    },
    {
      "type": "Feature",
      "geometry": {
        "type": "Point",
        "coordinates": [
          -76.997445,
          -12.003629
        ]
      },
      "properties": {
        "nombre": "JUAN RIMAS - SANTA ROSA",
        "tipo": "Fija y domo",
        "marca": "HIK VISION",
        "ubicacion": "AV. LOS JARDINES CON OLIVINOS"
      }
    },
    {
      "type": "Feature",
      "geometry": {
        "type": "Point",
        "coordinates": [
          -76.99744,
          -12.003627
        ]
      },
      "properties": {
        "nombre": "JUAN RIMAS - SANTA ROSA",
        "tipo": "Fija y domo",
        "marca": "HIK VISION",
        "ubicacion": "AV. LOS JARDINES CON OLIVINOS"
      }
    },
    {
      "type": "Feature",
      "geometry": {
        "type": "Point",
        "coordinates": [
          -76.997603,
          -12.003482
        ]
      },
      "properties": {
        "nombre": "JUAN RIMAS - SANTA ROSA",
        "tipo": "Fija y domo",
        "marca": "HIK VISION",
        "ubicacion": "AV. LOS JARDINES CON OLIVINOS"
      }
    },
    {
      "type": "Feature",
      "geometry": {
        "type": "Point",
        "coordinates": [
          -76.981052,
          -11.945103
        ]
      },
      "properties": {
        "nombre": "JUSTINIANO IZQUIERDO",
        "tipo": "Fija y domo",
        "marca": "HIK VISION",
        "ubicacion": "BALTAZAR CARAVEDO"
      }
    },
    {
      "type": "Feature",
      "geometry": {
        "type": "Point",
        "coordinates": [
          -76.981171,
          -11.944984
        ]
      },
      "properties": {
        "nombre": "JUSTINIANO IZQUIERDO",
        "tipo": "Fija y domo",
        "marca": "HIK VISION",
        "ubicacion": "BALTAZAR CARAVEDO"
      }
    },
    {
      "type": "Feature",
      "geometry": {
        "type": "Point",
        "coordinates": [
          -76.981048,
          -11.945447
        ]
      },
      "properties": {
        "nombre": "JUSTINIANO IZQUIERDO",
        "tipo": "Fija y domo",
        "marca": "HIK VISION",
        "ubicacion": "BALTAZAR CARAVEDO"
      }
    },
    {
      "type": "Feature",
      "geometry": {
        "type": "Point",
        "coordinates": [
          -76.981176,
          -11.944985
        ]
      },
      "properties": {
        "nombre": "JUSTINIANO IZQUIERDO",
        "tipo": "Fija y domo",
        "marca": "HIK VISION",
        "ubicacion": "BALTAZAR CARAVEDO"
      }
    },
    {
      "type": "Feature",
      "geometry": {
        "type": "Point",
        "coordinates": [
          -76.981043,
          -11.945445
        ]
      },
      "properties": {
        "nombre": "JUSTINIANO IZQUIERDO",
        "tipo": "Fija y domo",
        "marca": "HIK VISION",
        "ubicacion": "BALTAZAR CARAVEDO"
      }
    },
    {
      "type": "Feature",
      "geometry": {
        "type": "Point",
        "coordinates": [
          -77.017356,
          -12.0047
        ]
      },
      "properties": {
        "nombre": "MARIA-BOTICA",
        "tipo": "Fija",
        "marca": "HIK VISION",
        "ubicacion": "Cerca de Arequipa, Lima 15408"
      }
    },
    {
      "type": "Feature",
      "geometry": {
        "type": "Point",
        "coordinates": [
          -77.00764243,
          -11.9997183
        ]
      },
      "properties": {
        "nombre": "COLEGIO LA SALLE (CARLOS MOLINA)",
        "tipo": "Fija",
        "marca": "HIK VISION",
        "ubicacion": "COLEGIO LA SALLE / Jr zafiros 2002"
      }
    },
    {
      "type": "Feature",
      "geometry": {
        "type": "Point",
        "coordinates": [
          -77.008031,
          -11.99986
        ]
      },
      "properties": {
        "nombre": "COLEGIO LA SALLE (CARLOS MOLINA)",
        "tipo": "Fija",
        "marca": "HIK VISION",
        "ubicacion": "COLEGIO LA SALLE / Jr zafiros 2003"
      }
    },
    {
      "type": "Feature",
      "geometry": {
        "type": "Point",
        "coordinates": [
          -77.007977,
          -11.999919
        ]
      },
      "properties": {
        "nombre": "COLEGIO LA SALLE (CARLOS MOLINA)",
        "tipo": "Fija",
        "marca": "HIK VISION",
        "ubicacion": "COLEGIO LA SALLE / Jr zafiros 2004"
      }
    },
    {
      "type": "Feature",
      "geometry": {
        "type": "Point",
        "coordinates": [
          -77.003781,
          -11.994589
        ]
      },
      "properties": {
        "nombre": "I.E.P PITÁGORAS EL MATEMÁTICO (ELEMER PAREDES PEREZ)",
        "tipo": "Fija",
        "marca": "HIK VISION",
        "ubicacion": "Jr Arenicos Mz XLote 11. Urb La Huayrona "
      }
    },
    {
      "type": "Feature",
      "geometry": {
        "type": "Point",
        "coordinates": [
          -77.003779,
          -11.994587
        ]
      },
      "properties": {
        "nombre": "I.E.P PITÁGORAS EL MATEMÁTICO (ELEMER PAREDES PEREZ)",
        "tipo": "Fija",
        "marca": "HIK VISION",
        "ubicacion": "Jr Arenicos Mz XLote 11. Urb La Huayrona "
      }
    },
    {
      "type": "Feature",
      "geometry": {
        "type": "Point",
        "coordinates": [
          -76.996912,
          -12.002046
        ]
      },
      "properties": {
        "nombre": "Wuelber Gerrero Suarez",
        "tipo": "Fija",
        "marca": "HIK VISION",
        "ubicacion": "Av jardines este 800"
      }
    },
    {
      "type": "Feature",
      "geometry": {
        "type": "Point",
        "coordinates": [
          -76.996808,
          -12.001845
        ]
      },
      "properties": {
        "nombre": "Wuelber Gerrero Suarez",
        "tipo": "Fija",
        "marca": "HIK VISION",
        "ubicacion": "Av jardines este 800"
      }
    },
    {
      "type": "Feature",
      "geometry": {
        "type": "Point",
        "coordinates": [
          -76.984345,
          -11.958693
        ]
      },
      "properties": {
        "nombre": " Jesus Ordóñez Alvarez ",
        "tipo": "Fija",
        "marca": "HIK VISION",
        "ubicacion": " Mz. A5 Lt. 19 Urb. Mariscal Caseres"
      }
    },
    {
      "type": "Feature",
      "geometry": {
        "type": "Point",
        "coordinates": [
          -76.984343,
          -11.958692
        ]
      },
      "properties": {
        "nombre": " Jesus Ordóñez Alvarez ",
        "tipo": "Fija",
        "marca": "HIK VISION",
        "ubicacion": " Mz. A5 Lt. 19 Urb. Mariscal Caseres"
      }
    },
    {
      "type": "Feature",
      "geometry": {
        "type": "Point",
        "coordinates": [
          -76.98434,
          -11.95869
        ]
      },
      "properties": {
        "nombre": " Jesus Ordóñez Alvarez ",
        "tipo": "Fija",
        "marca": "HIK VISION",
        "ubicacion": " Mz. A5 Lt. 19 Urb. Mariscal Caseres"
      }
    },
    {
      "type": "Feature",
      "geometry": {
        "type": "Point",
        "coordinates": [
          -76.998015,
          -11.976165
        ]
      },
      "properties": {
        "nombre": "Wiliam Meza Orihuela",
        "tipo": "Fija",
        "marca": "DAHUA",
        "ubicacion": "\r\nRio Sullana 491"
      }
    },
    {
      "type": "Feature",
      "geometry": {
        "type": "Point",
        "coordinates": [
          -76.998005,
          -11.976155
        ]
      },
      "properties": {
        "nombre": "Wiliam Meza Orihuela",
        "tipo": "Fija",
        "marca": "DAHUA",
        "ubicacion": "\r\nRio Sullana 492"
      }
    },
    {
      "type": "Feature",
      "geometry": {
        "type": "Point",
        "coordinates": [
          -76.99801,
          -11.976163
        ]
      },
      "properties": {
        "nombre": "Wiliam Meza Orihuela",
        "tipo": "Fija",
        "marca": "DAHUA",
        "ubicacion": "\r\nRio Sullana 493"
      }
    },
    {
      "type": "Feature",
      "geometry": {
        "type": "Point",
        "coordinates": [
          -76.998009,
          -11.976162
        ]
      },
      "properties": {
        "nombre": "Wiliam Meza Orihuela",
        "tipo": "Fija",
        "marca": "DAHUA",
        "ubicacion": "\r\nRio Sullana 494"
      }
    },
    {
      "type": "Feature",
      "geometry": {
        "type": "Point",
        "coordinates": [
          -77.007999,
          -11.999869
        ]
      },
      "properties": {
        "nombre": "HOSTAL - Eladio Quintero Diaz",
        "tipo": "Fija",
        "marca": "HIK VISION",
        "ubicacion": "Jr Los Zafiros # 1874 Urb  Las Flores 78"
      }
    },
    {
      "type": "Feature",
      "geometry": {
        "type": "Point",
        "coordinates": [
          -77.008015,
          -11.999827
        ]
      },
      "properties": {
        "nombre": "HOSTAL - Eladio Quintero Diaz",
        "tipo": "Fija",
        "marca": "HIK VISION",
        "ubicacion": "Jr Los Zafiros # 1874 Urb  Las Flores 79"
      }
    },
    {
      "type": "Feature",
      "geometry": {
        "type": "Point",
        "coordinates": [
          -77.008498,
          -12.029099
        ]
      },
      "properties": {
        "nombre": "VECINO DANIEL QUEZADA \r\n",
        "tipo": "Fija",
        "marca": "HIK VISION",
        "ubicacion": "Calle .las Huacas 212 urb. Zarate\r\n"
      }
    },
    {
      "type": "Feature",
      "geometry": {
        "type": "Point",
        "coordinates": [
          -77.008514,
          -12.02902
        ]
      },
      "properties": {
        "nombre": "VECINO DANIEL QUEZADA \r\n",
        "tipo": "Fija",
        "marca": "HIK VISION",
        "ubicacion": "Calle .las Huacas 212 urb. Zarate\r\n"
      }
    },
    {
      "type": "Feature",
      "geometry": {
        "type": "Point",
        "coordinates": [
          -77.00852,
          -12.029072
        ]
      },
      "properties": {
        "nombre": "VECINO DANIEL QUEZADA \r\n",
        "tipo": "Fija",
        "marca": "HIK VISION",
        "ubicacion": "Calle .las Huacas 212 urb. Zarate\r\n"
      }
    },
    {
      "type": "Feature",
      "geometry": {
        "type": "Point",
        "coordinates": [
          -77.008423,
          -12.029117
        ]
      },
      "properties": {
        "nombre": "VECINO DANIEL QUEZADA \r\n",
        "tipo": "Fija",
        "marca": "HIK VISION",
        "ubicacion": "Calle .las Huacas 212 urb. Zarate\r\n"
      }
    },
    {
      "type": "Feature",
      "geometry": {
        "type": "Point",
        "coordinates": [
          -77.008455,
          -12.02912
        ]
      },
      "properties": {
        "nombre": "VECINO DANIEL QUEZADA \r\n",
        "tipo": "Fija",
        "marca": "HIK VISION",
        "ubicacion": "Calle .las Huacas 212 urb. Zarate\r\n"
      }
    },
    {
      "type": "Feature",
      "geometry": {
        "type": "Point",
        "coordinates": [
          -77.008429,
          -12.029107
        ]
      },
      "properties": {
        "nombre": "VECINO DANIEL QUEZADA \r\n",
        "tipo": "Fija",
        "marca": "HIK VISION",
        "ubicacion": "Calle .las Huacas 212 urb. Zarate\r\n"
      }
    },
    {
      "type": "Feature",
      "geometry": {
        "type": "Point",
        "coordinates": [
          -76.98948,
          -12.007825
        ]
      },
      "properties": {
        "nombre": "Eusebio Tocto",
        "tipo": "Domo",
        "marca": "HIK VISION",
        "ubicacion": "Jr. Los Grelis, Lima 15431"
      }
    },
    {
      "type": "Feature",
      "geometry": {
        "type": "Point",
        "coordinates": [
          -77.012278,
          -12.030614
        ]
      },
      "properties": {
        "nombre": "MERCADO EL BOSQUE / JANET BURGA",
        "tipo": "Fija",
        "marca": "HIK VISION",
        "ubicacion": "Av.Proceres de la Independencia 268 cdra. 01 s/n Urb. Caja de agua \r\n"
      }
    },
    {
      "type": "Feature",
      "geometry": {
        "type": "Point",
        "coordinates": [
          -77.012266,
          -12.030582
        ]
      },
      "properties": {
        "nombre": "MERCADO EL BOSQUE / JANET BURGA",
        "tipo": "Fija",
        "marca": "HIK VISION",
        "ubicacion": "Av.Proceres de la Independencia 268 cdra. 01 s/n Urb. Caja de agua \r\n"
      }
    },
    {
      "type": "Feature",
      "geometry": {
        "type": "Point",
        "coordinates": [
          -77.013281,
          -12.03109
        ]
      },
      "properties": {
        "nombre": "MERCADO EL BOSQUE / JANET BURGA",
        "tipo": "Fija",
        "marca": "HIK VISION",
        "ubicacion": "Av.Proceres de la Independencia 268 cdra. 01 s/n Urb. Caja de agua \r\n"
      }
    },
    {
      "type": "Feature",
      "geometry": {
        "type": "Point",
        "coordinates": [
          -77.013283,
          -12.03102
        ]
      },
      "properties": {
        "nombre": "MERCADO EL BOSQUE / JANET BURGA",
        "tipo": "Fija",
        "marca": "HIK VISION",
        "ubicacion": "Av.Proceres de la Independencia 268 cdra. 01 s/n Urb. Caja de agua \r\n"
      }
    },
    {
      "type": "Feature",
      "geometry": {
        "type": "Point",
        "coordinates": [
          -76.983413,
          -12.016957
        ]
      },
      "properties": {
        "nombre": "Ada Girón Dachave \r\n",
        "tipo": "Fija",
        "marca": "HIK VISION",
        "ubicacion": "Av. El Santuario 1825"
      }
    },
    {
      "type": "Feature",
      "geometry": {
        "type": "Point",
        "coordinates": [
          -76.983406,
          -12.016933
        ]
      },
      "properties": {
        "nombre": "Ada Girón Dachave \r\n",
        "tipo": "Fija",
        "marca": "HIK VISION",
        "ubicacion": "Av. El Santuario 1826"
      }
    },
    {
      "type": "Feature",
      "geometry": {
        "type": "Point",
        "coordinates": [
          -76.983407,
          -12.016945
        ]
      },
      "properties": {
        "nombre": "Ada Girón Dachave \r\n",
        "tipo": "Fija",
        "marca": "HIK VISION",
        "ubicacion": "Av. El Santuario 1827"
      }
    },
    {
      "type": "Feature",
      "geometry": {
        "type": "Point",
        "coordinates": [
          -77.007686,
          -12.021579
        ]
      },
      "properties": {
        "nombre": "Juan Carlos Huaman \r\n",
        "tipo": "Fija",
        "marca": "HIK VISION",
        "ubicacion": "C. Jose Domingo Choquehuanca 200-239 URB Chacarilla de otero "
      }
    },
    {
      "type": "Feature",
      "geometry": {
        "type": "Point",
        "coordinates": [
          -77.007673,
          -12.021565
        ]
      },
      "properties": {
        "nombre": "Juan Carlos Huaman \r\n",
        "tipo": "Fija",
        "marca": "HIK VISION",
        "ubicacion": "C. Jose Domingo Choquehuanca 200-239 URB Chacarilla de otero "
      }
    },
    {
      "type": "Feature",
      "geometry": {
        "type": "Point",
        "coordinates": [
          -77.007669,
          -12.021572
        ]
      },
      "properties": {
        "nombre": "Juan Carlos Huaman \r\n",
        "tipo": "Fija",
        "marca": "HIK VISION",
        "ubicacion": "C. Jose Domingo Choquehuanca 200-239 URB Chacarilla de otero "
      }
    },
    {
      "type": "Feature",
      "geometry": {
        "type": "Point",
        "coordinates": [
          -77.007685,
          -12.021577
        ]
      },
      "properties": {
        "nombre": "Juan Carlos Huaman \r\n",
        "tipo": "Fija",
        "marca": "HIK VISION",
        "ubicacion": "C. Jose Domingo Choquehuanca 200-239 URB Chacarilla de otero "
      }
    },
    {
      "type": "Feature",
      "geometry": {
        "type": "Point",
        "coordinates": [
          -77.007671,
          -12.021567
        ]
      },
      "properties": {
        "nombre": "Juan Carlos Huaman \r\n",
        "tipo": "Fija",
        "marca": "HIK VISION",
        "ubicacion": "C. Jose Domingo Choquehuanca 200-239 URB Chacarilla de otero "
      }
    },
    {
      "type": "Feature",
      "geometry": {
        "type": "Point",
        "coordinates": [
          -77.00808,
          -12.021702
        ]
      },
      "properties": {
        "nombre": "Juan Carlos Huaman \r\n",
        "tipo": "Fija",
        "marca": "HIK VISION",
        "ubicacion": "C. Jose Domingo Choquehuanca 200-239 URB Chacarilla de otero "
      }
    },
    {
      "type": "Feature",
      "geometry": {
        "type": "Point",
        "coordinates": [
          -77.007996,
          -12.021256
        ]
      },
      "properties": {
        "nombre": "Juan Carlos Huaman \r\n",
        "tipo": "Fija",
        "marca": "HIK VISION",
        "ubicacion": "C. Jose Domingo Choquehuanca 200-239 URB Chacarilla de otero "
      }
    },
    {
      "type": "Feature",
      "geometry": {
        "type": "Point",
        "coordinates": [
          -77.013572,
          -12.019148
        ]
      },
      "properties": {
        "nombre": "VECINO - Fanny Fermín \r\n",
        "tipo": "Fija",
        "marca": "HIK VISION",
        "ubicacion": "Adelfas 653 Urb. Las flores \r\n"
      }
    },
    {
      "type": "Feature",
      "geometry": {
        "type": "Point",
        "coordinates": [
          -77.013571,
          -12.019138
        ]
      },
      "properties": {
        "nombre": "VECINO - Fanny Fermín \r\n",
        "tipo": "Fija",
        "marca": "HIK VISION",
        "ubicacion": "Adelfas 653 Urb. Las flores \r\n"
      }
    },
    {
      "type": "Feature",
      "geometry": {
        "type": "Point",
        "coordinates": [
          -77.009308,
          -11.995593
        ]
      },
      "properties": {
        "nombre": " VECINO- Ricardo Villegas \r\n",
        "tipo": "Fija",
        "marca": "HIK VISION",
        "ubicacion": "Jr.loa zafiros 2138 Colegio mater et Magistra"
      }
    },
    {
      "type": "Feature",
      "geometry": {
        "type": "Point",
        "coordinates": [
          -77.009296,
          -11.995571
        ]
      },
      "properties": {
        "nombre": " VECINO- Ricardo Villegas \r\n",
        "tipo": "Fija",
        "marca": "HIK VISION",
        "ubicacion": "Jr.loa zafiros 2138 Colegio mater et Magistra"
      }
    },
    {
      "type": "Feature",
      "geometry": {
        "type": "Point",
        "coordinates": [
          -76.994749,
          -12.009348
        ]
      },
      "properties": {
        "nombre": "VECINO -Roger moreno\r\n",
        "tipo": "Fija",
        "marca": "HIK VISION",
        "ubicacion": "AA.HH . Los Jardines de Villa Santa Clarita - REF. Al costado de la fábrica celima\r\n"
      }
    },
    {
      "type": "Feature",
      "geometry": {
        "type": "Point",
        "coordinates": [
          -76.995001,
          -12.009726
        ]
      },
      "properties": {
        "nombre": "VECINO -Roger moreno\r\n",
        "tipo": "Fija",
        "marca": "HIK VISION",
        "ubicacion": "AA.HH . Los Jardines de Villa Santa Clarita - REF. Al costado de la fábrica celima\r\n"
      }
    },
    {
      "type": "Feature",
      "geometry": {
        "type": "Point",
        "coordinates": [
          -76.994717,
          -12.009516
        ]
      },
      "properties": {
        "nombre": "VECINO -Roger moreno\r\n",
        "tipo": "Fija",
        "marca": "HIK VISION",
        "ubicacion": "AA.HH . Los Jardines de Villa Santa Clarita - REF. Al costado de la fábrica celima\r\n"
      }
    },
    {
      "type": "Feature",
      "geometry": {
        "type": "Point",
        "coordinates": [
          -76.994838,
          -12.009717
        ]
      },
      "properties": {
        "nombre": "VECINO -Roger moreno\r\n",
        "tipo": "Fija",
        "marca": "HIK VISION",
        "ubicacion": "AA.HH . Los Jardines de Villa Santa Clarita - REF. Al costado de la fábrica celima\r\n"
      }
    },
    {
      "type": "Feature",
      "geometry": {
        "type": "Point",
        "coordinates": [
          -76.998484,
          -12.003754
        ]
      },
      "properties": {
        "nombre": "Ever Orue ",
        "tipo": "Fija",
        "marca": "HIK VISION",
        "ubicacion": "AV Santa Rosa de Lima 1640"
      }
    },
    {
      "type": "Feature",
      "geometry": {
        "type": "Point",
        "coordinates": [
          -76.998482,
          -12.003753
        ]
      },
      "properties": {
        "nombre": "Ever Orue ",
        "tipo": "Fija",
        "marca": "HIK VISION",
        "ubicacion": "AV Santa Rosa de Lima 1641"
      }
    },
    {
      "type": "Feature",
      "geometry": {
        "type": "Point",
        "coordinates": [
          -77.005371,
          -11.992783
        ]
      },
      "properties": {
        "nombre": "ALBERTO CAPCHA",
        "tipo": "Fija",
        "marca": "HIK VISION",
        "ubicacion": "Mercado virgen del Carmen - JR RODADO CON AV. 13 DE ENERO"
      }
    },
    {
      "type": "Feature",
      "geometry": {
        "type": "Point",
        "coordinates": [
          -77.005223,
          -11.992893
        ]
      },
      "properties": {
        "nombre": "ALBERTO CAPCHA",
        "tipo": "Fija",
        "marca": "HIK VISION",
        "ubicacion": "Mercado virgen del Carmen - JR RODADO CON AV. 13 DE ENERO"
      }
    },
    {
      "type": "Feature",
      "geometry": {
        "type": "Point",
        "coordinates": [
          -77.005132,
          -11.993208
        ]
      },
      "properties": {
        "nombre": "ALBERTO CAPCHA",
        "tipo": "Fija",
        "marca": "HIK VISION",
        "ubicacion": "Mercado virgen del Carmen - JR RODADO CON AV. 13 DE ENERO"
      }
    },
    {
      "type": "Feature",
      "geometry": {
        "type": "Point",
        "coordinates": [
          -77.004476,
          -11.993266
        ]
      },
      "properties": {
        "nombre": "ALBERTO CAPCHA",
        "tipo": "Fija",
        "marca": "HIK VISION",
        "ubicacion": "Mercado virgen del Carmen - JR RODADO CON AV. 13 DE ENERO"
      }
    },
    {
      "type": "Feature",
      "geometry": {
        "type": "Point",
        "coordinates": [
          -77.004753,
          -11.992612
        ]
      },
      "properties": {
        "nombre": "ALBERTO CAPCHA",
        "tipo": "Fija",
        "marca": "HIK VISION",
        "ubicacion": "Mercado virgen del Carmen - JR RODADO CON AV. 13 DE ENERO"
      }
    },
    {
      "type": "Feature",
      "geometry": {
        "type": "Point",
        "coordinates": [
          -77.005267,
          -11.993169
        ]
      },
      "properties": {
        "nombre": "ALBERTO CAPCHA",
        "tipo": "Fija",
        "marca": "HIK VISION",
        "ubicacion": "Mercado virgen del Carmen - JR RODADO CON AV. 13 DE ENERO"
      }
    },
    {
      "type": "Feature",
      "geometry": {
        "type": "Point",
        "coordinates": [
          -77.004356,
          -11.993252
        ]
      },
      "properties": {
        "nombre": "ALBERTO CAPCHA",
        "tipo": "Fija",
        "marca": "HIK VISION",
        "ubicacion": "Mercado virgen del Carmen - JR RODADO CON AV. 13 DE ENERO"
      }
    },
    {
      "type": "Feature",
      "geometry": {
        "type": "Point",
        "coordinates": [
          -77.004583,
          -11.992559
        ]
      },
      "properties": {
        "nombre": "ALBERTO CAPCHA",
        "tipo": "Fija",
        "marca": "HIK VISION",
        "ubicacion": "Mercado virgen del Carmen - JR RODADO CON AV. 13 DE ENERO"
      }
    },
    {
      "type": "Feature",
      "geometry": {
        "type": "Point",
        "coordinates": [
          -77.005107,
          -11.992651
        ]
      },
      "properties": {
        "nombre": "ALBERTO CAPCHA",
        "tipo": "Fija",
        "marca": "HIK VISION",
        "ubicacion": "Mercado virgen del Carmen - JR RODADO CON AV. 13 DE ENERO"
      }
    },
    {
      "type": "Feature",
      "geometry": {
        "type": "Point",
        "coordinates": [
          -76.997398,
          -12.001177
        ]
      },
      "properties": {
        "nombre": "VECINO - Digna Valenzuela Solís \r\n",
        "tipo": "Fija",
        "marca": "HIK VISION",
        "ubicacion": "Jr piedra del sol 1713 Urb inca mancocapac \r\n"
      }
    },
    {
      "type": "Feature",
      "geometry": {
        "type": "Point",
        "coordinates": [
          -76.997396,
          -12.001175
        ]
      },
      "properties": {
        "nombre": "VECINO - Digna Valenzuela Solís \r\n",
        "tipo": "Fija",
        "marca": "HIK VISION",
        "ubicacion": "Jr piedra del sol 1713 Urb inca mancocapac \r\n"
      }
    },
    {
      "type": "Feature",
      "geometry": {
        "type": "Point",
        "coordinates": [
          -77.00076,
          -11.988763
        ]
      },
      "properties": {
        "nombre": "VECINO -Andrés  Romero Valeriano\r\n",
        "tipo": "Fija",
        "marca": "HIK VISION",
        "ubicacion": "MZ R  LT. 26. URB San Gabriel \r\nCALLE 5 CON STA. MARIA"
      }
    },
    {
      "type": "Feature",
      "geometry": {
        "type": "Point",
        "coordinates": [
          -77.000629,
          -11.988838
        ]
      },
      "properties": {
        "nombre": "VECINO -Andrés  Romero Valeriano\r\n",
        "tipo": "Fija",
        "marca": "HIK VISION",
        "ubicacion": "MZ R  LT. 26. URB San Gabriel \r\nCALLE 5 CON STA. MARIA"
      }
    },
    {
      "type": "Feature",
      "geometry": {
        "type": "Point",
        "coordinates": [
          -77.000602,
          -11.988736
        ]
      },
      "properties": {
        "nombre": "VECINO -Andrés  Romero Valeriano\r\n",
        "tipo": "Fija",
        "marca": "HIK VISION",
        "ubicacion": "MZ R  LT. 26. URB San Gabriel \r\nCALLE 5 CON STA. MARIA"
      }
    },
    {
      "type": "Feature",
      "geometry": {
        "type": "Point",
        "coordinates": [
          -77.000796,
          -11.988743
        ]
      },
      "properties": {
        "nombre": "VECINO -Andrés  Romero Valeriano\r\n",
        "tipo": "Fija",
        "marca": "HIK VISION",
        "ubicacion": "MZ R  LT. 26. URB San Gabriel \r\nCALLE 5 CON STA. MARIA"
      }
    },
    {
      "type": "Feature",
      "geometry": {
        "type": "Point",
        "coordinates": [
          -77.019648,
          -11.977433
        ]
      },
      "properties": {
        "nombre": "VECINO - Agustina Acevedo Yañez \r\n",
        "tipo": "Fija",
        "marca": "HIK VISION",
        "ubicacion": "MZ. J. LT. 32. AA.HH.  San Fernando \r\nLOS PINOS CON LOS ALAMOS"
      }
    },
    {
      "type": "Feature",
      "geometry": {
        "type": "Point",
        "coordinates": [
          -77.019819,
          -11.977405
        ]
      },
      "properties": {
        "nombre": "VECINO - Agustina Acevedo Yañez \r\n",
        "tipo": "Fija",
        "marca": "HIK VISION",
        "ubicacion": "MZ. J. LT. 32. AA.HH.  San Fernando \r\nLOS PINOS CON LOS ALAMOS"
      }
    },
    {
      "type": "Feature",
      "geometry": {
        "type": "Point",
        "coordinates": [
          -77.019552,
          -11.976352
        ]
      },
      "properties": {
        "nombre": "VECINO - Agustina Acevedo Yañez \r\n",
        "tipo": "Fija",
        "marca": "HIK VISION",
        "ubicacion": "MZ. J. LT. 32. AA.HH.  San Fernando \r\nLOS PINOS CON LOS ALAMOS"
      }
    },
    {
      "type": "Feature",
      "geometry": {
        "type": "Point",
        "coordinates": [
          -77.020071,
          -11.977519
        ]
      },
      "properties": {
        "nombre": "VECINO - Agustina Acevedo Yañez \r\n",
        "tipo": "Fija",
        "marca": "HIK VISION",
        "ubicacion": "MZ. J. LT. 32. AA.HH.  San Fernando \r\nLOS PINOS CON LOS ALAMOS"
      }
    },
    {
      "type": "Feature",
      "geometry": {
        "type": "Point",
        "coordinates": [
          -77.018232,
          -11.976272
        ]
      },
      "properties": {
        "nombre": "VECINO - Agustina Acevedo Yañez II\r\n",
        "tipo": "Fija",
        "marca": "HIK VISION",
        "ubicacion": "MZ. J. LT. 32. AA.HH.  San Fernando \r\nLOS ALAMOS CON CANTO BELLO"
      }
    },
    {
      "type": "Feature",
      "geometry": {
        "type": "Point",
        "coordinates": [
          -77.019002,
          -11.07534
        ]
      },
      "properties": {
        "nombre": "VECINO - Agustina Acevedo Yañez II\r\n",
        "tipo": "Fija",
        "marca": "HIK VISION",
        "ubicacion": "MZ. J. LT. 32. AA.HH.  San Fernando \r\nLOS ALAMOS CON CANTO BELLO"
      }
    },
    {
      "type": "Feature",
      "geometry": {
        "type": "Point",
        "coordinates": [
          -77.019117,
          -11.975638
        ]
      },
      "properties": {
        "nombre": "VECINO - Agustina Acevedo Yañez II\r\n",
        "tipo": "Fija",
        "marca": "HIK VISION",
        "ubicacion": "MZ. J. LT. 32. AA.HH.  San Fernando \r\nLOS ALAMOS CON CANTO BELLO"
      }
    },
    {
      "type": "Feature",
      "geometry": {
        "type": "Point",
        "coordinates": [
          -77.003784,
          -11.953432
        ]
      },
      "properties": {
        "nombre": "Fiorela Sofía Paquiyauri chipana\r\n",
        "tipo": "Fija",
        "marca": "HIK VISION",
        "ubicacion": "MZ 148Lt. 1 grupo 18 sector B Huascar\r\nav tulipanes"
      }
    },
    {
      "type": "Feature",
      "geometry": {
        "type": "Point",
        "coordinates": [
          -76.988014,
          -11.966423
        ]
      },
      "properties": {
        "nombre": "Nicolai \r\n",
        "tipo": "Fija",
        "marca": "HIK VISION",
        "ubicacion": "Mzj lt17 cooperativa de vivienda la unión \r\naV CENTRAL CON LOS FISICOS\r\n"
      }
    },
    {
      "type": "Feature",
      "geometry": {
        "type": "Point",
        "coordinates": [
          -76.995611,
          -11.989382
        ]
      },
      "properties": {
        "nombre": "Oliver carbajal\r\n",
        "tipo": "Fija",
        "marca": "HIK VISION",
        "ubicacion": "Luis cavero mz F lote 4 costado penal "
      }
    },
    {
      "type": "Feature",
      "geometry": {
        "type": "Point",
        "coordinates": [
          -76.995738,
          -11.989333
        ]
      },
      "properties": {
        "nombre": "Oliver carbajal\r\n",
        "tipo": "Fija",
        "marca": "HIK VISION",
        "ubicacion": "Luis cavero mz F lote 4 costado penal "
      }
    },
    {
      "type": "Feature",
      "geometry": {
        "type": "Point",
        "coordinates": [
          -76.995728,
          -11.989343
        ]
      },
      "properties": {
        "nombre": "Oliver carbajal\r\n",
        "tipo": "Fija",
        "marca": "HIK VISION",
        "ubicacion": "Luis cavero mz F lote 4 costado penal "
      }
    },
    {
      "type": "Feature",
      "geometry": {
        "type": "Point",
        "coordinates": [
          -76.995718,
          -11.989333
        ]
      },
      "properties": {
        "nombre": "Oliver carbajal\r\n",
        "tipo": "Fija",
        "marca": "HIK VISION",
        "ubicacion": "Luis cavero mz F lote 4 costado penal "
      }
    },
    {
      "type": "Feature",
      "geometry": {
        "type": "Point",
        "coordinates": [
          -77.005949,
          -12.022302
        ]
      },
      "properties": {
        "nombre": "DIEGO ZACARIAS",
        "tipo": "Fija",
        "marca": "HIK VISION",
        "ubicacion": "JOSE MARI ARGUEDAS CON ORREGO"
      }
    },
    {
      "type": "Feature",
      "geometry": {
        "type": "Point",
        "coordinates": [
          -77.005951,
          -12.02233
        ]
      },
      "properties": {
        "nombre": "DIEGO ZACARIAS",
        "tipo": "Fija",
        "marca": "HIK VISION",
        "ubicacion": "JOSE MARI ARGUEDAS CON ORREGO"
      }
    },
    {
      "type": "Feature",
      "geometry": {
        "type": "Point",
        "coordinates": [
          -77.005958,
          -12.022328
        ]
      },
      "properties": {
        "nombre": "DIEGO ZACARIAS",
        "tipo": "Fija",
        "marca": "HIK VISION",
        "ubicacion": "JOSE MARI ARGUEDAS CON ORREGO"
      }
    },
    {
      "type": "Feature",
      "geometry": {
        "type": "Point",
        "coordinates": [
          -77.005951,
          -12.022319
        ]
      },
      "properties": {
        "nombre": "DIEGO ZACARIAS",
        "tipo": "Fija",
        "marca": "HIK VISION",
        "ubicacion": "JOSE MARI ARGUEDAS CON ORREGO"
      }
    },
    {
      "type": "Feature",
      "geometry": {
        "type": "Point",
        "coordinates": [
          -77.001517,
          -12.001012
        ]
      },
      "properties": {
        "nombre": "Erlin Malabar\r\n",
        "tipo": "Fija",
        "marca": "HIK VISION",
        "ubicacion": "Calle Las Galitas 564"
      }
    },
    {
      "type": "Feature",
      "geometry": {
        "type": "Point",
        "coordinates": [
          -77.001543,
          -12.001031
        ]
      },
      "properties": {
        "nombre": "Erlin Malabar\r\n",
        "tipo": "Fija",
        "marca": "HIK VISION",
        "ubicacion": "Calle Las Galitas 565"
      }
    },
    {
      "type": "Feature",
      "geometry": {
        "type": "Point",
        "coordinates": [
          -77.001515,
          -12.001001
        ]
      },
      "properties": {
        "nombre": "Erlin Malabar\r\n",
        "tipo": "Fija",
        "marca": "HIK VISION",
        "ubicacion": "Calle Las Galitas 566"
      }
    },
    {
      "type": "Feature",
      "geometry": {
        "type": "Point",
        "coordinates": [
          -77.001497,
          -12.001019
        ]
      },
      "properties": {
        "nombre": "Erlin Malabar\r\n",
        "tipo": "Fija",
        "marca": "HIK VISION",
        "ubicacion": "Calle Las Galitas 567"
      }
    },
    {
      "type": "Feature",
      "geometry": {
        "type": "Point",
        "coordinates": [
          -77.001499,
          -12.001017
        ]
      },
      "properties": {
        "nombre": "Erlin Malabar\r\n",
        "tipo": "Fija",
        "marca": "HIK VISION",
        "ubicacion": "Calle Las Galitas 568"
      }
    },
    {
      "type": "Feature",
      "geometry": {
        "type": "Point",
        "coordinates": [
          -76.988331,
          -11.974149
        ]
      },
      "properties": {
        "nombre": "Victor Limaya - COLEGIO CARLOS NORIEGA\r\n",
        "tipo": "Fija",
        "marca": "HIK VISION",
        "ubicacion": "Calle 12 con Los Orfebres"
      }
    },
    {
      "type": "Feature",
      "geometry": {
        "type": "Point",
        "coordinates": [
          -76.988359,
          -11.974154
        ]
      },
      "properties": {
        "nombre": "Victor Limaya - COLEGIO CARLOS NORIEGA\r\n",
        "tipo": "Fija",
        "marca": "HIK VISION",
        "ubicacion": "Calle 12 con Los Orfebres"
      }
    },
    {
      "type": "Feature",
      "geometry": {
        "type": "Point",
        "coordinates": [
          -76.988327,
          -11.974039
        ]
      },
      "properties": {
        "nombre": "Victor Limaya - COLEGIO CARLOS NORIEGA\r\n",
        "tipo": "Fija",
        "marca": "HIK VISION",
        "ubicacion": "Calle 12 con Los Orfebres"
      }
    },
    {
      "type": "Feature",
      "geometry": {
        "type": "Point",
        "coordinates": [
          -76.988432,
          -11.974264
        ]
      },
      "properties": {
        "nombre": "Victor Limaya - COLEGIO CARLOS NORIEGA\r\n",
        "tipo": "Fija",
        "marca": "HIK VISION",
        "ubicacion": "Calle 12 con Los Orfebres"
      }
    },
    {
      "type": "Feature",
      "geometry": {
        "type": "Point",
        "coordinates": [
          -76.988391,
          -11.974044
        ]
      },
      "properties": {
        "nombre": "Victor Limaya - COLEGIO CARLOS NORIEGA\r\n",
        "tipo": "Fija",
        "marca": "HIK VISION",
        "ubicacion": "Calle 12 con Los Orfebres"
      }
    },
    {
      "type": "Feature",
      "geometry": {
        "type": "Point",
        "coordinates": [
          -76.998084,
          -11.97618
        ]
      },
      "properties": {
        "nombre": "VECINO WILLIAM",
        "tipo": "Fija",
        "marca": "DAHUA",
        "ubicacion": "RIO UCAYALI CON RIO RAMIS URB. CANRO REY II ETAPA"
      }
    },
    {
      "type": "Feature",
      "geometry": {
        "type": "Point",
        "coordinates": [
          -76.998048,
          -11.976193
        ]
      },
      "properties": {
        "nombre": "VECINO WILLIAM",
        "tipo": "Fija",
        "marca": "DAHUA",
        "ubicacion": "RIO UCAYALI CON RIO RAMIS URB. CANRO REY II ETAPA"
      }
    },
    {
      "type": "Feature",
      "geometry": {
        "type": "Point",
        "coordinates": [
          -76.998026,
          -11.976176
        ]
      },
      "properties": {
        "nombre": "VECINO WILLIAM",
        "tipo": "Fija",
        "marca": "DAHUA",
        "ubicacion": "RIO UCAYALI CON RIO RAMIS URB. CANRO REY II ETAPA"
      }
    },
    {
      "type": "Feature",
      "geometry": {
        "type": "Point",
        "coordinates": [
          -76.998037,
          -11.976161
        ]
      },
      "properties": {
        "nombre": "VECINO WILLIAM",
        "tipo": "Fija",
        "marca": "DAHUA",
        "ubicacion": "RIO UCAYALI CON RIO RAMIS URB. CANRO REY II ETAPA"
      }
    },
    {
      "type": "Feature",
      "geometry": {
        "type": "Point",
        "coordinates": [
          -77.000582,
          -11.998017
        ]
      },
      "properties": {
        "nombre": "Cruz Yauri Keny",
        "tipo": "Fija y domo",
        "marca": "HIK VISION",
        "ubicacion": "AV SANTA ROSA CON BLENDAS"
      }
    },
    {
      "type": "Feature",
      "geometry": {
        "type": "Point",
        "coordinates": [
          -77.00058,
          -11.998015
        ]
      },
      "properties": {
        "nombre": "Cruz Yauri Keny",
        "tipo": "Fija y domo",
        "marca": "HIK VISION",
        "ubicacion": "AV SANTA ROSA CON BLENDAS"
      }
    },
    {
      "type": "Feature",
      "geometry": {
        "type": "Point",
        "coordinates": [
          -77.000511,
          -11.998149
        ]
      },
      "properties": {
        "nombre": "Cruz Yauri Keny",
        "tipo": "Fija y domo",
        "marca": "HIK VISION",
        "ubicacion": "AV SANTA ROSA CON BLENDAS"
      }
    },
    {
      "type": "Feature",
      "geometry": {
        "type": "Point",
        "coordinates": [
          -77.000478,
          -11.992717
        ]
      },
      "properties": {
        "nombre": "Milagros Mercado",
        "tipo": "Fija",
        "marca": "HIK VISION",
        "ubicacion": "Av. Santa Rosa de Lima - costado de caldo de gallina Fran"
      }
    },
    {
      "type": "Feature",
      "geometry": {
        "type": "Point",
        "coordinates": [
          -77.000475,
          -11.992715
        ]
      },
      "properties": {
        "nombre": "Milagros Mercado",
        "tipo": "Fija",
        "marca": "HIK VISION",
        "ubicacion": "Av. Santa Rosa de Lima - costado de caldo de gallina Fran"
      }
    },
    {
      "type": "Feature",
      "geometry": {
        "type": "Point",
        "coordinates": [
          -77.000157,
          -11.991765
        ]
      },
      "properties": {
        "nombre": "Juan Armas Abanto",
        "tipo": "Fija y domo",
        "marca": "HIK VISION",
        "ubicacion": "CRUCE SANTA ROSA CON JORGE BASADRE"
      }
    },
    {
      "type": "Feature",
      "geometry": {
        "type": "Point",
        "coordinates": [
          -77.000152,
          -11.991763
        ]
      },
      "properties": {
        "nombre": "Juan Armas Abanto",
        "tipo": "Fija y domo",
        "marca": "HIK VISION",
        "ubicacion": "CRUCE SANTA ROSA CON JORGE BASADRE"
      }
    },
    {
      "type": "Feature",
      "geometry": {
        "type": "Point",
        "coordinates": [
          -76.999143,
          -12.002898
        ]
      },
      "properties": {
        "nombre": "PARADERO VILLAFLORES - ",
        "tipo": "Fija y domo",
        "marca": "HIK VISION",
        "ubicacion": null
      }
    },
    {
      "type": "Feature",
      "geometry": {
        "type": "Point",
        "coordinates": [
          null,
          null
        ]
      },
      "properties": {
        "nombre": "PARADERO VILLAFLORES - ",
        "tipo": "Fija y domo",
        "marca": "HIK VISION",
        "ubicacion": null
      }
    },
    {
      "type": "Feature",
      "geometry": {
        "type": "Point",
        "coordinates": [
          null,
          null
        ]
      },
      "properties": {
        "nombre": "PARADERO VILLAFLORES - ",
        "tipo": "Fija y domo",
        "marca": "HIK VISION",
        "ubicacion": null
      }
    },
    {
      "type": "Feature",
      "geometry": {
        "type": "Point",
        "coordinates": [
          -76.987656,
          -11.96696
        ]
      },
      "properties": {
        "nombre": "Diana Neyra",
        "tipo": "Fija y domo",
        "marca": "DAHUA",
        "ubicacion": "AV CENTRAL CON FISICOS"
      }
    },
    {
      "type": "Feature",
      "geometry": {
        "type": "Point",
        "coordinates": [
          -76.987653,
          -11.966959
        ]
      },
      "properties": {
        "nombre": "Diana Neyra",
        "tipo": "Fija y domo",
        "marca": "DAHUA",
        "ubicacion": "AV CENTRAL CON FISICOS"
      }
    },
    {
      "type": "Feature",
      "geometry": {
        "type": "Point",
        "coordinates": [
          -76.987657,
          -11.966961
        ]
      },
      "properties": {
        "nombre": "Diana Neyra",
        "tipo": "Fija y domo",
        "marca": "DAHUA",
        "ubicacion": "AV CENTRAL CON FISICOS"
      }
    },
    {
      "type": "Feature",
      "geometry": {
        "type": "Point",
        "coordinates": [
          -76.998079,
          -12.008697
        ]
      },
      "properties": {
        "nombre": "COLEGIO LA LIBERTAD - Sixto Padilla",
        "tipo": "Fija",
        "marca": "HIK VISION",
        "ubicacion": "\r\nLAS ENERGITAS Y DIMANTES"
      }
    },
    {
      "type": "Feature",
      "geometry": {
        "type": "Point",
        "coordinates": [
          -77.01007,
          -12.017591
        ]
      },
      "properties": {
        "nombre": "Tolentino Quispe",
        "tipo": "Fija",
        "marca": "HIK VISION",
        "ubicacion": "\r\nMERCADO EL CARMEN"
      }
    },
    {
      "type": "Feature",
      "geometry": {
        "type": "Point",
        "coordinates": [
          -76.980794,
          -11.966946
        ]
      },
      "properties": {
        "nombre": "Fragata",
        "tipo": "Fija",
        "marca": "HIK VISION",
        "ubicacion": "GRASS SINTÉTICO LA FRAGATA - CANTO REY SJL"
      }
    },
    {
      "type": "Feature",
      "geometry": {
        "type": "Point",
        "coordinates": [
          -76.980796,
          -11.966948
        ]
      },
      "properties": {
        "nombre": "Fragata",
        "tipo": "Fija",
        "marca": "HIK VISION",
        "ubicacion": "GRASS SINTÉTICO LA FRAGATA - CANTO REY SJL"
      }
    },
    {
      "type": "Feature",
      "geometry": {
        "type": "Point",
        "coordinates": [
          -76.980795,
          -11.966942
        ]
      },
      "properties": {
        "nombre": "Fragata",
        "tipo": "Fija",
        "marca": "HIK VISION",
        "ubicacion": "GRASS SINTÉTICO LA FRAGATA - CANTO REY SJL"
      }
    },
    {
      "type": "Feature",
      "geometry": {
        "type": "Point",
        "coordinates": [
          -76.980793,
          -11.966941
        ]
      },
      "properties": {
        "nombre": "Fragata",
        "tipo": "Fija",
        "marca": "HIK VISION",
        "ubicacion": "GRASS SINTÉTICO LA FRAGATA - CANTO REY SJL"
      }
    },
    {
      "type": "Feature",
      "geometry": {
        "type": "Point",
        "coordinates": [
          -76.981837,
          -11.966333
        ]
      },
      "properties": {
        "nombre": "Fragata",
        "tipo": "Fija",
        "marca": "HIK VISION",
        "ubicacion": "GRASS SINTÉTICO LA FRAGATA - CANTO REY SJL"
      }
    },
    {
      "type": "Feature",
      "geometry": {
        "type": "Point",
        "coordinates": [
          -76.982489,
          -11.967764
        ]
      },
      "properties": {
        "nombre": "Fragata",
        "tipo": "Fija",
        "marca": "HIK VISION",
        "ubicacion": "GRASS SINTÉTICO LA FRAGATA - CANTO REY SJL"
      }
    },
    {
      "type": "Feature",
      "geometry": {
        "type": "Point",
        "coordinates": [
          -76.982492,
          -11.967761
        ]
      },
      "properties": {
        "nombre": "Fragata",
        "tipo": "Fija",
        "marca": "HIK VISION",
        "ubicacion": "GRASS SINTÉTICO LA FRAGATA - CANTO REY SJL"
      }
    },
    {
      "type": "Feature",
      "geometry": {
        "type": "Point",
        "coordinates": [
          -76.982499,
          -11.967762
        ]
      },
      "properties": {
        "nombre": "Fragata",
        "tipo": "Fija",
        "marca": "HIK VISION",
        "ubicacion": "GRASS SINTÉTICO LA FRAGATA - CANTO REY SJL"
      }
    },
    {
      "type": "Feature",
      "geometry": {
        "type": "Point",
        "coordinates": [
          -76.98122,
          -11.969621
        ]
      },
      "properties": {
        "nombre": "Fragata",
        "tipo": "Fija",
        "marca": "HIK VISION",
        "ubicacion": "GRASS SINTÉTICO LA FRAGATA - CANTO REY SJL"
      }
    },
    {
      "type": "Feature",
      "geometry": {
        "type": "Point",
        "coordinates": [
          -76.980985,
          -11.97059
        ]
      },
      "properties": {
        "nombre": "Fragata",
        "tipo": "Fija",
        "marca": "HIK VISION",
        "ubicacion": "GRASS SINTÉTICO LA FRAGATA - CANTO REY SJL"
      }
    },
    {
      "type": "Feature",
      "geometry": {
        "type": "Point",
        "coordinates": [
          -77.007046,
          -12.028011
        ]
      },
      "properties": {
        "nombre": "Nelson Olivos Flores",
        "tipo": "Fija",
        "marca": "HIK VISION",
        "ubicacion": "Chavin De Huantar & Wiracocha"
      }
    },
    {
      "type": "Feature",
      "geometry": {
        "type": "Point",
        "coordinates": [
          -76.99599,
          -12.013918
        ]
      },
      "properties": {
        "nombre": "FLOR LOZANO - CASITA VERDE",
        "tipo": "Fija",
        "marca": "HIK VISION",
        "ubicacion": "Calle Las golondrinas mz O lt 23 - CASITA VERDE"
      }
    },
    {
      "type": "Feature",
      "geometry": {
        "type": "Point",
        "coordinates": [
          -76.9959,
          -12.01392
        ]
      },
      "properties": {
        "nombre": "FLOR LOZANO - CASITA VERDE",
        "tipo": "Fija",
        "marca": "HIK VISION",
        "ubicacion": "Calle Las golondrinas mz O lt 23 - CASITA VERDE"
      }
    },
    {
      "type": "Feature",
      "geometry": {
        "type": "Point",
        "coordinates": [
          -76.995405,
          -12.015042
        ]
      },
      "properties": {
        "nombre": "RENE - PARQUE HORIZONTE II ETAPA",
        "tipo": "Fija y domo",
        "marca": "HIK VISION",
        "ubicacion": "PARQUE HORIZONTE II ETAPA"
      }
    },
    {
      "type": "Feature",
      "geometry": {
        "type": "Point",
        "coordinates": [
          -76.995407,
          -12.01504
        ]
      },
      "properties": {
        "nombre": "RENE - PARQUE HORIZONTE II ETAPA",
        "tipo": "Fija y domo",
        "marca": "HIK VISION",
        "ubicacion": "PARQUE HORIZONTE II ETAPA"
      }
    },
    {
      "type": "Feature",
      "geometry": {
        "type": "Point",
        "coordinates": [
          -76.995406,
          -12.015039
        ]
      },
      "properties": {
        "nombre": "RENE - PARQUE HORIZONTE II ETAPA",
        "tipo": "Fija y domo",
        "marca": "HIK VISION",
        "ubicacion": "PARQUE HORIZONTE II ETAPA"
      }
    },
    {
      "type": "Feature",
      "geometry": {
        "type": "Point",
        "coordinates": [
          -76.99541,
          -12.015045
        ]
      },
      "properties": {
        "nombre": "RENE - PARQUE HORIZONTE II ETAPA",
        "tipo": "Fija y domo",
        "marca": "HIK VISION",
        "ubicacion": "PARQUE HORIZONTE II ETAPA"
      }
    },
    {
      "type": "Feature",
      "geometry": {
        "type": "Point",
        "coordinates": [
          -76.976585,
          -11.93974
        ]
      },
      "properties": {
        "nombre": "COLEGIO 151 MICAELA BASTIDAS Director: Grover Cajchaya Medina\r\nSecretaria: Adalupe Hernandez Napa",
        "tipo": "Fija",
        "marca": "HIK VISION",
        "ubicacion": "MAR ROJO CON STA. MARIA - 4 DE MOTUPE "
      }
    },
    {
      "type": "Feature",
      "geometry": {
        "type": "Point",
        "coordinates": [
          -76.976587,
          -11.939747
        ]
      },
      "properties": {
        "nombre": "COLEGIO 151 MICAELA BASTIDAS Director: Grover Cajchaya Medina\r\nSecretaria: Adalupe Hernandez Napa",
        "tipo": "Fija",
        "marca": "HIK VISION",
        "ubicacion": "MAR ROJO CON STA. MARIA - 4 DE MOTUPE "
      }
    },
    {
      "type": "Feature",
      "geometry": {
        "type": "Point",
        "coordinates": [
          -76.976516,
          -11.940105
        ]
      },
      "properties": {
        "nombre": "COLEGIO 151 MICAELA BASTIDAS Director: Grover Cajchaya Medina\r\nSecretaria: Adalupe Hernandez Napa",
        "tipo": "Fija",
        "marca": "HIK VISION",
        "ubicacion": "MAR ROJO CON STA. MARIA - 4 DE MOTUPE "
      }
    },
    {
      "type": "Feature",
      "geometry": {
        "type": "Point",
        "coordinates": [
          -76.977814,
          -11.940931
        ]
      },
      "properties": {
        "nombre": "COLEGIO 151 MICAELA BASTIDAS Director: Grover Cajchaya Medina\r\nSecretaria: Adalupe Hernandez Napa",
        "tipo": "Fija",
        "marca": "HIK VISION",
        "ubicacion": "MAR ROJO CON STA. MARIA - 4 DE MOTUPE "
      }
    },
    {
      "type": "Feature",
      "geometry": {
        "type": "Point",
        "coordinates": [
          -77.000361,
          -12.014227
        ]
      },
      "properties": {
        "nombre": "BENITA FERNANDEZ HUAYTA",
        "tipo": "Fija",
        "marca": "HIK VISION",
        "ubicacion": "Canarios 1136-1238"
      }
    },
    {
      "type": "Feature",
      "geometry": {
        "type": "Point",
        "coordinates": [
          -77.000354,
          -12.014237
        ]
      },
      "properties": {
        "nombre": "BENITA FERNANDEZ HUAYTA",
        "tipo": "Fija",
        "marca": "HIK VISION",
        "ubicacion": "Canarios 1136-1239"
      }
    },
    {
      "type": "Feature",
      "geometry": {
        "type": "Point",
        "coordinates": [
          -77.000345,
          -12.014261
        ]
      },
      "properties": {
        "nombre": "BENITA FERNANDEZ HUAYTA",
        "tipo": "Fija",
        "marca": "HIK VISION",
        "ubicacion": "Canarios 1136-1240"
      }
    },
    {
      "type": "Feature",
      "geometry": {
        "type": "Point",
        "coordinates": [
          -76.985678,
          -11.964779
        ]
      },
      "properties": {
        "nombre": "Jesica Diaz",
        "tipo": "Domo",
        "marca": "HIK VISION",
        "ubicacion": "CLAVELES Y CIRUJANOS"
      }
    },
    {
      "type": "Feature",
      "geometry": {
        "type": "Point",
        "coordinates": [
          -76.985675,
          -11.964778
        ]
      },
      "properties": {
        "nombre": "Jesica Diaz",
        "tipo": "Domo",
        "marca": "HIK VISION",
        "ubicacion": "CLAVELES Y CIRUJANOS"
      }
    },
    {
      "type": "Feature",
      "geometry": {
        "type": "Point",
        "coordinates": [
          -76.985676,
          -11.964777
        ]
      },
      "properties": {
        "nombre": "Jesica Diaz",
        "tipo": "Domo",
        "marca": "HIK VISION",
        "ubicacion": "CLAVELES Y CIRUJANOS"
      }
    },
    {
      "type": "Feature",
      "geometry": {
        "type": "Point",
        "coordinates": [
          -76.98607,
          -11.964552
        ]
      },
      "properties": {
        "nombre": "Jesica Diaz",
        "tipo": "Domo",
        "marca": "HIK VISION",
        "ubicacion": "CLAVELES Y CIRUJANOS"
      }
    },
    {
      "type": "Feature",
      "geometry": {
        "type": "Point",
        "coordinates": [
          -76.98568,
          -11.964776
        ]
      },
      "properties": {
        "nombre": "Jesica Diaz",
        "tipo": "Domo",
        "marca": "HIK VISION",
        "ubicacion": "CLAVELES Y CIRUJANOS"
      }
    },
    {
      "type": "Feature",
      "geometry": {
        "type": "Point",
        "coordinates": [
          -76.985673,
          -11.964775
        ]
      },
      "properties": {
        "nombre": "Jesica Diaz",
        "tipo": "Domo",
        "marca": "HIK VISION",
        "ubicacion": "CLAVELES Y CIRUJANOS"
      }
    },
    {
      "type": "Feature",
      "geometry": {
        "type": "Point",
        "coordinates": [
          -76.985672,
          -11.964774
        ]
      },
      "properties": {
        "nombre": "Jesica Diaz",
        "tipo": "Domo",
        "marca": "HIK VISION",
        "ubicacion": "CLAVELES Y CIRUJANOS"
      }
    },
    {
      "type": "Feature",
      "geometry": {
        "type": "Point",
        "coordinates": [
          -76.985671,
          -11.964771
        ]
      },
      "properties": {
        "nombre": "Jesica Diaz",
        "tipo": "Domo",
        "marca": "HIK VISION",
        "ubicacion": "CLAVELES Y CIRUJANOS"
      }
    },
    {
      "type": "Feature",
      "geometry": {
        "type": "Point",
        "coordinates": [
          -76.991892,
          -11.932028
        ]
      },
      "properties": {
        "nombre": "CESAR - LOCAL COMUNAL MARIATEGUI",
        "tipo": "Fija",
        "marca": "DAHUA",
        "ubicacion": "PSJE 13 CON PAMPA ALTA - A FRENTE DEL PAREDERO R28C"
      }
    },
    {
      "type": "Feature",
      "geometry": {
        "type": "Point",
        "coordinates": [
          -76.991893,
          -11.932029
        ]
      },
      "properties": {
        "nombre": "CESAR - LOCAL COMUNAL MARIATEGUI",
        "tipo": "Fija",
        "marca": "DAHUA",
        "ubicacion": "PSJE 13 CON PAMPA ALTA - A FRENTE DEL PAREDERO R28C"
      }
    },
    {
      "type": "Feature",
      "geometry": {
        "type": "Point",
        "coordinates": [
          -76.991894,
          -11.93203
        ]
      },
      "properties": {
        "nombre": "CESAR - LOCAL COMUNAL MARIATEGUI",
        "tipo": "Fija",
        "marca": "DAHUA",
        "ubicacion": "PSJE 13 CON PAMPA ALTA - A FRENTE DEL PAREDERO R28C"
      }
    },
    {
      "type": "Feature",
      "geometry": {
        "type": "Point",
        "coordinates": [
          -76.992145,
          -11.930973
        ]
      },
      "properties": {
        "nombre": "CESAR - LOCAL COMUNAL MARIATEGUI",
        "tipo": "Fija",
        "marca": "DAHUA",
        "ubicacion": "PSJE 13 CON PAMPA ALTA - A FRENTE DEL PAREDERO R28C"
      }
    },
    {
      "type": "Feature",
      "geometry": {
        "type": "Point",
        "coordinates": [
          -76.988307,
          -11.972558
        ]
      },
      "properties": {
        "nombre": "Sebastian Ramos",
        "tipo": "Fija",
        "marca": "HIK VISION",
        "ubicacion": "LOS PUBLICITAS CON CALLE 12"
      }
    },
    {
      "type": "Feature",
      "geometry": {
        "type": "Point",
        "coordinates": [
          -76.988302,
          -11.972556
        ]
      },
      "properties": {
        "nombre": "Sebastian Ramos",
        "tipo": "Fija",
        "marca": "HIK VISION",
        "ubicacion": "LOS PUBLICITAS CON CALLE 13"
      }
    },
    {
      "type": "Feature",
      "geometry": {
        "type": "Point",
        "coordinates": [
          -76.984696,
          -12.02351
        ]
      },
      "properties": {
        "nombre": "VECINO - MARÍA DIAZ MARTINEZ",
        "tipo": "Fija",
        "marca": "HIK VISION",
        "ubicacion": "Jr. Tiahuanaco #1749 urb. Zárate "
      }
    },
    {
      "type": "Feature",
      "geometry": {
        "type": "Point",
        "coordinates": [
          -76.98469,
          -12.0234
        ]
      },
      "properties": {
        "nombre": "VECINO - MARÍA DIAZ MARTINEZ",
        "tipo": "Fija",
        "marca": "HIK VISION",
        "ubicacion": "Jr. Tiahuanaco #1749 urb. Zárate "
      }
    },
    {
      "type": "Feature",
      "geometry": {
        "type": "Point",
        "coordinates": [
          -76.998741,
          -12.012118
        ]
      },
      "properties": {
        "nombre": "I.E.P MATEMÁTICO CATÓLICO SAN JUAN ",
        "tipo": "Fija",
        "marca": "HIK VISION",
        "ubicacion": "Jr. Los codornices mz D lt 10 URB. La bacilia sjl "
      }
    },
    {
      "type": "Feature",
      "geometry": {
        "type": "Point",
        "coordinates": [
          -76.998738,
          -12.012116
        ]
      },
      "properties": {
        "nombre": "I.E.P MATEMÁTICO CATÓLICO SAN JUAN ",
        "tipo": "Fija",
        "marca": "HIK VISION",
        "ubicacion": "Jr. Los codornices mz D lt 10 URB. La bacilia sjl "
      }
    },
    {
      "type": "Feature",
      "geometry": {
        "type": "Point",
        "coordinates": [
          -77.001807,
          -12.025717
        ]
      },
      "properties": {
        "nombre": "VECINO - DAVID HUAYPAYA - TIENDA BITEL",
        "tipo": "Fija",
        "marca": "HIK VISION",
        "ubicacion": "Av.gran chimu - av.piramide del sol 398"
      }
    },
    {
      "type": "Feature",
      "geometry": {
        "type": "Point",
        "coordinates": [
          -77.001806,
          -12.025718
        ]
      },
      "properties": {
        "nombre": "VECINO - DAVID HUAYPAYA - TIENDA BITEL",
        "tipo": "Fija",
        "marca": "HIK VISION",
        "ubicacion": "Av.gran chimu - av.piramide del sol 399"
      }
    },
    {
      "type": "Feature",
      "geometry": {
        "type": "Point",
        "coordinates": [
          -77.002256,
          -11.994056
        ]
      },
      "properties": {
        "nombre": "Nancy Guadalupe ",
        "tipo": "Fija",
        "marca": "HIK VISION",
        "ubicacion": "CANCHA LA HUAYRONA (COLEGIO)"
      }
    },
    {
      "type": "Feature",
      "geometry": {
        "type": "Point",
        "coordinates": [
          -77.005052,
          -11.966361
        ]
      },
      "properties": {
        "nombre": "COLEGIO - Marizol Alcarraz Tello",
        "tipo": "Fija",
        "marca": "HIK VISION",
        "ubicacion": "Mz.A Lt.11 Jr.Los Naranjos  Urb.Canto Grande "
      }
    },
    {
      "type": "Feature",
      "geometry": {
        "type": "Point",
        "coordinates": [
          -76.978986,
          -11.962461
        ]
      },
      "properties": {
        "nombre": "Elizabeth Chancasana",
        "tipo": "Fija",
        "marca": "HIK VISION",
        "ubicacion": "SANTA MARIA"
      }
    },
    {
      "type": "Feature",
      "geometry": {
        "type": "Point",
        "coordinates": [
          -76.978961,
          -11.962367
        ]
      },
      "properties": {
        "nombre": "Elizabeth Chancasana",
        "tipo": "Fija",
        "marca": "HIK VISION",
        "ubicacion": "SANTA MARIA"
      }
    },
    {
      "type": "Feature",
      "geometry": {
        "type": "Point",
        "coordinates": [
          -76.978955,
          -11.96244
        ]
      },
      "properties": {
        "nombre": "Elizabeth Chancasana",
        "tipo": "Fija",
        "marca": "HIK VISION",
        "ubicacion": "SANTA MARIA"
      }
    },
    {
      "type": "Feature",
      "geometry": {
        "type": "Point",
        "coordinates": [
          -76.97908,
          -11.962469
        ]
      },
      "properties": {
        "nombre": "Elizabeth Chancasana",
        "tipo": "Fija",
        "marca": "HIK VISION",
        "ubicacion": "SANTA MARIA"
      }
    },
    {
      "type": "Feature",
      "geometry": {
        "type": "Point",
        "coordinates": [
          -76.978989,
          -11.962463
        ]
      },
      "properties": {
        "nombre": "Elizabeth Chancasana",
        "tipo": "Fija",
        "marca": "HIK VISION",
        "ubicacion": "SANTA MARIA"
      }
    },
    {
      "type": "Feature",
      "geometry": {
        "type": "Point",
        "coordinates": [
          -77.008381,
          -12.012845
        ]
      },
      "properties": {
        "nombre": "Sonia Gonzales",
        "tipo": "Fija",
        "marca": "DAHUA",
        "ubicacion": "AV TUSILAGOS OESTE CON LOS RECINOS"
      }
    },
    {
      "type": "Feature",
      "geometry": {
        "type": "Point",
        "coordinates": [
          -77.00838,
          -12.012842
        ]
      },
      "properties": {
        "nombre": "Sonia Gonzales",
        "tipo": "Fija",
        "marca": "DAHUA",
        "ubicacion": "AV TUSILAGOS OESTE CON LOS RECINOS"
      }
    },
    {
      "type": "Feature",
      "geometry": {
        "type": "Point",
        "coordinates": [
          -77.005052,
          -11.966361
        ]
      },
      "properties": {
        "nombre": "MERCADO 10 DE CANTO GRANDE",
        "tipo": "Fija",
        "marca": "HIK VISION",
        "ubicacion": "Mz.A Lt.11 Jr.Los Naranjos  Urb.Canto Grande "
      }
    },
    {
      "type": "Feature",
      "geometry": {
        "type": "Point",
        "coordinates": [
          -77.00505,
          -11.966363
        ]
      },
      "properties": {
        "nombre": "MERCADO 10 DE CANTO GRANDE",
        "tipo": "Fija",
        "marca": "HIK VISION",
        "ubicacion": "Mz.A Lt.11 Jr.Los Naranjos  Urb.Canto Grande "
      }
    },
    {
      "type": "Feature",
      "geometry": {
        "type": "Point",
        "coordinates": [
          -77.005049,
          -11.966359
        ]
      },
      "properties": {
        "nombre": "MERCADO 10 DE CANTO GRANDE",
        "tipo": "Fija",
        "marca": "HIK VISION",
        "ubicacion": "Mz.A Lt.11 Jr.Los Naranjos  Urb.Canto Grande "
      }
    },
    {
      "type": "Feature",
      "geometry": {
        "type": "Point",
        "coordinates": [
          -77.005048,
          -11.966366
        ]
      },
      "properties": {
        "nombre": "MERCADO 10 DE CANTO GRANDE",
        "tipo": "Fija",
        "marca": "HIK VISION",
        "ubicacion": "Mz.A Lt.11 Jr.Los Naranjos  Urb.Canto Grande "
      }
    },
    {
      "type": "Feature",
      "geometry": {
        "type": "Point",
        "coordinates": [
          -77.005046,
          -11.966367
        ]
      },
      "properties": {
        "nombre": "MERCADO 10 DE CANTO GRANDE",
        "tipo": "Fija",
        "marca": "HIK VISION",
        "ubicacion": "Mz.A Lt.11 Jr.Los Naranjos  Urb.Canto Grande "
      }
    },
    {
      "type": "Feature",
      "geometry": {
        "type": "Point",
        "coordinates": [
          -77.017974,
          -11.981833
        ]
      },
      "properties": {
        "nombre": "VECINO - Margoth Aguirre Cavilia\r\n",
        "tipo": "Fija",
        "marca": "HIK VISION",
        "ubicacion": "Jr.Nevados Huascarán N° 133 Sta Elizabeth 2da etapa\r\n"
      }
    },
    {
      "type": "Feature",
      "geometry": {
        "type": "Point",
        "coordinates": [
          -77.017794,
          -11.982716
        ]
      },
      "properties": {
        "nombre": "BETEL COLEGIO - Loyda Salinas",
        "tipo": "Fija",
        "marca": "HIK VISION",
        "ubicacion": "Jr.Nevado Morococha N°2639\r\n"
      }
    },
    {
      "type": "Feature",
      "geometry": {
        "type": "Point",
        "coordinates": [
          -77.013891,
          -11.995876
        ]
      },
      "properties": {
        "nombre": "VECINO - Marta\r\n",
        "tipo": "Fija",
        "marca": "HIK VISION",
        "ubicacion": "Jr los servales 316\r\n"
      }
    },
    {
      "type": "Feature",
      "geometry": {
        "type": "Point",
        "coordinates": [
          -77.013889,
          -11.995874
        ]
      },
      "properties": {
        "nombre": "VECINO - Marta\r\n",
        "tipo": "Fija",
        "marca": "HIK VISION",
        "ubicacion": "Jr los servales 316\r\n"
      }
    },
    {
      "type": "Feature",
      "geometry": {
        "type": "Point",
        "coordinates": [
          -77.013888,
          -11.995871
        ]
      },
      "properties": {
        "nombre": "VECINO - Marta\r\n",
        "tipo": "Fija",
        "marca": "HIK VISION",
        "ubicacion": "Jr los servales 316\r\n"
      }
    },
    {
      "type": "Feature",
      "geometry": {
        "type": "Point",
        "coordinates": [
          -77.005917,
          -12.008523
        ]
      },
      "properties": {
        "nombre": "Elvis Rodrigo",
        "tipo": "Fija",
        "marca": "HIK VISION",
        "ubicacion": "Los huertos 157"
      }
    },
    {
      "type": "Feature",
      "geometry": {
        "type": "Point",
        "coordinates": [
          -77.005917,
          -12.00852
        ]
      },
      "properties": {
        "nombre": "Elvis Rodrigo",
        "tipo": "Fija",
        "marca": "HIK VISION",
        "ubicacion": "Los huertos 157"
      }
    },
    {
      "type": "Feature",
      "geometry": {
        "type": "Point",
        "coordinates": [
          -76.991432,
          -11.967323
        ]
      },
      "properties": {
        "nombre": "VECINO - Luis Calipe",
        "tipo": "Fija",
        "marca": "HIK VISION",
        "ubicacion": "Mz.c lt.31 Jr. Los Ingenieros coop. Huancaray"
      }
    },
    {
      "type": "Feature",
      "geometry": {
        "type": "Point",
        "coordinates": [
          -76.991435,
          -11.967325
        ]
      },
      "properties": {
        "nombre": "VECINO - Luis Calipe",
        "tipo": "Fija",
        "marca": "HIK VISION",
        "ubicacion": "Mz.c lt.31 Jr. Los Ingenieros coop. Huancaray"
      }
    },
    {
      "type": "Feature",
      "geometry": {
        "type": "Point",
        "coordinates": [
          -77.009461,
          -11.98431
        ]
      },
      "properties": {
        "nombre": "VECINO - Carmen Núñez ",
        "tipo": "Fija",
        "marca": "HIK VISION",
        "ubicacion": "Jr Mercurio 168 URB san Carlos "
      }
    },
    {
      "type": "Feature",
      "geometry": {
        "type": "Point",
        "coordinates": [
          -77.009452,
          -11.984313
        ]
      },
      "properties": {
        "nombre": "VECINO - Carmen Núñez ",
        "tipo": "Fija",
        "marca": "HIK VISION",
        "ubicacion": "Jr Mercurio 168 URB san Carlos "
      }
    },
    {
      "type": "Feature",
      "geometry": {
        "type": "Point",
        "coordinates": [
          -77.009467,
          -11.984318
        ]
      },
      "properties": {
        "nombre": "VECINO - Carmen Núñez ",
        "tipo": "Fija",
        "marca": "HIK VISION",
        "ubicacion": "Jr Mercurio 168 URB san Carlos "
      }
    },
    {
      "type": "Feature",
      "geometry": {
        "type": "Point",
        "coordinates": [
          -77.00945,
          -11.984312
        ]
      },
      "properties": {
        "nombre": "VECINO - Carmen Núñez ",
        "tipo": "Fija",
        "marca": "HIK VISION",
        "ubicacion": "Jr Mercurio 168 URB san Carlos "
      }
    },
    {
      "type": "Feature",
      "geometry": {
        "type": "Point",
        "coordinates": [
          -77.003784,
          -11.953432
        ]
      },
      "properties": {
        "nombre": "Fiorela Sofía Paquiyauri chipana",
        "tipo": "Fija",
        "marca": "HIK VISION",
        "ubicacion": "MZ 148Lt. 1 grupo 18 sector B Huascar"
      }
    },
    {
      "type": "Feature",
      "geometry": {
        "type": "Point",
        "coordinates": [
          -76.987802,
          -11.968861
        ]
      },
      "properties": {
        "nombre": "JULIO QUIÑONES",
        "tipo": "Fija",
        "marca": "HIK VISION",
        "ubicacion": "Mz lt10 cooperativa la unión"
      }
    },
    {
      "type": "Feature",
      "geometry": {
        "type": "Point",
        "coordinates": [
          -76.987805,
          -11.968863
        ]
      },
      "properties": {
        "nombre": "JULIO QUIÑONES",
        "tipo": "Fija",
        "marca": "HIK VISION",
        "ubicacion": "Mz lt10 cooperativa la unión"
      }
    },
    {
      "type": "Feature",
      "geometry": {
        "type": "Point",
        "coordinates": [
          -76.988014,
          -11.966423
        ]
      },
      "properties": {
        "nombre": "Nicolai",
        "tipo": "Fija",
        "marca": "HIK VISION",
        "ubicacion": "Mzj lt17 cooperativa de vivienda la unión "
      }
    },
    {
      "type": "Feature",
      "geometry": {
        "type": "Point",
        "coordinates": [
          -76.992752,
          -12.025552
        ]
      },
      "properties": {
        "nombre": "PARQUE ANTUNEZ DE MAYOLO ",
        "tipo": "Domo",
        "marca": "DAHUA",
        "ubicacion": "Jr. Chavin de Huantar / Frente al parque Antunez de Mayolo"
      }
    },
    {
      "type": "Feature",
      "geometry": {
        "type": "Point",
        "coordinates": [
          -77.001505,
          -12.025265
        ]
      },
      "properties": {
        "nombre": "VECINO - NANCY MELCHOR ",
        "tipo": "Fija",
        "marca": "DAHUA",
        "ubicacion": "Jr. antisuyo 419"
      }
    },
    {
      "type": "Feature",
      "geometry": {
        "type": "Point",
        "coordinates": [
          -76.999553,
          -12.001992
        ]
      },
      "properties": {
        "nombre": "Clinica SAN MARCOS",
        "tipo": "Fija",
        "marca": "DAHUA",
        "ubicacion": "AV. SANTA ROSA 1719"
      }
    },
    {
      "type": "Feature",
      "geometry": {
        "type": "Point",
        "coordinates": [
          -76.999504,
          -12.001951
        ]
      },
      "properties": {
        "nombre": "Clinica SAN MARCOS",
        "tipo": "Fija",
        "marca": "DAHUA",
        "ubicacion": "AV. SANTA ROSA 1720"
      }
    },
    {
      "type": "Feature",
      "geometry": {
        "type": "Point",
        "coordinates": [
          -76.999504,
          -12.001949
        ]
      },
      "properties": {
        "nombre": "Clinica SAN MARCOS",
        "tipo": "Fija",
        "marca": "DAHUA",
        "ubicacion": "AV. SANTA ROSA 1721"
      }
    },
    {
      "type": "Feature",
      "geometry": {
        "type": "Point",
        "coordinates": [
          -76.999504,
          -12.001948
        ]
      },
      "properties": {
        "nombre": "Clinica SAN MARCOS",
        "tipo": "Fija",
        "marca": "DAHUA",
        "ubicacion": "AV. SANTA ROSA 1722"
      }
    },
    {
      "type": "Feature",
      "geometry": {
        "type": "Point",
        "coordinates": [
          -76.999504,
          -12.001946
        ]
      },
      "properties": {
        "nombre": "Clinica SAN MARCOS",
        "tipo": "Fija",
        "marca": "DAHUA",
        "ubicacion": "AV. SANTA ROSA 1723"
      }
    },
    {
      "type": "Feature",
      "geometry": {
        "type": "Point",
        "coordinates": [
          -76.999504,
          -12.001953
        ]
      },
      "properties": {
        "nombre": "Clinica SAN MARCOS",
        "tipo": "Fija",
        "marca": "DAHUA",
        "ubicacion": "AV. SANTA ROSA 1724"
      }
    },
    {
      "type": "Feature",
      "geometry": {
        "type": "Point",
        "coordinates": [
          -76.999504,
          -12.00195
        ]
      },
      "properties": {
        "nombre": "Clinica SAN MARCOS",
        "tipo": "Fija",
        "marca": "DAHUA",
        "ubicacion": "AV. SANTA ROSA 1725"
      }
    },
    {
      "type": "Feature",
      "geometry": {
        "type": "Point",
        "coordinates": [
          -76.999492,
          -12.001993
        ]
      },
      "properties": {
        "nombre": "Clinica SAN MARCOS",
        "tipo": "Fija",
        "marca": "DAHUA",
        "ubicacion": "AV. SANTA ROSA 1726"
      }
    },
    {
      "type": "Feature",
      "geometry": {
        "type": "Point",
        "coordinates": [
          -76.999486,
          -12.002001
        ]
      },
      "properties": {
        "nombre": "Clinica SAN MARCOS",
        "tipo": "Fija",
        "marca": "DAHUA",
        "ubicacion": "AV. SANTA ROSA 1727"
      }
    },
    {
      "type": "Feature",
      "geometry": {
        "type": "Point",
        "coordinates": [
          -76.999667,
          -12.002018
        ]
      },
      "properties": {
        "nombre": "Clinica SAN MARCOS",
        "tipo": "Fija",
        "marca": "DAHUA",
        "ubicacion": "AV. SANTA ROSA 1728"
      }
    },
    {
      "type": "Feature",
      "geometry": {
        "type": "Point",
        "coordinates": [
          -76.999653,
          -12.002047
        ]
      },
      "properties": {
        "nombre": "Clinica SAN MARCOS",
        "tipo": "Fija",
        "marca": "DAHUA",
        "ubicacion": "AV. SANTA ROSA 1729"
      }
    },
    {
      "type": "Feature",
      "geometry": {
        "type": "Point",
        "coordinates": [
          -77.004386,
          -12.000487
        ]
      },
      "properties": {
        "nombre": "VICTOR VEGA",
        "tipo": "Fija",
        "marca": "DAHUA",
        "ubicacion": "Av. 13 de enero 1914 urb. Manco inca"
      }
    },
    {
      "type": "Feature",
      "geometry": {
        "type": "Point",
        "coordinates": [
          -77.013523,
          -11.996901
        ]
      },
      "properties": {
        "nombre": "LUIS URBANO ROJAS",
        "tipo": "Fija",
        "marca": "DAHUA",
        "ubicacion": "Jr Los Helechos 320 Urb San Hilarion"
      }
    },
    {
      "type": "Feature",
      "geometry": {
        "type": "Point",
        "coordinates": [
          -77.013597,
          -11.99687
        ]
      },
      "properties": {
        "nombre": "LUIS URBANO ROJAS",
        "tipo": "Fija",
        "marca": "DAHUA",
        "ubicacion": "Jr Los Helechos 320 Urb San Hilarion"
      }
    },
    {
      "type": "Feature",
      "geometry": {
        "type": "Point",
        "coordinates": [
          -77.013397,
          -11.996819
        ]
      },
      "properties": {
        "nombre": "LUIS URBANO ROJAS",
        "tipo": "Fija",
        "marca": "DAHUA",
        "ubicacion": "Jr Los Helechos 320 Urb San Hilarion"
      }
    },
    {
      "type": "Feature",
      "geometry": {
        "type": "Point",
        "coordinates": [
          -76.994837,
          -12.009683
        ]
      },
      "properties": {
        "nombre": "Ridall Garcia",
        "tipo": "Fija",
        "marca": "HIK VISION",
        "ubicacion": "-12,0096830, -76,9948370.  57V5X2R4+43"
      }
    },
    {
      "type": "Feature",
      "geometry": {
        "type": "Point",
        "coordinates": [
          -76.994824,
          -12.009665
        ]
      },
      "properties": {
        "nombre": "Ridall Garcia",
        "tipo": "Fija",
        "marca": "HIK VISION",
        "ubicacion": "-12,0096830, -76,9948370.  57V5X2R4+44"
      }
    },
    {
      "type": "Feature",
      "geometry": {
        "type": "Point",
        "coordinates": [
          -76.994419,
          -12.009862
        ]
      },
      "properties": {
        "nombre": "Edver Mendez Jara\r\n",
        "tipo": "Fija",
        "marca": "HIK VISION",
        "ubicacion": "X2R4+364 San Juan de Lurigancho"
      }
    },
    {
      "type": "Feature",
      "geometry": {
        "type": "Point",
        "coordinates": [
          -76.994417,
          -12.00986
        ]
      },
      "properties": {
        "nombre": "Edver Mendez Jara\r\n",
        "tipo": "Fija",
        "marca": "HIK VISION",
        "ubicacion": "X2R4+364 San Juan de Lurigancho"
      }
    },
    {
      "type": "Feature",
      "geometry": {
        "type": "Point",
        "coordinates": [
          -76.967448,
          -12.021934
        ]
      },
      "properties": {
        "nombre": "KIMBERLY DIAZ",
        "tipo": "Fija",
        "marca": "HIK VISION",
        "ubicacion": "CIPRESES CON CALLE 11 - ESTACIÓN FRUTA"
      }
    },
    {
      "type": "Feature",
      "geometry": {
        "type": "Point",
        "coordinates": [
          -76.967449,
          -12.021936
        ]
      },
      "properties": {
        "nombre": "KIMBERLY DIAZ",
        "tipo": "Fija",
        "marca": "HIK VISION",
        "ubicacion": "CIPRESES CON CALLE 11 - ESTACIÓN FRUTA"
      }
    },
    {
      "type": "Feature",
      "geometry": {
        "type": "Point",
        "coordinates": [
          -77.018737,
          -12.003542
        ]
      },
      "properties": {
        "nombre": "JAQUELINA DAVILA",
        "tipo": "Fija",
        "marca": "DAHUA",
        "ubicacion": "MZ k2 LT 2 canto chico "
      }
    },
    {
      "type": "Feature",
      "geometry": {
        "type": "Point",
        "coordinates": [
          -77.009171,
          -12.026609
        ]
      },
      "properties": {
        "nombre": "Juan Domínguez - PARQUE ATAHUALPA",
        "tipo": "Fija",
        "marca": "HIK VISION",
        "ubicacion": "Parque Atahualpa"
      }
    },
    {
      "type": "Feature",
      "geometry": {
        "type": "Point",
        "coordinates": [
          -77.009517,
          -12.02712
        ]
      },
      "properties": {
        "nombre": "Juan Domínguez - PARQUE ATAHUALPA",
        "tipo": "Fija",
        "marca": "HIK VISION",
        "ubicacion": "Parque Atahualpa"
      }
    },
    {
      "type": "Feature",
      "geometry": {
        "type": "Point",
        "coordinates": [
          -77.009462,
          -12.027216
        ]
      },
      "properties": {
        "nombre": "Juan Domínguez - PARQUE ATAHUALPA",
        "tipo": "Fija",
        "marca": "HIK VISION",
        "ubicacion": "Parque Atahualpa"
      }
    },
    {
      "type": "Feature",
      "geometry": {
        "type": "Point",
        "coordinates": [
          -77.007937,
          -12.02697
        ]
      },
      "properties": {
        "nombre": "Juan Domínguez - PARQUE ATAHUALPA",
        "tipo": "Fija",
        "marca": "HIK VISION",
        "ubicacion": "Parque Atahualpa"
      }
    },
    {
      "type": "Feature",
      "geometry": {
        "type": "Point",
        "coordinates": [
          -77.008939,
          -12.026398
        ]
      },
      "properties": {
        "nombre": "Juan Domínguez - PARQUE ATAHUALPA",
        "tipo": "Fija",
        "marca": "HIK VISION",
        "ubicacion": "Parque Atahualpa"
      }
    },
    {
      "type": "Feature",
      "geometry": {
        "type": "Point",
        "coordinates": [
          -77.007947,
          -12.026912
        ]
      },
      "properties": {
        "nombre": "Juan Domínguez - PARQUE ATAHUALPA",
        "tipo": "Fija",
        "marca": "HIK VISION",
        "ubicacion": "Parque Atahualpa"
      }
    },
    {
      "type": "Feature",
      "geometry": {
        "type": "Point",
        "coordinates": [
          -77.008095,
          -12.026992
        ]
      },
      "properties": {
        "nombre": "Juan Domínguez - PARQUE ATAHUALPA",
        "tipo": "Fija",
        "marca": "HIK VISION",
        "ubicacion": "Parque Atahualpa"
      }
    },
    {
      "type": "Feature",
      "geometry": {
        "type": "Point",
        "coordinates": [
          -77.008253,
          -12.026992
        ]
      },
      "properties": {
        "nombre": "Juan Domínguez - PARQUE ATAHUALPA",
        "tipo": "Fija",
        "marca": "HIK VISION",
        "ubicacion": "Parque Atahualpa"
      }
    },
    {
      "type": "Feature",
      "geometry": {
        "type": "Point",
        "coordinates": [
          -77.008255,
          -12.026996
        ]
      },
      "properties": {
        "nombre": "Juan Domínguez - PARQUE ATAHUALPA",
        "tipo": "Fija",
        "marca": "HIK VISION",
        "ubicacion": "Parque Atahualpa"
      }
    },
    {
      "type": "Feature",
      "geometry": {
        "type": "Point",
        "coordinates": [
          -77.003762,
          -11.942264
        ]
      },
      "properties": {
        "nombre": "Orlando Herna ",
        "tipo": "Fija y domo",
        "marca": "HIK VISION",
        "ubicacion": "AH INTEGRACIÓN, SOLIDARIDAD Y PROGRESO SECTOR  ANTONIO RAIMONDY 1 Y 2"
      }
    },
    {
      "type": "Feature",
      "geometry": {
        "type": "Point",
        "coordinates": [
          -77.003725,
          -11.942301
        ]
      },
      "properties": {
        "nombre": "Orlando Herna ",
        "tipo": "Fija y domo",
        "marca": "HIK VISION",
        "ubicacion": "AH INTEGRACIÓN, SOLIDARIDAD Y PROGRESO SECTOR  ANTONIO RAIMONDY 1 Y 3"
      }
    },
    {
      "type": "Feature",
      "geometry": {
        "type": "Point",
        "coordinates": [
          -77.003788,
          -11.942332
        ]
      },
      "properties": {
        "nombre": "Orlando Herna ",
        "tipo": "Fija y domo",
        "marca": "HIK VISION",
        "ubicacion": "AH INTEGRACIÓN, SOLIDARIDAD Y PROGRESO SECTOR  ANTONIO RAIMONDY 1 Y 4"
      }
    },
    {
      "type": "Feature",
      "geometry": {
        "type": "Point",
        "coordinates": [
          -77.003762,
          -11.942264
        ]
      },
      "properties": {
        "nombre": "Orlando Herna ",
        "tipo": "Fija y domo",
        "marca": "HIK VISION",
        "ubicacion": "AH INTEGRACIÓN, SOLIDARIDAD Y PROGRESO SECTOR  ANTONIO RAIMONDY 1 Y 5"
      }
    },
    {
      "type": "Feature",
      "geometry": {
        "type": "Point",
        "coordinates": [
          -77.00299,
          -11.942049
        ]
      },
      "properties": {
        "nombre": "Orlando Herna ",
        "tipo": "Fija y domo",
        "marca": "HIK VISION",
        "ubicacion": "AH INTEGRACIÓN, SOLIDARIDAD Y PROGRESO SECTOR  ANTONIO RAIMONDY 1 Y 6"
      }
    },
    {
      "type": "Feature",
      "geometry": {
        "type": "Point",
        "coordinates": [
          -77.003029,
          -11.942099
        ]
      },
      "properties": {
        "nombre": "Orlando Herna ",
        "tipo": "Fija y domo",
        "marca": "HIK VISION",
        "ubicacion": "AH INTEGRACIÓN, SOLIDARIDAD Y PROGRESO SECTOR  ANTONIO RAIMONDY 1 Y 7"
      }
    },
    {
      "type": "Feature",
      "geometry": {
        "type": "Point",
        "coordinates": [
          -77.003175,
          -11.941667
        ]
      },
      "properties": {
        "nombre": "Orlando Herna ",
        "tipo": "Fija y domo",
        "marca": "HIK VISION",
        "ubicacion": "AH INTEGRACIÓN, SOLIDARIDAD Y PROGRESO SECTOR  ANTONIO RAIMONDY 1 Y 8"
      }
    },
    {
      "type": "Feature",
      "geometry": {
        "type": "Point",
        "coordinates": [
          -77.002942,
          -11.942282
        ]
      },
      "properties": {
        "nombre": "Orlando Herna ",
        "tipo": "Fija y domo",
        "marca": "HIK VISION",
        "ubicacion": "AH INTEGRACIÓN, SOLIDARIDAD Y PROGRESO SECTOR  ANTONIO RAIMONDY 1 Y 9"
      }
    },
    {
      "type": "Feature",
      "geometry": {
        "type": "Point",
        "coordinates": [
          -77.003649,
          -11.942234
        ]
      },
      "properties": {
        "nombre": "Orlando Herna ",
        "tipo": "Fija y domo",
        "marca": "HIK VISION",
        "ubicacion": "AH INTEGRACIÓN, SOLIDARIDAD Y PROGRESO SECTOR  ANTONIO RAIMONDY 1 Y 10"
      }
    },
    {
      "type": "Feature",
      "geometry": {
        "type": "Point",
        "coordinates": [
          -77.0029,
          -11.94252
        ]
      },
      "properties": {
        "nombre": "Orlando Herna ",
        "tipo": "Fija y domo",
        "marca": "HIK VISION",
        "ubicacion": "AH INTEGRACIÓN, SOLIDARIDAD Y PROGRESO SECTOR  ANTONIO RAIMONDY 1 Y 11"
      }
    },
    {
      "type": "Feature",
      "geometry": {
        "type": "Point",
        "coordinates": [
          -77.002892,
          -11.942014
        ]
      },
      "properties": {
        "nombre": "Orlando Herna ",
        "tipo": "Fija y domo",
        "marca": "HIK VISION",
        "ubicacion": "AH INTEGRACIÓN, SOLIDARIDAD Y PROGRESO SECTOR  ANTONIO RAIMONDY 1 Y 12"
      }
    },
    {
      "type": "Feature",
      "geometry": {
        "type": "Point",
        "coordinates": [
          -77.002906,
          -11.94251
        ]
      },
      "properties": {
        "nombre": "Orlando Herna ",
        "tipo": "Fija y domo",
        "marca": "HIK VISION",
        "ubicacion": "AH INTEGRACIÓN, SOLIDARIDAD Y PROGRESO SECTOR  ANTONIO RAIMONDY 1 Y 13"
      }
    },
    {
      "type": "Feature",
      "geometry": {
        "type": "Point",
        "coordinates": [
          -77.002905,
          -11.942509
        ]
      },
      "properties": {
        "nombre": "Orlando Herna ",
        "tipo": "Fija y domo",
        "marca": "HIK VISION",
        "ubicacion": "AH INTEGRACIÓN, SOLIDARIDAD Y PROGRESO SECTOR  ANTONIO RAIMONDY 1 Y 14"
      }
    },
    {
      "type": "Feature",
      "geometry": {
        "type": "Point",
        "coordinates": [
          -77.002902,
          -11.942506
        ]
      },
      "properties": {
        "nombre": "Orlando Herna ",
        "tipo": "Fija y domo",
        "marca": "HIK VISION",
        "ubicacion": "AH INTEGRACIÓN, SOLIDARIDAD Y PROGRESO SECTOR  ANTONIO RAIMONDY 1 Y 15"
      }
    },
    {
      "type": "Feature",
      "geometry": {
        "type": "Point",
        "coordinates": [
          -77.002903,
          -11.942511
        ]
      },
      "properties": {
        "nombre": "Orlando Herna ",
        "tipo": "Fija y domo",
        "marca": "HIK VISION",
        "ubicacion": "AH INTEGRACIÓN, SOLIDARIDAD Y PROGRESO SECTOR  ANTONIO RAIMONDY 1 Y 16"
      }
    },
    {
      "type": "Feature",
      "geometry": {
        "type": "Point",
        "coordinates": [
          -76.984657,
          -11.956891
        ]
      },
      "properties": {
        "nombre": "Ruth Reyes",
        "tipo": null,
        "marca": "HIK VISION",
        "ubicacion": "Parque central mza. C Bayovar"
      }
    },
    {
      "type": "Feature",
      "geometry": {
        "type": "Point",
        "coordinates": [
          -76.984468,
          -11.956746
        ]
      },
      "properties": {
        "nombre": "Ruth Reyes",
        "tipo": null,
        "marca": "HIK VISION",
        "ubicacion": "Parque central mza. C Bayovar"
      }
    },
    {
      "type": "Feature",
      "geometry": {
        "type": "Point",
        "coordinates": [
          -76.984563,
          -11.956817
        ]
      },
      "properties": {
        "nombre": "Ruth Reyes",
        "tipo": null,
        "marca": "HIK VISION",
        "ubicacion": "Parque central mza. C Bayovar"
      }
    },
    {
      "type": "Feature",
      "geometry": {
        "type": "Point",
        "coordinates": [
          -76.9847,
          -11.956751
        ]
      },
      "properties": {
        "nombre": "Ruth Reyes",
        "tipo": null,
        "marca": "HIK VISION",
        "ubicacion": "Parque central mza. C Bayovar"
      }
    },
    {
      "type": "Feature",
      "geometry": {
        "type": "Point",
        "coordinates": [
          -76.984692,
          -11.957017
        ]
      },
      "properties": {
        "nombre": "Ruth Reyes",
        "tipo": null,
        "marca": "HIK VISION",
        "ubicacion": "Parque central mza. C Bayovar"
      }
    },
    {
      "type": "Feature",
      "geometry": {
        "type": "Point",
        "coordinates": [
          -76.984935,
          -11.9567
        ]
      },
      "properties": {
        "nombre": "Ruth Reyes",
        "tipo": null,
        "marca": "HIK VISION",
        "ubicacion": "Parque central mza. C Bayovar"
      }
    },
    {
      "type": "Feature",
      "geometry": {
        "type": "Point",
        "coordinates": [
          -76.984848,
          -11.956698
        ]
      },
      "properties": {
        "nombre": "Ruth Reyes",
        "tipo": null,
        "marca": "HIK VISION",
        "ubicacion": "Parque central mza. C Bayovar"
      }
    },
    {
      "type": "Feature",
      "geometry": {
        "type": "Point",
        "coordinates": [
          -76.984741,
          -11.956879
        ]
      },
      "properties": {
        "nombre": "Ruth Reyes",
        "tipo": null,
        "marca": "HIK VISION",
        "ubicacion": "Parque central mza. C Bayovar"
      }
    },
    {
      "type": "Feature",
      "geometry": {
        "type": "Point",
        "coordinates": [
          -76.984587,
          -11.956666
        ]
      },
      "properties": {
        "nombre": "Ruth Reyes",
        "tipo": null,
        "marca": "HIK VISION",
        "ubicacion": "Parque central mza. C Bayovar"
      }
    },
    {
      "type": "Feature",
      "geometry": {
        "type": "Point",
        "coordinates": [
          -76.984624,
          -11.956896
        ]
      },
      "properties": {
        "nombre": "Ruth Reyes",
        "tipo": null,
        "marca": "HIK VISION",
        "ubicacion": "Parque central mza. C Bayovar"
      }
    },
    {
      "type": "Feature",
      "geometry": {
        "type": "Point",
        "coordinates": [
          -76.984801,
          -11.956703
        ]
      },
      "properties": {
        "nombre": "Ruth Reyes",
        "tipo": null,
        "marca": "HIK VISION",
        "ubicacion": "Parque central mza. C Bayovar"
      }
    },
    {
      "type": "Feature",
      "geometry": {
        "type": "Point",
        "coordinates": [
          -76.984753,
          -11.949978
        ]
      },
      "properties": {
        "nombre": "Martina Cruz",
        "tipo": "Fija",
        "marca": " HIK VISION",
        "ubicacion": "Alameda Elias Aguirre Mza. J espalda el padrino"
      }
    },
    {
      "type": "Feature",
      "geometry": {
        "type": "Point",
        "coordinates": [
          -76.98475,
          -11.949975
        ]
      },
      "properties": {
        "nombre": "Martina Cruz",
        "tipo": "Fija",
        "marca": " HIK VISION",
        "ubicacion": "Alameda Elias Aguirre Mza. J espalda el padrino"
      }
    },
    {
      "type": "Feature",
      "geometry": {
        "type": "Point",
        "coordinates": [
          -76.978063,
          -11.949991
        ]
      },
      "properties": {
        "nombre": "Gisell Montenegro",
        "tipo": "Fija",
        "marca": "HIK VISION",
        "ubicacion": "Colegio SANTA MARIA DE FATIMA"
      }
    },
    {
      "type": "Feature",
      "geometry": {
        "type": "Point",
        "coordinates": [
          -77.002666,
          -12.014801
        ]
      },
      "properties": {
        "nombre": "Marcos Chapoñan",
        "tipo": "Fija",
        "marca": "DAHUA",
        "ubicacion": "Jr las lausonias"
      }
    },
    {
      "type": "Feature",
      "geometry": {
        "type": "Point",
        "coordinates": [
          -77.002661,
          -12.0148
        ]
      },
      "properties": {
        "nombre": "Marcos Chapoñan",
        "tipo": "Fija",
        "marca": "DAHUA",
        "ubicacion": "Jr las lausonias"
      }
    },
    {
      "type": "Feature",
      "geometry": {
        "type": "Point",
        "coordinates": [
          -77.003581,
          -12.016353
        ]
      },
      "properties": {
        "nombre": "Gustavo sobero - Sr.Rafael Cuenca presidente del junta vecinal",
        "tipo": "Fija",
        "marca": "DAHUA",
        "ubicacion": "Parque CORINTHIANS - JR LOS PAPIROS"
      }
    },
    {
      "type": "Feature",
      "geometry": {
        "type": "Point",
        "coordinates": [
          -77.00358,
          -12.01635
        ]
      },
      "properties": {
        "nombre": "Gustavo sobero - Sr.Rafael Cuenca presidente del junta vecinal",
        "tipo": "Fija",
        "marca": "DAHUA",
        "ubicacion": "Parque CORINTHIANS - JR LOS PAPIROS"
      }
    },
    {
      "type": "Feature",
      "geometry": {
        "type": "Point",
        "coordinates": [
          -77.003579,
          -12.016352
        ]
      },
      "properties": {
        "nombre": "Gustavo sobero - Sr.Rafael Cuenca presidente del junta vecinal",
        "tipo": "Fija",
        "marca": "DAHUA",
        "ubicacion": "Parque CORINTHIANS - JR LOS PAPIROS"
      }
    },
    {
      "type": "Feature",
      "geometry": {
        "type": "Point",
        "coordinates": [
          -77.003578,
          -12.016351
        ]
      },
      "properties": {
        "nombre": "Gustavo sobero - Sr.Rafael Cuenca presidente del junta vecinal",
        "tipo": "Fija",
        "marca": "DAHUA",
        "ubicacion": "Parque CORINTHIANS - JR LOS PAPIROS"
      }
    },
    {
      "type": "Feature",
      "geometry": {
        "type": "Point",
        "coordinates": [
          -77.002954,
          -12.017011
        ]
      },
      "properties": {
        "nombre": "Veronica vasquez peña",
        "tipo": "Fija",
        "marca": "HIK VISION",
        "ubicacion": "Espalda de grifo petroperu - Los Jardines 2da etapa"
      }
    },
    {
      "type": "Feature",
      "geometry": {
        "type": "Point",
        "coordinates": [
          -77.00295,
          -12.017009
        ]
      },
      "properties": {
        "nombre": "Veronica vasquez peña",
        "tipo": "Fija",
        "marca": "HIK VISION",
        "ubicacion": "Espalda de grifo petroperu - Los Jardines 2da etapa"
      }
    },
    {
      "type": "Feature",
      "geometry": {
        "type": "Point",
        "coordinates": [
          -77.002949,
          -12.017
        ]
      },
      "properties": {
        "nombre": "Veronica vasquez peña",
        "tipo": "Fija",
        "marca": "HIK VISION",
        "ubicacion": "Espalda de grifo petroperu - Los Jardines 2da etapa"
      }
    },
    {
      "type": "Feature",
      "geometry": {
        "type": "Point",
        "coordinates": [
          -77.002948,
          -12.01701
        ]
      },
      "properties": {
        "nombre": "Veronica vasquez peña",
        "tipo": "Fija",
        "marca": "HIK VISION",
        "ubicacion": "Espalda de grifo petroperu - Los Jardines 2da etapa"
      }
    },
    {
      "type": "Feature",
      "geometry": {
        "type": "Point",
        "coordinates": [
          -76.989622,
          -11.960098
        ]
      },
      "properties": {
        "nombre": "VECINO - NANCY MAMANI",
        "tipo": "Fija",
        "marca": "HIK VISION",
        "ubicacion": "MZ N4 lote 1 JR París"
      }
    },
    {
      "type": "Feature",
      "geometry": {
        "type": "Point",
        "coordinates": [
          -76.98962,
          -11.960095
        ]
      },
      "properties": {
        "nombre": "VECINO - NANCY MAMANI",
        "tipo": "Fija",
        "marca": "HIK VISION",
        "ubicacion": "MZ N4 lote 1 JR París"
      }
    },
    {
      "type": "Feature",
      "geometry": {
        "type": "Point",
        "coordinates": [
          -76.989618,
          -11.960091
        ]
      },
      "properties": {
        "nombre": "VECINO - NANCY MAMANI",
        "tipo": "Fija",
        "marca": "HIK VISION",
        "ubicacion": "MZ N4 lote 1 JR París"
      }
    },
    {
      "type": "Feature",
      "geometry": {
        "type": "Point",
        "coordinates": [
          -77.004757,
          -11.998006
        ]
      },
      "properties": {
        "nombre": "VECINO - Antony Quispe",
        "tipo": "Fija",
        "marca": "HIK VISION",
        "ubicacion": "Calle las turquezas 432 inca manco capac"
      }
    },
    {
      "type": "Feature",
      "geometry": {
        "type": "Point",
        "coordinates": [
          -77.00475,
          -11.998002
        ]
      },
      "properties": {
        "nombre": "VECINO - Antony Quispe",
        "tipo": "Fija",
        "marca": "HIK VISION",
        "ubicacion": "Calle las turquezas 432 inca manco capac"
      }
    },
    {
      "type": "Feature",
      "geometry": {
        "type": "Point",
        "coordinates": [
          -76.999865,
          -11.975518
        ]
      },
      "properties": {
        "nombre": "VECINO - Juan Beltrán Brañez",
        "tipo": "Fija",
        "marca": "HIK VISION",
        "ubicacion": "Av. Canto Rey # 414 Urb Canto rey"
      }
    },
    {
      "type": "Feature",
      "geometry": {
        "type": "Point",
        "coordinates": [
          -76.995582,
          -11.967526
        ]
      },
      "properties": {
        "nombre": "VECINO - David Huamani juyo",
        "tipo": "Fija",
        "marca": "HIK VISION",
        "ubicacion": "Av.santa rosa #153"
      }
    },
    {
      "type": "Feature",
      "geometry": {
        "type": "Point",
        "coordinates": [
          -76.995556,
          -11.96754
        ]
      },
      "properties": {
        "nombre": "VECINO - David Huamani juyo",
        "tipo": "Fija",
        "marca": "HIK VISION",
        "ubicacion": "Av.santa rosa #153"
      }
    },
    {
      "type": "Feature",
      "geometry": {
        "type": "Point",
        "coordinates": [
          -77.012245,
          -11.98668
        ]
      },
      "properties": {
        "nombre": "VECINO - Ricardo Paul Injante Guzman",
        "tipo": "Fija",
        "marca": "HIK VISION",
        "ubicacion": "Jr Satélite N'222 Urb Santa Elizabeth"
      }
    },
    {
      "type": "Feature",
      "geometry": {
        "type": "Point",
        "coordinates": [
          -76.993122,
          -11.969469
        ]
      },
      "properties": {
        "nombre": "Yime Yoel Urrutia Perez - LOCAL COMERCIAL",
        "tipo": "Fija",
        "marca": "HIK VISION",
        "ubicacion": "Jr Los Ingenieros MzC13 Lote 04 AA.HH Eduardo de la Pinella"
      }
    },
    {
      "type": "Feature",
      "geometry": {
        "type": "Point",
        "coordinates": [
          -76.993088,
          -11.969415
        ]
      },
      "properties": {
        "nombre": "Yime Yoel Urrutia Perez - LOCAL COMERCIAL",
        "tipo": "Fija",
        "marca": "HIK VISION",
        "ubicacion": "Jr Los Ingenieros MzC13 Lote 04 AA.HH Eduardo de la Pinella"
      }
    },
    {
      "type": "Feature",
      "geometry": {
        "type": "Point",
        "coordinates": [
          -76.978524,
          -11.955729
        ]
      },
      "properties": {
        "nombre": "VECINO - MANUEL SULLUCHUCO",
        "tipo": "Fija",
        "marca": "HIK VISION",
        "ubicacion": "Mz H s/N aa.hh Tupac. Amaru 2do canto rey"
      }
    },
    {
      "type": "Feature",
      "geometry": {
        "type": "Point",
        "coordinates": [
          -76.9788,
          -11.955449
        ]
      },
      "properties": {
        "nombre": "VECINO - MANUEL SULLUCHUCO",
        "tipo": "Fija",
        "marca": "HIK VISION",
        "ubicacion": "Mz H s/N aa.hh Tupac. Amaru 2do canto rey"
      }
    },
    {
      "type": "Feature",
      "geometry": {
        "type": "Point",
        "coordinates": [
          -76.978887,
          -11.955779
        ]
      },
      "properties": {
        "nombre": "VECINO - MANUEL SULLUCHUCO",
        "tipo": "Fija",
        "marca": "HIK VISION",
        "ubicacion": "Mz H s/N aa.hh Tupac. Amaru 2do canto rey"
      }
    },
    {
      "type": "Feature",
      "geometry": {
        "type": "Point",
        "coordinates": [
          -76.977732,
          -11.95571
        ]
      },
      "properties": {
        "nombre": "VECINO - MANUEL SULLUCHUCO",
        "tipo": "Fija",
        "marca": "HIK VISION",
        "ubicacion": "Mz H s/N aa.hh Tupac. Amaru 2do canto rey"
      }
    },
    {
      "type": "Feature",
      "geometry": {
        "type": "Point",
        "coordinates": [
          -76.97716,
          -11.956247
        ]
      },
      "properties": {
        "nombre": "VECINO - MANUEL SULLUCHUCO",
        "tipo": "Fija",
        "marca": "HIK VISION",
        "ubicacion": "Mz H s/N aa.hh Tupac. Amaru 2do canto rey"
      }
    },
    {
      "type": "Feature",
      "geometry": {
        "type": "Point",
        "coordinates": [
          -76.977161,
          -11.956248
        ]
      },
      "properties": {
        "nombre": "VECINO - MANUEL SULLUCHUCO",
        "tipo": "Fija",
        "marca": "HIK VISION",
        "ubicacion": "Mz H s/N aa.hh Tupac. Amaru 2do canto rey"
      }
    },
    {
      "type": "Feature",
      "geometry": {
        "type": "Point",
        "coordinates": [
          -76.977959,
          -11.956858
        ]
      },
      "properties": {
        "nombre": "VECINO - MANUEL SULLUCHUCO",
        "tipo": "Fija",
        "marca": "HIK VISION",
        "ubicacion": "Mz H s/N aa.hh Tupac. Amaru 2do canto rey"
      }
    },
    {
      "type": "Feature",
      "geometry": {
        "type": "Point",
        "coordinates": [
          -76.977266,
          -11.956408
        ]
      },
      "properties": {
        "nombre": "VECINO - MANUEL SULLUCHUCO",
        "tipo": "Fija",
        "marca": "HIK VISION",
        "ubicacion": "Mz H s/N aa.hh Tupac. Amaru 2do canto rey"
      }
    },
    {
      "type": "Feature",
      "geometry": {
        "type": "Point",
        "coordinates": [
          -76.976159,
          -11.956952
        ]
      },
      "properties": {
        "nombre": "VECINO - MANUEL SULLUCHUCO",
        "tipo": "Fija",
        "marca": "HIK VISION",
        "ubicacion": "Mz H s/N aa.hh Tupac. Amaru 2do canto rey"
      }
    },
    {
      "type": "Feature",
      "geometry": {
        "type": "Point",
        "coordinates": [
          -76.977237,
          -11.957131
        ]
      },
      "properties": {
        "nombre": "VECINO - MANUEL SULLUCHUCO",
        "tipo": "Fija",
        "marca": "HIK VISION",
        "ubicacion": "Mz H s/N aa.hh Tupac. Amaru 2do canto rey"
      }
    },
    {
      "type": "Feature",
      "geometry": {
        "type": "Point",
        "coordinates": [
          -76.976486,
          -11.956673
        ]
      },
      "properties": {
        "nombre": "VECINO - MANUEL SULLUCHUCO",
        "tipo": "Fija",
        "marca": "HIK VISION",
        "ubicacion": "Mz H s/N aa.hh Tupac. Amaru 2do canto rey"
      }
    },
    {
      "type": "Feature",
      "geometry": {
        "type": "Point",
        "coordinates": [
          -76.978424,
          -11.955635
        ]
      },
      "properties": {
        "nombre": "VECINO - MANUEL SULLUCHUCO",
        "tipo": "Fija",
        "marca": "HIK VISION",
        "ubicacion": "Mz H s/N aa.hh Tupac. Amaru 2do canto rey"
      }
    },
    {
      "type": "Feature",
      "geometry": {
        "type": "Point",
        "coordinates": [
          -76.978524,
          -11.955729
        ]
      },
      "properties": {
        "nombre": "VECINO - MANUEL SULLUCHUCO",
        "tipo": "Fija",
        "marca": "HIK VISION",
        "ubicacion": "Mz H s/N aa.hh Tupac. Amaru 2do canto rey"
      }
    },
    {
      "type": "Feature",
      "geometry": {
        "type": "Point",
        "coordinates": [
          -76.978524,
          -11.955729
        ]
      },
      "properties": {
        "nombre": "VECINO - MANUEL SULLUCHUCO",
        "tipo": "Fija",
        "marca": "HIK VISION",
        "ubicacion": "Mz H s/N aa.hh Tupac. Amaru 2do canto rey"
      }
    },
    {
      "type": "Feature",
      "geometry": {
        "type": "Point",
        "coordinates": [
          -76.998666,
          -11.939335
        ]
      },
      "properties": {
        "nombre": "Botica bazarluz",
        "tipo": "Fija",
        "marca": "HIK VISION",
        "ubicacion": "JR.cgama mz n20 lt 4 asoci. De viviendas Casablanca"
      }
    },
    {
      "type": "Feature",
      "geometry": {
        "type": "Point",
        "coordinates": [
          -77.005965,
          -11.973827
        ]
      },
      "properties": {
        "nombre": "VECINO - Manuel bailon",
        "tipo": "Fija",
        "marca": "HIK VISION",
        "ubicacion": "Calle san martín s/n urb. San Rafael"
      }
    },
    {
      "type": "Feature",
      "geometry": {
        "type": "Point",
        "coordinates": [
          -77.005414,
          -11.97322
        ]
      },
      "properties": {
        "nombre": "VECINO - Manuel bailon",
        "tipo": "Fija",
        "marca": "HIK VISION",
        "ubicacion": "Calle san martín s/n urb. San Rafael"
      }
    },
    {
      "type": "Feature",
      "geometry": {
        "type": "Point",
        "coordinates": [
          -77.005894,
          -11.973714
        ]
      },
      "properties": {
        "nombre": "VECINO - Manuel bailon",
        "tipo": "Fija",
        "marca": "HIK VISION",
        "ubicacion": "Calle san martín s/n urb. San Rafael"
      }
    },
    {
      "type": "Feature",
      "geometry": {
        "type": "Point",
        "coordinates": [
          -77.004211,
          -11.974734
        ]
      },
      "properties": {
        "nombre": "VECINO - Manuel bailon",
        "tipo": "Fija",
        "marca": "HIK VISION",
        "ubicacion": "Calle san martín s/n urb. San Rafael"
      }
    },
    {
      "type": "Feature",
      "geometry": {
        "type": "Point",
        "coordinates": [
          -77.004469,
          -11.974339
        ]
      },
      "properties": {
        "nombre": "VECINO - Manuel bailon",
        "tipo": "Fija",
        "marca": "HIK VISION",
        "ubicacion": "Calle san martín s/n urb. San Rafael"
      }
    },
    {
      "type": "Feature",
      "geometry": {
        "type": "Point",
        "coordinates": [
          -77.004751,
          -11.973953
        ]
      },
      "properties": {
        "nombre": "VECINO - Manuel bailon",
        "tipo": "Fija",
        "marca": "HIK VISION",
        "ubicacion": "Calle san martín s/n urb. San Rafael"
      }
    },
    {
      "type": "Feature",
      "geometry": {
        "type": "Point",
        "coordinates": [
          -77.002845,
          -11.976424
        ]
      },
      "properties": {
        "nombre": "I.E NICOLÁS COPÉRNICO - JOSÉ CASTRO",
        "tipo": "Fija",
        "marca": "HIK VISION",
        "ubicacion": "Av. Fernando wiesse S/N cuadra 33 Urb Canto Rey"
      }
    },
    {
      "type": "Feature",
      "geometry": {
        "type": "Point",
        "coordinates": [
          -77.002845,
          -11.976424
        ]
      },
      "properties": {
        "nombre": "I.E NICOLÁS COPÉRNICO - JOSÉ CASTRO",
        "tipo": "Fija",
        "marca": "HIK VISION",
        "ubicacion": "Av. Fernando wiesse S/N cuadra 33 Urb Canto Rey"
      }
    },
    {
      "type": "Feature",
      "geometry": {
        "type": "Point",
        "coordinates": [
          -77.012329,
          -11.985094
        ]
      },
      "properties": {
        "nombre": "VECINO - MARIBEL ZAMORA",
        "tipo": "Fija",
        "marca": "HIK VISION",
        "ubicacion": "Jr. Júpiter 300"
      }
    },
    {
      "type": "Feature",
      "geometry": {
        "type": "Point",
        "coordinates": [
          -77.012353,
          -11.98517
        ]
      },
      "properties": {
        "nombre": "VECINO - MARIBEL ZAMORA",
        "tipo": "Fija",
        "marca": "HIK VISION",
        "ubicacion": "Jr. Júpiter 300"
      }
    },
    {
      "type": "Feature",
      "geometry": {
        "type": "Point",
        "coordinates": [
          -77.012342,
          -11.984757
        ]
      },
      "properties": {
        "nombre": "VECINO - MARIBEL ZAMORA",
        "tipo": "Fija",
        "marca": "HIK VISION",
        "ubicacion": "Jr. Júpiter 300"
      }
    },
    {
      "type": "Feature",
      "geometry": {
        "type": "Point",
        "coordinates": [
          -77.012441,
          -11.98519
        ]
      },
      "properties": {
        "nombre": "VECINO - MARIBEL ZAMORA",
        "tipo": "Fija",
        "marca": "HIK VISION",
        "ubicacion": "Jr. Júpiter 300"
      }
    },
    {
      "type": "Feature",
      "geometry": {
        "type": "Point",
        "coordinates": [
          -77.002884,
          -12.011288
        ]
      },
      "properties": {
        "nombre": "Tia Ishanga",
        "tipo": "Fija",
        "marca": "HIK VISION",
        "ubicacion": " Av. Próceres de la Independencia 1375"
      }
    },
    {
      "type": "Feature",
      "geometry": {
        "type": "Point",
        "coordinates": [
          -77.002927,
          -12.011284
        ]
      },
      "properties": {
        "nombre": "Tia Ishanga",
        "tipo": "Fija",
        "marca": "HIK VISION",
        "ubicacion": " Av. Próceres de la Independencia 1375"
      }
    },
    {
      "type": "Feature",
      "geometry": {
        "type": "Point",
        "coordinates": [
          -76.984969,
          -12.01803
        ]
      },
      "properties": {
        "nombre": "VECINO -Pejerrey barrejo",
        "tipo": "Fija",
        "marca": "HIK VISION",
        "ubicacion": "Calle tacoymana 1757 urb. Mangomarca"
      }
    },
    {
      "type": "Feature",
      "geometry": {
        "type": "Point",
        "coordinates": [
          -76.984969,
          -12.01803
        ]
      },
      "properties": {
        "nombre": "VECINO -Pejerrey barrejo",
        "tipo": "Fija",
        "marca": "HIK VISION",
        "ubicacion": "Calle tacoymana 1757 urb. Mangomarca"
      }
    },
    {
      "type": "Feature",
      "geometry": {
        "type": "Point",
        "coordinates": [
          -76.984904,
          -12.018036
        ]
      },
      "properties": {
        "nombre": "VECINO -Pejerrey barrejo",
        "tipo": "Fija",
        "marca": "HIK VISION",
        "ubicacion": "Calle tacoymana 1757 urb. Mangomarca"
      }
    },
    {
      "type": "Feature",
      "geometry": {
        "type": "Point",
        "coordinates": [
          -76.984904,
          -12.018036
        ]
      },
      "properties": {
        "nombre": "VECINO -Pejerrey barrejo",
        "tipo": "Fija",
        "marca": "HIK VISION",
        "ubicacion": "Calle tacoymana 1757 urb. Mangomarca"
      }
    },
    {
      "type": "Feature",
      "geometry": {
        "type": "Point",
        "coordinates": [
          -76.985222,
          -12.018633
        ]
      },
      "properties": {
        "nombre": "VECINO -Pejerrey barrejo",
        "tipo": "Fija",
        "marca": "HIK VISION",
        "ubicacion": "Calle tacoymana 1757 urb. Mangomarca"
      }
    },
    {
      "type": "Feature",
      "geometry": {
        "type": "Point",
        "coordinates": [
          -76.985222,
          -12.018633
        ]
      },
      "properties": {
        "nombre": "VECINO -Pejerrey barrejo",
        "tipo": "Fija",
        "marca": "HIK VISION",
        "ubicacion": "Calle tacoymana 1757 urb. Mangomarca"
      }
    },
    {
      "type": "Feature",
      "geometry": {
        "type": "Point",
        "coordinates": [
          -76.993957,
          -11.980958
        ]
      },
      "properties": {
        "nombre": "MARIANELA GALVAN",
        "tipo": "Fija",
        "marca": "DAHUA",
        "ubicacion": "Calle los cocalenos  805 URB semi rústica canto grande "
      }
    },
    {
      "type": "Feature",
      "geometry": {
        "type": "Point",
        "coordinates": [
          -76.993956,
          -11.980943
        ]
      },
      "properties": {
        "nombre": "MARIANELA GALVAN",
        "tipo": "Fija",
        "marca": "DAHUA",
        "ubicacion": "Calle los cocalenos  805 URB semi rústica canto grande "
      }
    },
    {
      "type": "Feature",
      "geometry": {
        "type": "Point",
        "coordinates": [
          -76.99388,
          -11.980763
        ]
      },
      "properties": {
        "nombre": "MARIANELA GALVAN",
        "tipo": "Fija",
        "marca": "DAHUA",
        "ubicacion": "Calle los cocalenos  805 URB semi rústica canto grande "
      }
    },
    {
      "type": "Feature",
      "geometry": {
        "type": "Point",
        "coordinates": [
          -76.993562,
          -11.981121
        ]
      },
      "properties": {
        "nombre": "MARIANELA GALVAN",
        "tipo": "Fija",
        "marca": "DAHUA",
        "ubicacion": "Calle los cocalenos  805 URB semi rústica canto grande "
      }
    },
    {
      "type": "Feature",
      "geometry": {
        "type": "Point",
        "coordinates": [
          -76.993875,
          -11.981065
        ]
      },
      "properties": {
        "nombre": "MARIANELA GALVAN",
        "tipo": "Fija",
        "marca": "DAHUA",
        "ubicacion": "Calle los cocalenos  805 URB semi rústica canto grande "
      }
    },
    {
      "type": "Feature",
      "geometry": {
        "type": "Point",
        "coordinates": [
          -77.01102,
          -11.989205
        ]
      },
      "properties": {
        "nombre": "ORESTEDES TELLO",
        "tipo": "Fija",
        "marca": "DAHUA",
        "ubicacion": "Av.Jorge Basadre oeste #188"
      }
    },
    {
      "type": "Feature",
      "geometry": {
        "type": "Point",
        "coordinates": [
          -77.01103,
          -11.989207
        ]
      },
      "properties": {
        "nombre": "ORESTEDES TELLO",
        "tipo": "Fija",
        "marca": "DAHUA",
        "ubicacion": "Av.Jorge Basadre oeste #189"
      }
    },
    {
      "type": "Feature",
      "geometry": {
        "type": "Point",
        "coordinates": [
          -76.987793,
          -11.936069
        ]
      },
      "properties": {
        "nombre": "EDITH CARMIÑA",
        "tipo": "Fija",
        "marca": "DAHUA",
        "ubicacion": "AL FRENTE DEL COLEGIO RAYITO EL SOL"
      }
    },
    {
      "type": "Feature",
      "geometry": {
        "type": "Point",
        "coordinates": [
          -76.98779,
          -11.936067
        ]
      },
      "properties": {
        "nombre": "EDITH CARMIÑA",
        "tipo": "Fija",
        "marca": "DAHUA",
        "ubicacion": "AL FRENTE DEL COLEGIO RAYITO EL SOL"
      }
    },
    {
      "type": "Feature",
      "geometry": {
        "type": "Point",
        "coordinates": [
          -76.98778,
          -11.93606
        ]
      },
      "properties": {
        "nombre": "EDITH CARMIÑA",
        "tipo": "Fija",
        "marca": "DAHUA",
        "ubicacion": "AL FRENTE DEL COLEGIO RAYITO EL SOL"
      }
    },
    {
      "type": "Feature",
      "geometry": {
        "type": "Point",
        "coordinates": [
          -76.987798,
          -11.936069
        ]
      },
      "properties": {
        "nombre": "EDITH CARMIÑA",
        "tipo": "Fija",
        "marca": "DAHUA",
        "ubicacion": "AL FRENTE DEL COLEGIO RAYITO EL SOL"
      }
    },
    {
      "type": "Feature",
      "geometry": {
        "type": "Point",
        "coordinates": [
          -76.962321,
          -11.972152
        ]
      },
      "properties": {
        "nombre": "VECINO - WALTER SALINAS MALPARTIDA",
        "tipo": "FIJA",
        "marca": "HIK VISION",
        "ubicacion": "Asociación centro poblado las lomas de san Antonio"
      }
    },
    {
      "type": "Feature",
      "geometry": {
        "type": "Point",
        "coordinates": [
          -76.962925,
          -11.972152
        ]
      },
      "properties": {
        "nombre": "VECINO - WALTER SALINAS MALPARTIDA",
        "tipo": "FIJA",
        "marca": "HIK VISION",
        "ubicacion": "Asociación centro poblado las lomas de san Antonio"
      }
    },
    {
      "type": "Feature",
      "geometry": {
        "type": "Point",
        "coordinates": [
          -76.963096,
          -11.97158
        ]
      },
      "properties": {
        "nombre": "VECINO - WALTER SALINAS MALPARTIDA",
        "tipo": "DOMO",
        "marca": "HIK VISION",
        "ubicacion": "Asociación centro poblado las lomas de san Antonio"
      }
    },
    {
      "type": "Feature",
      "geometry": {
        "type": "Point",
        "coordinates": [
          -76.962491,
          -11.972026
        ]
      },
      "properties": {
        "nombre": "VECINO - WALTER SALINAS MALPARTIDA",
        "tipo": "FIJA",
        "marca": "HIK VISION",
        "ubicacion": "Asociación centro poblado las lomas de san Antonio"
      }
    },
    {
      "type": "Feature",
      "geometry": {
        "type": "Point",
        "coordinates": [
          -76.962491,
          -11.972026
        ]
      },
      "properties": {
        "nombre": "VECINO - WALTER SALINAS MALPARTIDA",
        "tipo": "DOMO",
        "marca": "HIK VISION",
        "ubicacion": "Asociación centro poblado las lomas de san Antonio"
      }
    },
    {
      "type": "Feature",
      "geometry": {
        "type": "Point",
        "coordinates": [
          -76.962491,
          -11.972026
        ]
      },
      "properties": {
        "nombre": "VECINO - WALTER SALINAS MALPARTIDA",
        "tipo": "DOMO",
        "marca": "HIK VISION",
        "ubicacion": "Asociación centro poblado las lomas de san Antonio"
      }
    },
    {
      "type": "Feature",
      "geometry": {
        "type": "Point",
        "coordinates": [
          -76.962491,
          -11.972026
        ]
      },
      "properties": {
        "nombre": "VECINO - WALTER SALINAS MALPARTIDA",
        "tipo": "DOMO",
        "marca": "HIK VISION",
        "ubicacion": "Asociación centro poblado las lomas de san Antonio"
      }
    },
    {
      "type": "Feature",
      "geometry": {
        "type": "Point",
        "coordinates": [
          -76.962491,
          -11.972026
        ]
      },
      "properties": {
        "nombre": "VECINO - WALTER SALINAS MALPARTIDA",
        "tipo": "FIJA",
        "marca": "HIK VISION",
        "ubicacion": "Asociación centro poblado las lomas de san Antonio"
      }
    },
    {
      "type": "Feature",
      "geometry": {
        "type": "Point",
        "coordinates": [
          -76.998802,
          -12.002741
        ]
      },
      "properties": {
        "nombre": "CHIFA LIZ (LIZ LILIANA GUERRERO RAMOS)",
        "tipo": "FIJA",
        "marca": "HIK VISION",
        "ubicacion": "Av Jardines Este#710 Urb Inca Manco Capac 2 etapa"
      }
    },
    {
      "type": "Feature",
      "geometry": {
        "type": "Point",
        "coordinates": [
          -76.9988,
          -12.00274
        ]
      },
      "properties": {
        "nombre": "CHIFA LIZ (LIZ LILIANA GUERRERO RAMOS)",
        "tipo": "FIJA",
        "marca": "HIK VISION",
        "ubicacion": "Av Jardines Este#710 Urb Inca Manco Capac 2 etapa"
      }
    },
    {
      "type": "Feature",
      "geometry": {
        "type": "Point",
        "coordinates": [
          -77.01016,
          -12.026148
        ]
      },
      "properties": {
        "nombre": "RESTAURANTE CHINO BRASAS (Juan Manuel Quispe Pino)",
        "tipo": "FIJA",
        "marca": "HIK VISION",
        "ubicacion": "Av Próceres de la Independencia #176B Urb Chacarilla de Otero"
      }
    },
    {
      "type": "Feature",
      "geometry": {
        "type": "Point",
        "coordinates": [
          -76.995165,
          -11.985446
        ]
      },
      "properties": {
        "nombre": "Marlene Sarapura Barzola (IEP Angeles de la Paz)",
        "tipo": "FIJA",
        "marca": "HIK VISION",
        "ubicacion": "Av Santa Rosa# 968AA.HH Villa Huanta"
      }
    },
    {
      "type": "Feature",
      "geometry": {
        "type": "Point",
        "coordinates": [
          -76.995136,
          -11.985393
        ]
      },
      "properties": {
        "nombre": "Marlene Sarapura Barzola (IEP Angeles de la Paz)",
        "tipo": "FIJA",
        "marca": "HIK VISION",
        "ubicacion": "Av Santa Rosa# 968AA.HH Villa Huanta"
      }
    },
    {
      "type": "Feature",
      "geometry": {
        "type": "Point",
        "coordinates": [
          -77.017972,
          -11.998044
        ]
      },
      "properties": {
        "nombre": "CUNA JARDIN 093 - Melanie diestra valeria",
        "tipo": "FIJA",
        "marca": "HIK VISION",
        "ubicacion": "Av. Los germanios Mz lote 1 san hilarion alto"
      }
    },
    {
      "type": "Feature",
      "geometry": {
        "type": "Point",
        "coordinates": [
          -77.017638,
          -11.997973
        ]
      },
      "properties": {
        "nombre": "CUNA JARDIN 093 - Melanie diestra valeria",
        "tipo": "FIJA",
        "marca": "HIK VISION",
        "ubicacion": "Av. Los germanios Mz lote 1 san hilarion alto"
      }
    },
    {
      "type": "Feature",
      "geometry": {
        "type": "Point",
        "coordinates": [
          -77.017745,
          -11.997814
        ]
      },
      "properties": {
        "nombre": "CUNA JARDIN 093 - Melanie diestra valeria",
        "tipo": "FIJA",
        "marca": "HIK VISION",
        "ubicacion": "Av. Los germanios Mz lote 1 san hilarion alto"
      }
    },
    {
      "type": "Feature",
      "geometry": {
        "type": "Point",
        "coordinates": [
          -76.98957,
          -12.005485
        ]
      },
      "properties": {
        "nombre": "VECINO - ALBERTO RAVELO (CEMENTERIO EL SAUCE)",
        "tipo": "FIJA",
        "marca": "HIK VISION",
        "ubicacion": "Cementerio El Sauce"
      }
    },
    {
      "type": "Feature",
      "geometry": {
        "type": "Point",
        "coordinates": [
          -76.990373,
          -12.004681
        ]
      },
      "properties": {
        "nombre": "VECINO - ALBERTO RAVELO (CEMENTERIO EL SAUCE)",
        "tipo": "FIJA",
        "marca": "HIK VISION",
        "ubicacion": "Cementerio El Sauce"
      }
    },
    {
      "type": "Feature",
      "geometry": {
        "type": "Point",
        "coordinates": [
          -76.990498,
          -12.004691
        ]
      },
      "properties": {
        "nombre": "VECINO - ALBERTO RAVELO (CEMENTERIO EL SAUCE)",
        "tipo": "FIJA",
        "marca": "HIK VISION",
        "ubicacion": "Cementerio El Sauce"
      }
    },
    {
      "type": "Feature",
      "geometry": {
        "type": "Point",
        "coordinates": [
          -76.989085,
          -12.006095
        ]
      },
      "properties": {
        "nombre": "VECINO - ALBERTO RAVELO (CEMENTERIO EL SAUCE)",
        "tipo": "FIJA",
        "marca": "HIK VISION",
        "ubicacion": "Cementerio El Sauce"
      }
    },
    {
      "type": "Feature",
      "geometry": {
        "type": "Point",
        "coordinates": [
          -76.989428,
          -12.00572
        ]
      },
      "properties": {
        "nombre": "VECINO - ALBERTO RAVELO (CEMENTERIO EL SAUCE)",
        "tipo": "FIJA",
        "marca": "HIK VISION",
        "ubicacion": "Cementerio El Sauce"
      }
    },
    {
      "type": "Feature",
      "geometry": {
        "type": "Point",
        "coordinates": [
          -76.989461,
          -12.005688
        ]
      },
      "properties": {
        "nombre": "VECINO - ALBERTO RAVELO (CEMENTERIO EL SAUCE)",
        "tipo": "FIJA",
        "marca": "HIK VISION",
        "ubicacion": "Cementerio El Sauce"
      }
    },
    {
      "type": "Feature",
      "geometry": {
        "type": "Point",
        "coordinates": [
          -76.990363,
          -12.004704
        ]
      },
      "properties": {
        "nombre": "VECINO - ALBERTO RAVELO (CEMENTERIO EL SAUCE)",
        "tipo": "FIJA",
        "marca": "HIK VISION",
        "ubicacion": "Cementerio El Sauce"
      }
    },
    {
      "type": "Feature",
      "geometry": {
        "type": "Point",
        "coordinates": [
          -76.989965,
          -12.004448
        ]
      },
      "properties": {
        "nombre": "VECINO - ALBERTO RAVELO (CEMENTERIO EL SAUCE)",
        "tipo": "FIJA",
        "marca": "HIK VISION",
        "ubicacion": "Cementerio El Sauce"
      }
    },
    {
      "type": "Feature",
      "geometry": {
        "type": "Point",
        "coordinates": [
          -77.010864,
          -12.002841
        ]
      },
      "properties": {
        "nombre": "VECINO - José Mario Dávila Loayza",
        "tipo": "FIJA",
        "marca": "DAHUA",
        "ubicacion": "Jr. las grosellas 1851"
      }
    },
    {
      "type": "Feature",
      "geometry": {
        "type": "Point",
        "coordinates": [
          -77.010863,
          -12.00284
        ]
      },
      "properties": {
        "nombre": "VECINO - José Mario Dávila Loayza",
        "tipo": "FIJA",
        "marca": "DAHUA",
        "ubicacion": "Jr. las grosellas 1851"
      }
    },
    {
      "type": "Feature",
      "geometry": {
        "type": "Point",
        "coordinates": [
          -77.017384,
          -12.024682
        ]
      },
      "properties": {
        "nombre": "VECINA - SUSANA",
        "tipo": "FIJA",
        "marca": "HIK VISION",
        "ubicacion": "Jirón Amazonas 395"
      }
    },
    {
      "type": "Feature",
      "geometry": {
        "type": "Point",
        "coordinates": [
          -77.017401,
          -12.02505
        ]
      },
      "properties": {
        "nombre": "VECINA - SUSANA",
        "tipo": "FIJA",
        "marca": "HIK VISION",
        "ubicacion": "Jirón Amazonas 395"
      }
    },
    {
      "type": "Feature",
      "geometry": {
        "type": "Point",
        "coordinates": [
          -77.017351,
          -12.025011
        ]
      },
      "properties": {
        "nombre": "VECINA - SUSANA",
        "tipo": "FIJA",
        "marca": "HIK VISION",
        "ubicacion": "Jirón Amazonas 395"
      }
    },
    {
      "type": "Feature",
      "geometry": {
        "type": "Point",
        "coordinates": [
          -77.017607,
          -12.025057
        ]
      },
      "properties": {
        "nombre": "VECINA - SUSANA",
        "tipo": "FIJA",
        "marca": "HIK VISION",
        "ubicacion": "Jirón Amazonas 395"
      }
    },
    {
      "type": "Feature",
      "geometry": {
        "type": "Point",
        "coordinates": [
          -77.017626,
          -12.02445
        ]
      },
      "properties": {
        "nombre": "VECINA - SUSANA",
        "tipo": "FIJA",
        "marca": "HIK VISION",
        "ubicacion": "Jirón Amazonas 395"
      }
    },
    {
      "type": "Feature",
      "geometry": {
        "type": "Point",
        "coordinates": [
          -77.017629,
          -12.024452
        ]
      },
      "properties": {
        "nombre": "VECINA - SUSANA",
        "tipo": "FIJA",
        "marca": "HIK VISION",
        "ubicacion": "Jirón Amazonas 395"
      }
    },
    {
      "type": "Feature",
      "geometry": {
        "type": "Point",
        "coordinates": [
          -76.997182,
          -12.008387
        ]
      },
      "properties": {
        "nombre": "RONALD SORIA",
        "tipo": "FIJA",
        "marca": "HIK VISION",
        "ubicacion": "AV SANTA ROSA DE LIMA CON LAS ENERGITAS"
      }
    },
    {
      "type": "Feature",
      "geometry": {
        "type": "Point",
        "coordinates": [
          -76.997185,
          -12.008389
        ]
      },
      "properties": {
        "nombre": "RONALD SORIA",
        "tipo": "FIJA",
        "marca": "HIK VISION",
        "ubicacion": "AV SANTA ROSA DE LIMA CON LAS ENERGITAS"
      }
    },
    {
      "type": "Feature",
      "geometry": {
        "type": "Point",
        "coordinates": [
          -76.99721,
          -12.008284
        ]
      },
      "properties": {
        "nombre": "RONALD SORIA",
        "tipo": "FIJA",
        "marca": "HIK VISION",
        "ubicacion": "AV SANTA ROSA DE LIMA CON LAS ENERGITAS"
      }
    },
    {
      "type": "Feature",
      "geometry": {
        "type": "Point",
        "coordinates": [
          -76.997215,
          -12.008287
        ]
      },
      "properties": {
        "nombre": "RONALD SORIA",
        "tipo": "FIJA",
        "marca": "HIK VISION",
        "ubicacion": "AV SANTA ROSA DE LIMA CON LAS ENERGITAS"
      }
    }
  ]
}