{
  "type": "FeatureCollection",
  "features": [
    {
      "type": "Feature",
      "geometry": {
        "type": "Point",
        "coordinates": [
          -76.96524802673227,
          -12.02308995670769
        ]
      },
      "properties": {
        "name": "P.1 ARCO IRIS DE CAMPOY",
        "description": "Av. D cruce con la Av. Campoy.\n(04) UND. ESTAC."
      }
    },
    {
      "type": "Feature",
      "geometry": {
        "type": "Point",
        "coordinates": [
          -76.96078573756105,
          -12.0211785849859
        ]
      },
      "properties": {
        "name": "P.2 ARCO IRIS DE CAMPOY",
        "description": "Calle 8 cruce con la Av. Campoy.\n(03) UND. ESTAC."
      }
    },
    {
      "type": "Feature",
      "geometry": {
        "type": "Point",
        "coordinates": [
          -76.96765868689062,
          -12.02168838758203
        ]
      },
      "properties": {
        "name": "P.3 ARCO IRIS DE CAMPOY",
        "description": "Calle 11 frente al mercado Túpac Amaru.\n(04) UND. ESTAC."
      }
    },
    {
      "type": "Feature",
      "geometry": {
        "type": "Point",
        "coordinates": [
          -76.96158747551607,
          -12.01898088899578
        ]
      },
      "properties": {
        "name": "P.4 ARCO IRIS DE CAMPOY",
        "description": "Ubicado en la berma lateral del Jr. Los Pinos, a cinco (05) metros de la proyección de la vía Calle 8, y en dirección de circulación este a oeste.\n(03) UND. ESTAC."
      }
    },
    {
      "type": "Feature",
      "geometry": {
        "type": "Point",
        "coordinates": [
          -76.970576658573,
          -12.01872620250745
        ]
      },
      "properties": {
        "name": "P.5 ARCO IRIS DE CAMPOY",
        "description": "Ubicado en la Av. C con la Av. Circunvalación (referencia: Av. San Martín con el local El\nParaíso).\n(02) UND. ESTAC."
      }
    },
    {
      "type": "Feature",
      "geometry": {
        "type": "Point",
        "coordinates": [
          -76.96878853347886,
          -12.02174788762907
        ]
      },
      "properties": {
        "name": "P.6 ARCO IRIS DE CAMPOY",
        "description": "AA. HH. Los Ángeles de Campoy frontis de la Mz. B-6 Lote 03 de la Av. C a 05.00 metros de la Calle 11, de sentido Oeste-Este.\n(03) UND. ESTAC."
      }
    },
    {
      "type": "Feature",
      "geometry": {
        "type": "Point",
        "coordinates": [
          -76.95304856381621,
          -12.01903124467695
        ]
      },
      "properties": {
        "name": "P.7 ARCO IRIS DE CAMPOY",
        "description": "Agrupación Los Grisales frontis de la Mz. A Lote 32 de la Calle Las Palmeras a 10.00 metros de la Av. Principal, en sentido Oeste-Este.\n(04) UND. ESTAC."
      }
    },
    {
      "type": "Feature",
      "geometry": {
        "type": "Point",
        "coordinates": [
          -76.96783614220419,
          -12.01679589283667
        ]
      },
      "properties": {
        "name": "P.8 ARCO IRIS DE CAMPOY",
        "description": "Calle 23 frontis de la Mz. A a 05.00 metros lineales de la Av. Próceres en\nCampoy, en sentido Oeste-Este.\n(04) UND. ESTAC."
      }
    },
    {
      "type": "Feature",
      "geometry": {
        "type": "Point",
        "coordinates": [
          -76.9642152119166,
          -12.0153090177357
        ]
      },
      "properties": {
        "name": "P.9 ARCO IRIS DE CAMPOY",
        "description": "Av. Próceres s/n con la Calle 14 en el frontis de la Mz. G Lote 5 a 10.00 metros de la Av. Próceres en la Asoc. Pro-Vivienda Compradores de Terreno 3ra. Etapa Campoy, sentido (Oeste-Este).\n(04) UND. ESTAC."
      }
    },
    {
      "type": "Feature",
      "geometry": {
        "type": "Point",
        "coordinates": [
          -76.96686786933681,
          -12.01854468029578
        ]
      },
      "properties": {
        "name": "P.10 ARCO IRIS DE CAMPOY",
        "description": "Calle 16 frontis de la Mz. E Lote 10 a 05.00 metros de la Av. D de la Asociación de Compradores de Campoy.\n(03) UND. ESTAC."
      }
    },
    {
      "type": "Feature",
      "geometry": {
        "type": "Point",
        "coordinates": [
          -76.96300443532652,
          -12.02207322606329
        ]
      },
      "properties": {
        "name": "P.11 ARCO IRIS DE CAMPOY",
        "description": "Calle 7 a 15.00 metros de la Av. Campoy al costado del Hipermercado Candy de la Asociación de Vivienda Compradores de Campoy de acuerdo al sentido del tránsito.\n(04) UND. ESTAC."
      }
    },
    {
      "type": "Feature",
      "geometry": {
        "type": "Point",
        "coordinates": [
          -76.96595037091177,
          -12.02085384903299
        ]
      },
      "properties": {
        "name": "P.12. ARCO IRIS DE CAMPOY",
        "description": "Calle 17 a 5 metros de la Av. D en la Asociación de Compradores de Campoy costado del Estadio Huanca, de acuerdo al sentido del tránsito.\n(03) UND. ESTAC."
      }
    },
    {
      "type": "Feature",
      "geometry": {
        "type": "Point",
        "coordinates": [
          -76.9649528635213,
          -12.01776794312688
        ]
      },
      "properties": {
        "name": "P.13. ARCO IRIS DE CAMPOY",
        "description": "Calle 16 frente a la Mz. F Lote 10 de la Asoc. Huancayo.\n(02) UND. ESTAC."
      }
    },
    {
      "type": "Feature",
      "geometry": {
        "type": "Point",
        "coordinates": [
          -76.9639944007465,
          -12.01979031267068
        ]
      },
      "properties": {
        "name": "P.14. ARCO IRIS DE CAMPOY",
        "description": "Calle 07 frontis de la Mz. R Lote 03F, a 10.00 metros de la Calle Los Pinos de la\nAsociación Huancayo.\n(03) UND. ESTAC."
      }
    },
    {
      "type": "Feature",
      "geometry": {
        "type": "Point",
        "coordinates": [
          -76.95980916809785,
          -12.01831815049514
        ]
      },
      "properties": {
        "name": "P.15. ARCO IRIS DE CAMPOY",
        "description": "Calle 16 frontis de la Mz. B Lote 12 a 10.00 metros de la Calle Los Pinos de la\nUrb. El Valle."
      }
    },
    {
      "type": "Feature",
      "geometry": {
        "type": "Point",
        "coordinates": [
          -76.9602225164333,
          -12.00954120233838
        ]
      },
      "properties": {
        "name": "P.1 ASOC. MOTOTAXIS LOS LIDERES DE LA VIZCACHERA",
        "description": "CALLE S/N FRONTIS MZ B LT 01 AAHH NUEVA ORGANIZACIÓN SEÑOR DE LOS MILAGROS CAMPOY\n(03 UND. ESTAC.)"
      }
    },
    {
      "type": "Feature",
      "geometry": {
        "type": "Point",
        "coordinates": [
          -76.95973869785945,
          -12.0114214998456
        ]
      },
      "properties": {
        "name": "P. 1 E.T. LOS AMIGOS DE CAMPOY",
        "description": "Calle 17 (berma lateral en el sentido Oeste-Este), al frente de la Mz. \"Y\" Lote 07 con aproximación a la Calle 18 (Ref. I.E.P. N° 160-Solidaridad), Asocación de ProViviendas compradores de terrenos de Campoy \nUNID. ESTAC. (03)"
      }
    },
    {
      "type": "Feature",
      "geometry": {
        "type": "Point",
        "coordinates": [
          -76.95536694315498,
          -12.01669120390838
        ]
      },
      "properties": {
        "name": "P. 2 E.T. LOS AMIGOS DE CAMPOY",
        "description": "Av. 06 de noviembre (berma lateral en el sentido: sur-norte) en el frontis de la Mz. E Lote 02 local comunal del AAHH Alta Pamplona y ampliación Campoy.\nUND. ESTAC. (02)"
      }
    },
    {
      "type": "Feature",
      "geometry": {
        "type": "Point",
        "coordinates": [
          -76.96407260870461,
          -12.00926993803095
        ]
      },
      "properties": {
        "name": "P.1 ATM ATY",
        "description": "Ubicado en Calle 25 (Berma Lateral en el Sentido Oeste Este) en el frontis del predio Mz V Lote 28 con aprox. A la Calle 27 de la Asociación de Pro. Vivienda Compradores de Terrenos de Campoy.\n(02) UND. ESTAC."
      }
    },
    {
      "type": "Feature",
      "geometry": {
        "type": "Point",
        "coordinates": [
          -76.96159226222079,
          -12.00921027642736
        ]
      },
      "properties": {
        "name": "P.2 ATM ATY",
        "description": "Calle 24 (Berma Lateral en el sentido Oeste – Este) en el frontis del predio Mz. V1 Lote 01 con aprox. A la Av. Proceres de la Asociación de Pro Vivienda Compradores de Terrenos de Campoy \n(02) UND. ESTAC."
      }
    },
    {
      "type": "Feature",
      "geometry": {
        "type": "Point",
        "coordinates": [
          -76.96539752926392,
          -12.01035109219148
        ]
      },
      "properties": {
        "name": "P.3 ATM ATY",
        "description": "Ubicado en Calle 25 frente de la Mz. P Lote 15 a 35 metros del cruce con la calle 15 (ref. costado del Instituto Superior Solidaridad de Campoy) en la Asoc. Pro-Vivienda Compradores de Terrenos de Campoy.\n(06) UND. ESTAC."
      }
    },
    {
      "type": "Feature",
      "geometry": {
        "type": "Point",
        "coordinates": [
          -76.96102776552235,
          -12.01553349753314
        ]
      },
      "properties": {
        "name": "P.1. E.T.S EL LAZARILLO S.A.C.",
        "description": "Ubicado en la Calle 14 (Berma Lateral en el sentido: Este - Oeste) en el frontis del predio Mz. O Lote 13 con aproximación a la Ca. 16 de la Asociación de Pro Vivienda Compradores de Terrenos de Campoy, para el estacionamiento de dos (02) unidades vehiculares en el distrito del tránsito.\n(02) UND. ESTAC."
      }
    },
    {
      "type": "Feature",
      "geometry": {
        "type": "Point",
        "coordinates": [
          -76.96175775594641,
          -12.01312425821376
        ]
      },
      "properties": {
        "name": "P.2. E.T.S EL LAZARILLO S.A.C.",
        "description": "Ubicado en la Calle 15 frontis de la Mz. N Lote 17A a 02 metros del cruce con la Calle 19 en la Asociación Pro- Vivienda Compradores de Terrenos de Campoy.\n(03) UND. ESTAC."
      }
    },
    {
      "type": "Feature",
      "geometry": {
        "type": "Point",
        "coordinates": [
          -76.96261458835791,
          -12.01508417435258
        ]
      },
      "properties": {
        "name": "P.3. E.T.S EL LAZARILLO S.A.C.",
        "description": "Ubicado en la Calle 14 frontis de la Mz. J Lote 01 a 02 metros del cruce con la Calle 19 en la Asociación Pro- Vivienda Compradores de Terrenos de Campoy.\n(03) UND. ESTAC."
      }
    },
    {
      "type": "Feature",
      "geometry": {
        "type": "Point",
        "coordinates": [
          -76.96030182762875,
          -12.02255846890062
        ]
      },
      "properties": {
        "name": "P.4. E.T.S EL LAZARILLO S.A.C.",
        "description": "Ubicado en la Calle Los Ficus, en el frontis de la Mz. A Lote 01, con aproximación a la Av. Campoy, perteneciente a la Cooperativa de tres (03) unidades vehiculares de acuerdo al sentido de tránsito.\n(03) UND. ESTAC."
      }
    },
    {
      "type": "Feature",
      "geometry": {
        "type": "Point",
        "coordinates": [
          -76.96114046439759,
          -12.02301092987007
        ]
      },
      "properties": {
        "name": "P.5. E.T.S. EL LAZARILLO S.A.C",
        "description": "UBICADO EN LA BERMA LATERAL (SENTIDO ESTE – OESTE) DE LA CA. S/N (REFERENCIA: ALTURA DEL FRONTIS DE LA MZ. C LOTE 24) DEL ASENTAMIENTO HUMANO RIMAC DE CAMPOY \n(02) UND. ESTAC"
      }
    },
    {
      "type": "Feature",
      "geometry": {
        "type": "Point",
        "coordinates": [
          -76.95848718161189,
          -12.01979954236255
        ]
      },
      "properties": {
        "name": "P.1. E.T.T.E.S.I. NUEVA GENERACION SAC",
        "description": "Ubicado sobre la berma lateral de la Ca. 23 (sentido de sur a norte), a una distancia de 20 mt. de la Ca. 15 de la Asoc. Pro. Vivienda Compradores de Terrenos de Campoy. \n(03) UND. ESTAC."
      }
    },
    {
      "type": "Feature",
      "geometry": {
        "type": "Point",
        "coordinates": [
          -76.95568286293519,
          -12.01911849951152
        ]
      },
      "properties": {
        "name": "P.2. E.T.T.E.S.I. NUEVA GENERACION SAC",
        "description": "Ubicado sobre la berma lateral de la Av. Los Proceres (sentido de este a oeste), frontis del Parque N° 01 Proceres, altura de la Mz. F Lt. 03 de la Asoc. Pro. Vivienda Compradores de Terrenos de Campoy.\n(03) UND. ESTAC."
      }
    },
    {
      "type": "Feature",
      "geometry": {
        "type": "Point",
        "coordinates": [
          -76.95832468843872,
          -12.01653826125163
        ]
      },
      "properties": {
        "name": "P.3. E.T.T.E.S.I. NUEVA GENERACION SAC",
        "description": "Ubicado sobre la berma lateral de la Ca. 23 (sentido de este a oeste) frontis de la Mz. L Lt. 13, con aproximación a la Ca. 14 de la Asoc. Pro. Vivienda Compradores de Terrenos de Campoy. \n(03) UND. ESTAC."
      }
    },
    {
      "type": "Feature",
      "geometry": {
        "type": "Point",
        "coordinates": [
          -76.96702206987096,
          -12.00794811696628
        ]
      },
      "properties": {
        "name": "P.4. E.T.T.E.S.I. NUEVA GENERACION SAC",
        "description": "Ubicado sobre la berma lateral de la Av. Los Jardines sentido de este a oeste, a 20 mt. Del Pasj. Huáscar de la Asoc. Pro. Vivienda Compradores de Terrenos de Campoy. \n(03) UND. ESTAC."
      }
    },
    {
      "type": "Feature",
      "geometry": {
        "type": "Point",
        "coordinates": [
          -76.9760619452787,
          -12.02385826444201
        ]
      },
      "properties": {
        "name": "P. 1 WAYRA EXPRESS",
        "description": "Av. Circunvalación cuadra 01 a una distancia de 10.00 metros de la Av. Principal 8 ref. Paradero Panorama transporte urbano).\n(05) UND. ESTAC."
      }
    },
    {
      "type": "Feature",
      "geometry": {
        "type": "Point",
        "coordinates": [
          -76.9682193689377,
          -12.02420711754983
        ]
      },
      "properties": {
        "name": "P.2 WAYRA EXPRESS",
        "description": "Av. C (Ref. Pdro. San Martin) frontis a la Mz. B lote 01 de la Urb. Las Magnolias a una distancia de 10.00 metros de la Av. Principal (Av. Campoy)\n(10) UND. ESTAC."
      }
    },
    {
      "type": "Feature",
      "geometry": {
        "type": "Point",
        "coordinates": [
          -76.97855194774526,
          -12.02427286324944
        ]
      },
      "properties": {
        "name": "P.3 WAYRA EXPRESS",
        "description": "Calle Los Halcones frontis Nº302 (Mz. N) de la Cooperativa de vivienda Daniel Alcides Carrión a una distancia de 15.00 metros de la Av. Principal (Av. Campoy)\n(06) UND. ESTAC."
      }
    },
    {
      "type": "Feature",
      "geometry": {
        "type": "Point",
        "coordinates": [
          -76.9740834845584,
          -12.01913874396905
        ]
      },
      "properties": {
        "name": "P.4 WAYRA EXPRESS",
        "description": "Av. Próceres frontis de la Mz. Ñ3B Lote 10-B de la Asociación Bellas Artes frente al condominio de la Asociación Fortaleza de Campoy cuadra 4 (referencia puerta N°2)\n(02) UND. ESTAC."
      }
    },
    {
      "type": "Feature",
      "geometry": {
        "type": "Point",
        "coordinates": [
          -76.97367015602984,
          -12.02415503917792
        ]
      },
      "properties": {
        "name": "P. 5 WAYRA EXPRESS",
        "description": "Calle 5 frente al Súper TOTTUS de Campoy a una distancia de 15.00 metros de la Av. Principal (Av. Campoy).\n(05) UND. ESTAC."
      }
    },
    {
      "type": "Feature",
      "geometry": {
        "type": "Point",
        "coordinates": [
          -76.97028289548055,
          -12.01981380025683
        ]
      },
      "properties": {
        "name": "P.6 WAYRA EXPRESS",
        "description": "Calle 10 intersección con la Av. C (Ref. frente a la Empresa Cálida).\n(02) UND. ESTAC."
      }
    },
    {
      "type": "Feature",
      "geometry": {
        "type": "Point",
        "coordinates": [
          -76.97093269981596,
          -12.02205802578695
        ]
      },
      "properties": {
        "name": "P.7 WAYRA EXPRESS",
        "description": "Calle 11 frontis de la Mz. A1 Lote 04 a una distancia de 15.00 metros de la calle 6 de la Asociación Los Cipreses.\n(03) UND. ESTAC."
      }
    },
    {
      "type": "Feature",
      "geometry": {
        "type": "Point",
        "coordinates": [
          -76.99113627815296,
          -12.02243664737776
        ]
      },
      "properties": {
        "name": "P.1 EMOTAIZ SAC",
        "description": "Av. Cajamarquilla cuadra 13, lado derecho en la zona de refugio a 0200 metros de la Av. Las Lomas cuadra 06.\n(04) UND. ESTAC."
      }
    },
    {
      "type": "Feature",
      "geometry": {
        "type": "Point",
        "coordinates": [
          -76.9911411200547,
          -12.02488499978229
        ]
      },
      "properties": {
        "name": "P.2 EMOTAIZ SAC",
        "description": "Jr. Los Amautas, lado derecho con frontis a la vivienda Nº 1262 a 02.00 metros del cruce de la Av. Las Lomas entre la cuadra 03.\n(04) UND. ESTAC."
      }
    },
    {
      "type": "Feature",
      "geometry": {
        "type": "Point",
        "coordinates": [
          -76.98594913414914,
          -12.02290172573321
        ]
      },
      "properties": {
        "name": "P.3 EMOTAIZ SAC",
        "description": "Jr. Cajamarquilla, lado derecho a 15.00 metros lineales con el Jr. Gran Pajaten.\n(02) UND. ESTAC."
      }
    },
    {
      "type": "Feature",
      "geometry": {
        "type": "Point",
        "coordinates": [
          -76.98858531651382,
          -12.02534703977577
        ]
      },
      "properties": {
        "name": "P.4 EMOTAIZ SAC",
        "description": "Jr. Chavín de Huantar, lado derecho cuadra 14 con el Jr. Haravicus, sentido\nOeste-Este.\n(03) UND. ESTAC."
      }
    },
    {
      "type": "Feature",
      "geometry": {
        "type": "Point",
        "coordinates": [
          -76.99379328849611,
          -12.02472726119933
        ]
      },
      "properties": {
        "name": "P.5 EMOTAIZ SAC",
        "description": "Jr. La Cantuta cuadra 04 frontis del predio Nº 298 a 10.00 metros lineales de la\nAv. Gran Chimu de la Urb. Zárate.\n(06) UND. ESTAC."
      }
    },
    {
      "type": "Feature",
      "geometry": {
        "type": "Point",
        "coordinates": [
          -76.99031951698903,
          -12.01998498332657
        ]
      },
      "properties": {
        "name": "P.6 EMOTAIZ SAC",
        "description": "Av. Santuario cuadra 13 lado derecho a 50.00 metros lineales de la Av. Las Lomas \n(03) UND. ESTAC."
      }
    },
    {
      "type": "Feature",
      "geometry": {
        "type": "Point",
        "coordinates": [
          -77.00272856098151,
          -12.02436705273203
        ]
      },
      "properties": {
        "name": "P.1. C. MOTOKAR EL DERBY SAC",
        "description": "Jr. San Francisco cruce con el Jr. San Luis de Gonzaga a 05.00 metros lineales del Mercado.\n(03 UND. ESTAC.)"
      }
    },
    {
      "type": "Feature",
      "geometry": {
        "type": "Point",
        "coordinates": [
          -76.99804665051282,
          -12.02606156933532
        ]
      },
      "properties": {
        "name": "P.2. C. MOTOKAR EL DERBY SAC",
        "description": "Jr. Chavín de Huantar a 03.00 metros lineales del Jr. Vara de Oro\n(03 UND. ESTAC.)"
      }
    },
    {
      "type": "Feature",
      "geometry": {
        "type": "Point",
        "coordinates": [
          -77.00127737707646,
          -12.02022935826222
        ]
      },
      "properties": {
        "name": "P. 3. C. MOTOKAR EL DERBY SAC",
        "description": "Jr. Las Mercedes a 03.00 metros lineales de la Av. Pirámides del Sol (paradero compartido con la Asociación de Mototaxis Nuevo Horizonte).\n(04 UND. ESTAC.)"
      }
    },
    {
      "type": "Feature",
      "geometry": {
        "type": "Point",
        "coordinates": [
          -76.990807902267,
          -12.01993631340499
        ]
      },
      "properties": {
        "name": "P.4. C. MOTOKAR EL DERBY SAC",
        "description": "Av. Santuario a 15.00 metros lineales de la Av. Las Lomas (frente del lote 1291 lado derecho de la Av. Santuario), sentido Este - Oeste.\n(03 UND. ESTAC.)"
      }
    },
    {
      "type": "Feature",
      "geometry": {
        "type": "Point",
        "coordinates": [
          -76.99481937356755,
          -12.01940591680948
        ]
      },
      "properties": {
        "name": "P.5. C. MOTOKAR EL DERBY SAC",
        "description": "Av. El Santuario cuadra 11, lado derecho del predio N° 1119 (frente al Ex Depósito Municipal), en el sentido Este - Oeste.\n(05 UND. ESTAC.)"
      }
    },
    {
      "type": "Feature",
      "geometry": {
        "type": "Point",
        "coordinates": [
          -76.99711083668858,
          -12.02243113481747
        ]
      },
      "properties": {
        "name": "P.6. C. MOTOKAR EL DERBY SAC",
        "description": "Av. Cajamarquilla frontis del lote N° 1001 (lado izquierdo de la Av. Cajamarquilla), sentido Este - Oeste.\n(03 UND. ESTAC.)"
      }
    },
    {
      "type": "Feature",
      "geometry": {
        "type": "Point",
        "coordinates": [
          -76.99455781842907,
          -12.02350577540923
        ]
      },
      "properties": {
        "name": "P.7. C. MOTOKAR EL DERBY SAC",
        "description": "frente al predio N° 1092 del Jr. Los Chasquis a 05.00 metros lineales de la puerta principal del Centro de la Salud Zárate.\n(04 UND. ESTAC.)"
      }
    },
    {
      "type": "Feature",
      "geometry": {
        "type": "Point",
        "coordinates": [
          -76.99837455240956,
          -12.02444155155462
        ]
      },
      "properties": {
        "name": "P.8. C. MOTOKAR EL DERBY SAC",
        "description": "Jr. Tiahuanaco a 05.00 metros lineales del Jr. Vara de Oro frontis del predio 901 en la Urb. Zarate, en sentido Norte - Sur.\n(03 UND. ESTAC.)"
      }
    },
    {
      "type": "Feature",
      "geometry": {
        "type": "Point",
        "coordinates": [
          -77.00014222387014,
          -12.02586639380329
        ]
      },
      "properties": {
        "name": "P.9. C. MOTOKAR EL DERBY SAC",
        "description": "Jr. Los Amautas cuadra 08 frente al predio 808 en la Urb. Zárate a 05.00 metros lineales de la Av. Chinchaysuyo, en el sentido del tránsito.\n(03 UND. ESTAC.)"
      }
    },
    {
      "type": "Feature",
      "geometry": {
        "type": "Point",
        "coordinates": [
          -76.99799045574223,
          -12.01974437778567
        ]
      },
      "properties": {
        "name": "P.10. C. MOTOKAR EL DERBY SAC",
        "description": "Frontis del predio N° 1001 de la Av. Santuario en la Urb. Zárate, en el sentido\nEste - Oeste.\n(02 UND. ESTAC.)"
      }
    },
    {
      "type": "Feature",
      "geometry": {
        "type": "Point",
        "coordinates": [
          -76.99619785072011,
          -12.02441718524237
        ]
      },
      "properties": {
        "name": "P.11. C. MOTOKAR EL DERBY SAC",
        "description": "frontis del Jr. Apomayta N° 416 a 10.00 metros de la Av. Gran Chimú de la Urb. Zárate.\n(02 UND. ESTAC.)"
      }
    },
    {
      "type": "Feature",
      "geometry": {
        "type": "Point",
        "coordinates": [
          -76.99438827748494,
          -12.02472044441232
        ]
      },
      "properties": {
        "name": "P.12. C. MOTOKAR EL DERBY SAC",
        "description": "frontis del Jr. Los Yupanquis N° 359 a 10.00 metros lineales de la Av. Gran Chimú en la Urb. Zárate.\n (02 UND. ESTAC.)"
      }
    },
    {
      "type": "Feature",
      "geometry": {
        "type": "Point",
        "coordinates": [
          -77.00586936992585,
          -12.02247484843205
        ]
      },
      "properties": {
        "name": "P.13 C. MOTOKAR EL DERBY SAC",
        "description": "Jr. Antenor Orrego con el pasaje Arguedas.\n(03) UND. ESTAC."
      }
    },
    {
      "type": "Feature",
      "geometry": {
        "type": "Point",
        "coordinates": [
          -77.00467663217844,
          -12.02324373421036
        ]
      },
      "properties": {
        "name": "P.14. C. MOTOKAR EL DERBY SAC",
        "description": "Jr. Santa Mónica N° 623 cruce con la Av. Santa Luisa.\n(03 UND. ESTAC.)"
      }
    },
    {
      "type": "Feature",
      "geometry": {
        "type": "Point",
        "coordinates": [
          -77.00403440832046,
          -12.02066974386796
        ]
      },
      "properties": {
        "name": "P. 15. C. MOTOKAR EL DERBY SAC",
        "description": "Berma lateral de la Calle Santa Amelia frontis del predio N° 617 cruce con la\nCalle Santa Luisa, perteneciente a la Urb. Zárate.\n(02 UND. ESTAC.)"
      }
    },
    {
      "type": "Feature",
      "geometry": {
        "type": "Point",
        "coordinates": [
          -77.0027481010261,
          -12.0249421051251
        ]
      },
      "properties": {
        "name": "P. 16. MOTOKAR EL DERBY SAC",
        "description": "berma lateral del Jr. San Luis Gonzaga frontis del predio N° 355 cruce con el Jr. Los Chasquis, perteneciente a la Urb. Zárate.\n(02 UNID. ESTAC.)"
      }
    },
    {
      "type": "Feature",
      "geometry": {
        "type": "Point",
        "coordinates": [
          -76.99192368548162,
          -12.02221995878175
        ]
      },
      "properties": {
        "name": "P. 17. MOTOKAR EL DERBY SAC",
        "description": "berma lateral de la Av. Cajamarquilla frontis del predio N° 1268, perteneciente a la Urb. Zarate\n(05 UND. ESTAC.)"
      }
    },
    {
      "type": "Feature",
      "geometry": {
        "type": "Point",
        "coordinates": [
          -76.99390613281794,
          -12.02198747447053
        ]
      },
      "properties": {
        "name": "P. 18. MOTOKAR EL DERBY SAC",
        "description": "berma lateral de Jr. La Cantuta a 05.00 metros del cruce de la Av. Cajamarquilla, perteneciente a la Urb. Zárate.\n(03 UND. ESTAC.)"
      }
    },
    {
      "type": "Feature",
      "geometry": {
        "type": "Point",
        "coordinates": [
          -76.99699511775394,
          -12.02418113006118
        ]
      },
      "properties": {
        "name": "P.1. ASOCIACION DE MOTOTAXIS NUEVO HORIZONTE",
        "description": "UBICADO EN EL JR. TIAHUANACO FRONTIS DE LA MZ. R3, CRUCE CON AV. PORTADA DEL SOL DE LA URB. ZARATE EN EL SENTIDO OESTE-ESTE\n(03) UND. ESTAC"
      }
    },
    {
      "type": "Feature",
      "geometry": {
        "type": "Point",
        "coordinates": [
          -77.00128569704404,
          -12.02029123813529
        ]
      },
      "properties": {
        "name": "P.2. ASOCIACIÓN DE MOTOTAXIS NUEVO HORIZONTE",
        "description": "UBICADO EN EL JR. LAS MERCEDES A UNA DISTANCIA DE 3.00 METROS LINEALES DEL CRUCE CON LA AV. PIRAMIDE DEL SOL URB. ZARATE EN SENTIDO ESTE-OESTE\n(03) UND. ESTAC."
      }
    },
    {
      "type": "Feature",
      "geometry": {
        "type": "Point",
        "coordinates": [
          -77.00448973404373,
          -12.02225094905302
        ]
      },
      "properties": {
        "name": "P.3. ASOCIACIÓN DE MOTOTAXIS NUEVO HORIZONTE",
        "description": "UBICADO EN EL JR. CAJAMARQUILLA A UNA DISTANCIA DE 15.00 METROS LINEALES DE LA INTERSECCIÓN CON EL JR. SANTA LUISA EN SENTIDO ESTE-OESTE\n(03 UND. ESTAC.)"
      }
    },
    {
      "type": "Feature",
      "geometry": {
        "type": "Point",
        "coordinates": [
          -76.99991635352237,
          -12.02051088424494
        ]
      },
      "properties": {
        "name": "P.4. ASOCIACIÓN DE MOTOTAXIS NUEVO HORIZONTE",
        "description": "UBICADO EN EL JR. MERCEDES FRONTIS DE LA MZ. D3 LT. 03 A UNA DISTANCIA DE 10 METROS LINEALES DEL JR. SAN AURELIO AAHH AZCARUZ SENTIDO ESTE -OESTE\n(03 UND. ESTAC.)"
      }
    },
    {
      "type": "Feature",
      "geometry": {
        "type": "Point",
        "coordinates": [
          -77.01544444212756,
          -12.02595996464536
        ]
      },
      "properties": {
        "name": "P.1. E.T. CAJA DE AGUA S.A.",
        "description": "JR. MOQUEGUA CUADRA 2 A 5.00 METROS LINEALES DE LA AV. LIMA ENTRE LA CUADRA 02 Y 03 EN ELS ENTIDO SUR-NORTE\n(03) UND. ESTAC."
      }
    },
    {
      "type": "Feature",
      "geometry": {
        "type": "Point",
        "coordinates": [
          -77.01741936842245,
          -12.02617659961983
        ]
      },
      "properties": {
        "name": "P. 2. E.T. CAJA DE AGUA S.A.",
        "description": "UBICADO EN LA BERMA LATERAL DEL JR. AMAZONAS EN EL SENTIDO SUR-NORTE LADO ESTE A 5.00 METROS DE AV. LIMA URBANIZACIÓN CAJA DE AGUA\n(03) UND. ESTAC."
      }
    },
    {
      "type": "Feature",
      "geometry": {
        "type": "Point",
        "coordinates": [
          -77.01218225391943,
          -12.02469464609734
        ]
      },
      "properties": {
        "name": "P.3.\nE.T. CAJA DE AGUA S.A.",
        "description": "UBICADO EN LA BERMA LATERAL DE LA CALLE LA COMEDIA FRONTIS DEL PREDIO 108, EN EL SENTIDO ESTE-OESTE A 5.00 METROS LINEALES DE LA AV. FLORES DE PRIMAVERA CUADRA 01 ASOCIACION RICARDO PALMA\n(03) UND. ESTAC."
      }
    },
    {
      "type": "Feature",
      "geometry": {
        "type": "Point",
        "coordinates": [
          -77.00726544639775,
          -12.02705708935784
        ]
      },
      "properties": {
        "name": "P.4. E.T. CAJA DE AGUA S.A.",
        "description": "Jr. Wiracocha cuadra 03 en el lado par de la numeración catastral a 03 metros lineales del Jr. Tiahuanaco entre la cuadra 03 y 04. EN EL SENTIDO NORTE-SUR\n(03) UND. ESTAC."
      }
    },
    {
      "type": "Feature",
      "geometry": {
        "type": "Point",
        "coordinates": [
          -77.00722878741001,
          -12.02756161338207
        ]
      },
      "properties": {
        "name": "P.5. E.T. CAJA DE AGUA S.A.",
        "description": "Jr. Wiracocha cuadra 02 a 15 metros de la Av. Gran Chimú (altura del predio N° 271) EN EL SENTIDO SUR-NORTE\n(03 UND. ESTAC.)"
      }
    },
    {
      "type": "Feature",
      "geometry": {
        "type": "Point",
        "coordinates": [
          -77.00364639668364,
          -12.02673545795147
        ]
      },
      "properties": {
        "name": "P.6. E.T. CAJA DE AGUA S.A.",
        "description": "Jr. Lanzón cuadra 02 junto al predio N° 289 y a 15 metros de la Av. Gran Chimú en el sentido Oeste-Este.\n(04 UND. ESTAC.)"
      }
    },
    {
      "type": "Feature",
      "geometry": {
        "type": "Point",
        "coordinates": [
          -77.00546758940226,
          -12.02739836790144
        ]
      },
      "properties": {
        "name": "P.7. E.T. CAJA DE AGUA S.A.",
        "description": "Jr. Ayar Manco cuadra 03 margen izquierdo a 05.00 metros lineales de la Av. Gran Chimú, cuadra 04 de la Urb. Zarate,\n(03 UND. ESTAC.)"
      }
    },
    {
      "type": "Feature",
      "geometry": {
        "type": "Point",
        "coordinates": [
          -77.00940222031431,
          -12.02552493818275
        ]
      },
      "properties": {
        "name": "P.8. E.T. CAJA DE AGUA S.A.",
        "description": "Jr. Las Chulpas cuadra 05 frente al predio N° 530 de la Urb. Zarate\n(03 UND. ESTAC.)"
      }
    },
    {
      "type": "Feature",
      "geometry": {
        "type": "Point",
        "coordinates": [
          -77.0065286875985,
          -12.02785312159182
        ]
      },
      "properties": {
        "name": "P.9 E.T. CAJA DE AGUA S.A.",
        "description": "Jr. Los amautas cuadra 04 frontis del predio N° 421 a 02.00 lineales del Jr. Los Kipus cuadra 02 de la Urb. Zarate\n(03 UND. ESTAC.)"
      }
    },
    {
      "type": "Feature",
      "geometry": {
        "type": "Point",
        "coordinates": [
          -77.00780852186206,
          -12.02764522817086
        ]
      },
      "properties": {
        "name": "P.10. E.T. CAJA DE AGUA S.A.",
        "description": "Jr. Las Chulpas cuadra 02 (margen derecho) a 05.00 metros lineales de la Av. Gran Chimú de la Urb. Zarate\n(03 UND. ESTAC.)"
      }
    },
    {
      "type": "Feature",
      "geometry": {
        "type": "Point",
        "coordinates": [
          -77.00802448494468,
          -12.02316530903274
        ]
      },
      "properties": {
        "name": "P.1. SANTA TERESA EXPRESS SAC",
        "description": "Av. Túpac Amaru frontis de la Mz. G1 Lote 18 (N° 101) intersección con la Vía Auxiliar de la Av. Próceres de la Independencia perteneciente a la Urb. Chacarilla de Otero.\n(05 UND. ESTAC.)"
      }
    },
    {
      "type": "Feature",
      "geometry": {
        "type": "Point",
        "coordinates": [
          -77.01040889957463,
          -12.02781106094682
        ]
      },
      "properties": {
        "name": "P.2. SANTA TERESA EXPRESS SAC",
        "description": "frontis del Jr. Los Chasquis Nº 219 a una distancia de 34.00 metros de la intersección con el Jr. Tumi perteneciente a la Urb. Zárate.\n(02 UND. ESTAC.)"
      }
    },
    {
      "type": "Feature",
      "geometry": {
        "type": "Point",
        "coordinates": [
          -77.00702488541134,
          -12.02936917032821
        ]
      },
      "properties": {
        "name": "P.3. SANTA TERESA EXPRESS SAC",
        "description": "berma lateral del Jr. Wiracocha, frente al predio Nº 101, en el sentido (Sur-\nNorte a 5.00 metros de la Av. Malecón Checa.\n(03 UND. ESTAC.)"
      }
    },
    {
      "type": "Feature",
      "geometry": {
        "type": "Point",
        "coordinates": [
          -77.00232846666859,
          -12.02574236976301
        ]
      },
      "properties": {
        "name": "P.4. SANTA TERESA EXPRESS SAC",
        "description": "berma lateral del Jr. Tiahuanaco, frente al predio Nº 697 y 695 (frente a la Mz.\nE-2) en el sentido (Norte - Sur) a 5.00 metros de la Av. Gran Chimú\n(03 UND. ESTAC.)"
      }
    },
    {
      "type": "Feature",
      "geometry": {
        "type": "Point",
        "coordinates": [
          -77.01508492283477,
          -12.03148295472631
        ]
      },
      "properties": {
        "name": "P.1. ASOC. MULT. PROCERES",
        "description": "UBICADO EN EL PASAJE G, LADO LATERAL DE LA MZ. 13 LOTE 8 EN EL ASENTAMIENTO HUMANO CAJA DE AGUA\n(02 UND. ESTAC.)"
      }
    },
    {
      "type": "Feature",
      "geometry": {
        "type": "Point",
        "coordinates": [
          -77.01484925199894,
          -12.02914237996496
        ]
      },
      "properties": {
        "name": "P.2. ASOC. MULT. PROCERES",
        "description": "UBICADO EN LA BERMA LATERAL DEL PASAJE TACNA A 5.00 METROS LINEALES DE LA AV. PERU EN EL SENTIDO SUR-NORTE URB. CAJA DE AGUA\n(03 UND. ESTAC.)"
      }
    },
    {
      "type": "Feature",
      "geometry": {
        "type": "Point",
        "coordinates": [
          -77.01192654005824,
          -12.02306818789394
        ]
      },
      "properties": {
        "name": "P.3. ASOC. MULT. PROCERES",
        "description": "UBICADO EN LA BERMA LATERAL DEL JR. LOS LIQUENES CUADRA 04 EN ELS ENTIDO OESTE-ESTE A 5.00 METROS LINEALES DE JR. LAS ANEMONAS\n(04 UND. ESTAC.)"
      }
    },
    {
      "type": "Feature",
      "geometry": {
        "type": "Point",
        "coordinates": [
          -77.00198392068799,
          -12.02741717368565
        ]
      },
      "properties": {
        "name": "P.4. ASOC. MULT. PROCERES",
        "description": "UBICADO EN LA BERMA LATERAL JR. TAHUANTINSUYO SENTIDO ESTE-OESTE A 5.00 METROS DE LA CALLE JIPI JAPA URB. ZARATE\n(03 UND. ESTAC.)"
      }
    },
    {
      "type": "Feature",
      "geometry": {
        "type": "Point",
        "coordinates": [
          -77.01186460100384,
          -12.03085879768832
        ]
      },
      "properties": {
        "name": "P.5. ASOC MULT. PROCERES",
        "description": "UBICADO EN LA BERMA LATERAL DE LA CALLE ENRIQUE PETRAL SENTIDO ESTE-OESTE A 5.00 METROS LINEALES DE LA AUXILIAR AV. PROCERES DE LA INDEPENDENCIA\n(03 UND. ESTAC.)"
      }
    },
    {
      "type": "Feature",
      "geometry": {
        "type": "Point",
        "coordinates": [
          -77.01198754366551,
          -12.02926389705977
        ]
      },
      "properties": {
        "name": "P.1. EMPRESA DE TRANSPORTES Y SERVICIOS EL BOSQUE S.A.",
        "description": "UBICADO EN LA BERMA LATERAL DE LA CALLE S/N EN EL FRONTIS DE LA UGEL 05 Y ADYACENTE AL PARQUE SAN CARLOS PUEBLO LIBRE EN EL SENTIDO SUR-NORTE LADO ESTE, CON EJE DE REFERENCIA AV. PROCERES DE LA INDEPENDENCIA Y AV. PERU. URB. CAJA DE AGUA\n(03) UND. ESTAC."
      }
    },
    {
      "type": "Feature",
      "geometry": {
        "type": "Point",
        "coordinates": [
          -77.0113650850076,
          -12.02741265947628
        ]
      },
      "properties": {
        "name": "P.2. EMPRESA DE TRANSPORTES Y SERVICIOS EL BOSQUE S.A.",
        "description": "FRENTE AL JR. LORETO N° 100 A 05 METROS DEL CRUCE CON LA VIA AUXILIAR DE LA AV. PROCERES DE LA INDEPENDENCIA CON UN VEHICULO EN PUNTO DE EMBARQUE UBICADO EN LA VIA AUXILIAR DE LA AV. PROCERES DE LA INDEPENDENCIA A 02 METROS DE LA INTERSECCIÓN CON EL JR. LORETO, REF. FRONTIS DEL PARQUE CHINO.\n(03) UND. ESTAC."
      }
    },
    {
      "type": "Feature",
      "geometry": {
        "type": "Point",
        "coordinates": [
          -77.00384944467218,
          -12.02665032780085
        ]
      },
      "properties": {
        "name": "P.3. EMPRESA DE TRANSPORTES Y SERVICIOS EL BOSQUE S.A.",
        "description": "UBICADO EN JR. LANZON CON INTERSECCION A LA AV. GRAN CHIMU A 10 METROS LINEALES DE LA AV. GRAN CHIMU DE LA URB. ZARATE EN SENTIDO NORTE-SUR JUNTO AL PREDIO 299 DEL JR. LANZON\n(02) UND. ESTAC."
      }
    },
    {
      "type": "Feature",
      "geometry": {
        "type": "Point",
        "coordinates": [
          -77.0125362904474,
          -12.03143554814885
        ]
      },
      "properties": {
        "name": "P.4. EMPRESA DE TRANSPORTES Y SERVICIOS EL BOSQUE S.A.",
        "description": "UBICADO EN EL JR. JOSE OLAYA PRIMERA CUADRA DE LA MZ. 1 LT. 03 REF. FRONTIS DEL MERCADITO LA CABAÑITA A 40 METROS LINEALES DE LA AV. PROCERES DE LA INDEPENDENCIA AAHH CAJA DE AGUA\n(03 UND. ESTAC.)"
      }
    },
    {
      "type": "Feature",
      "geometry": {
        "type": "Point",
        "coordinates": [
          -77.01754799845102,
          -12.02988739504135
        ]
      },
      "properties": {
        "name": "P.5. EMPRESA DE TRANSPORTES Y SERVICIOS EL BOSQUE S.A.",
        "description": "UBICADO EN LA BERMA LATERAL DE LA AV. RIMAC (AV. SAN NICOLAS) FRONTIS AL PREDIO 177 Y FRENTE AL PREDIO 175 EN EL SENTIDO NORTE-SUR LADO OESTE ADYACENTE A LA LOZA DEPORTIVA Y A 57 METROS LINEALES APROXIMADAMENTE DE LA AV. PERU URB. CAJA DE AGUA\n(04 UND. ESTAC.)"
      }
    },
    {
      "type": "Feature",
      "geometry": {
        "type": "Point",
        "coordinates": [
          -77.02011451743094,
          -12.02630243382647
        ]
      },
      "properties": {
        "name": "P.6. EMPRESA DE TRANSPORTES Y SERVICIOS EL BOSQUE S.A.",
        "description": "UBICADO EN LA MZ. B-3 LT. 01 DE LA ASOCIACION EL GRAMAL A 10 METROS LINEALES DE LA AV. LIMA EN EL SENTIDO ESTE-OESTE LADO SUR Y ADYACENTE A LA LOZA DEPORTIVA DEL PARADERO 11 URB. CAJA DE AGUA \n(03 UND. ESTAC.)"
      }
    },
    {
      "type": "Feature",
      "geometry": {
        "type": "Point",
        "coordinates": [
          -77.00240068709795,
          -12.02511667570141
        ]
      },
      "properties": {
        "name": "P.7. EMPRESA DE TRANSPORTES Y SERVICIOS EL BOSQUE S.A.",
        "description": "UBICADO EN LA BERMA LATERAL DEL JR. LOS CHASQUIS CUADRA 07 FRONTIS DEL PREDIO 794. 794-A Y 798 EN EL SENTIDO OESTE-ESTE LADO SUR CON APROXIMACIÓN A LA AV. PIRAMIDE DEL SOL URB. ZARATE\n(04 UND.)"
      }
    },
    {
      "type": "Feature",
      "geometry": {
        "type": "Point",
        "coordinates": [
          -77.00762298001712,
          -12.02521961460217
        ]
      },
      "properties": {
        "name": "P. 1. E.T. AMIGOS DE VILLAFLORES S.A.",
        "description": "Berma lateral del Jr. Los Chasquis, sentido de norte a sur, frente a la Mz. J1 Lote 2, a 10 metros de la Calle Las Postas.\n(03) UND. ESTAC."
      }
    },
    {
      "type": "Feature",
      "geometry": {
        "type": "Point",
        "coordinates": [
          -77.01095995095893,
          -12.0247560124405
        ]
      },
      "properties": {
        "name": "P. 2. E.T. AMIGOS DE VILLAFLORES S.A.",
        "description": "Berma lateral de la Calle Víctor Belaunde (Jr. Madre de Dios), sentido de este a oeste, colindante a la I.E. Fe y Alegría, a 10 metros de la Av. Lima.\n(03) UND. ESTAC."
      }
    },
    {
      "type": "Feature",
      "geometry": {
        "type": "Point",
        "coordinates": [
          -77.00803318808042,
          -12.02405224867961
        ]
      },
      "properties": {
        "name": "P.3. E.T. AMIGOS DE VILLAFLORES S.A.",
        "description": "Berma lateral del Jirón Cesar Vallejo, sentido de sur a norte, frente a la Mz. D3 Lote 42, a 5 metros de la Av. Próceres de la Independencia.\n(04) UND. ESTAC."
      }
    },
    {
      "type": "Feature",
      "geometry": {
        "type": "Point",
        "coordinates": [
          -77.01181050719102,
          -12.0284489022622
        ]
      },
      "properties": {
        "name": "P. 4. E.T. AMIGOS DE VILLAFLORES S.A.",
        "description": "UBICADO EN LA BERNMA LATERAL DE LA AV. PERÚ SENTIDO DE ESTE A OESTE, FRENTE AL PARQUE DEL MAESTRO, ALTURA DE LA MZ. CH LT. 10 A 14 METROS DE LA AV. PROCERES DE LA INDEPENDENCIA\n(04) UND. ESTAC."
      }
    },
    {
      "type": "Feature",
      "geometry": {
        "type": "Point",
        "coordinates": [
          -76.9850374132579,
          -12.01658092894483
        ]
      },
      "properties": {
        "name": "P.1 E. WAYQUIS SAC",
        "description": "Jr. Templo de Áspero cuadra 03, frontis del predio Nº 350 de la Urb. Mangomarca a 05.00 metros de la intersección con el Jr. Kilke (Referencia frente al mercado central de Mangomarca).\n(03) UND. ESTAC."
      }
    },
    {
      "type": "Feature",
      "geometry": {
        "type": "Point",
        "coordinates": [
          -76.98872844359823,
          -12.01628062645187
        ]
      },
      "properties": {
        "name": "P.2 E WAYQUIS SAC",
        "description": "Jr. Templo Tardío (antes Jr. Campesinos), lado izquierdo frente a la vivienda Nº 585 a 03.00 metros del cruce con la Av. Las Lomas cuadra 09.\n(05) UND. ESTAC."
      }
    },
    {
      "type": "Feature",
      "geometry": {
        "type": "Point",
        "coordinates": [
          -76.9898383775937,
          -12.01789745892069
        ]
      },
      "properties": {
        "name": "P.3 E. WAYQUIS SAC",
        "description": "Av. Lurigancho cuadra 03, lado derecho a 10.00 metros del cruce con la Av. Las Lomas entre las cuadras 07 y 08 de acuerdo al sentido del tránsito.\n(04) UND. ESTAC."
      }
    },
    {
      "type": "Feature",
      "geometry": {
        "type": "Point",
        "coordinates": [
          -76.98623280173848,
          -12.02081159178435
        ]
      },
      "properties": {
        "name": "P.4 E. WAYQUIS SAC",
        "description": "Av. Lurigancho, lado izquierdo frente a la Mz. C Lote 17 de la Urb. Mangomarca a 05.00 metros del cruce con la Av. El Santuario entre las cuadras 14 y 15 de acuerdo al sentido del transito\n(04) UND. ESTAC."
      }
    },
    {
      "type": "Feature",
      "geometry": {
        "type": "Point",
        "coordinates": [
          -76.98404111264603,
          -12.01723501660855
        ]
      },
      "properties": {
        "name": "P.5 E. WAYQUIS SAC",
        "description": "Jr. Hatun Colla, a dos (02) metros de la proyección de la vía Jr. Templo Aspero y en dirección sur a norte.\n(03) UND. ESTAC."
      }
    },
    {
      "type": "Feature",
      "geometry": {
        "type": "Point",
        "coordinates": [
          -76.98677134058687,
          -12.01486076801474
        ]
      },
      "properties": {
        "name": "P.6 E WAYQUIS SAC",
        "description": "Jr. Templo Áspero frontis del predio Nº 560 de la Urb. Mangomarca a 05.00 metros de la Av. Las Lomas entre la cuadra 11 de acuerdo al sentido del tránsito.\n(04) UND. ESTAC."
      }
    },
    {
      "type": "Feature",
      "geometry": {
        "type": "Point",
        "coordinates": [
          -76.98447588110886,
          -12.01685590008944
        ]
      },
      "properties": {
        "name": "P.7 E. WAYQUIS SAC",
        "description": "Jr. Templo Aspero frontis del predio Nº 334 de la Urb. Mangomarca.\n(04) UND. ESTAC."
      }
    },
    {
      "type": "Feature",
      "geometry": {
        "type": "Point",
        "coordinates": [
          -76.9797608486879,
          -12.01188979037085
        ]
      },
      "properties": {
        "name": "P.8 E. WAYQUIS SAC",
        "description": "sobre la berma lateral del Jr. Mamacona en el sentido (Oeste-Este), lado Norte, a 05.00 metros de la intersección con la Av. El Santuario - MANGOMAR.\n(04) UND. ESTAC."
      }
    },
    {
      "type": "Feature",
      "geometry": {
        "type": "Point",
        "coordinates": [
          -76.98247323762865,
          -12.01110845739578
        ]
      },
      "properties": {
        "name": "P.9 E. WAYQUIS SAC",
        "description": "sobre la berma lateral del Jr. Marcahuasi en el sentido (Este-Oeste), lado Norte, a 05.00 metros de la intersección con la Av. Las Lomas - MANGOMARCA.\n(03) UND. ESTAC."
      }
    },
    {
      "type": "Feature",
      "geometry": {
        "type": "Point",
        "coordinates": [
          -76.97945519050184,
          -12.00987936095093
        ]
      },
      "properties": {
        "name": "P.10 E. WAYQUIS SAC",
        "description": "Calle Centinela Nº 119 a 8 metros antes de la Av. El Santuario en dirección del\nsentido del tránsito.\n(01) UND. ESTAC."
      }
    },
    {
      "type": "Feature",
      "geometry": {
        "type": "Point",
        "coordinates": [
          -76.98460671102332,
          -12.01200483352656
        ]
      },
      "properties": {
        "name": "P.11 E. WAYQUIS SAC",
        "description": "Jr. Puruchuco Nº 365 a 8 metros de la Av. Las Lomas Urb. Mangomarca.\n(02) UND. ESTAC."
      }
    },
    {
      "type": "Feature",
      "geometry": {
        "type": "Point",
        "coordinates": [
          -76.98370473361784,
          -12.01722444808547
        ]
      },
      "properties": {
        "name": "P. 13. E. WAYQUIS SAC",
        "description": "URB. MANGOMARCA JR. TEMPLO ASPERO BERMA LATERAL NORTE A SUR, COLINDANTE A MZ F LOTE 01 APROXIMACION A AV. SANTUARIO \n(03 UND. ESTAC.)"
      }
    },
    {
      "type": "Feature",
      "geometry": {
        "type": "Point",
        "coordinates": [
          -76.98559389918661,
          -12.01715137516043
        ]
      },
      "properties": {
        "name": "P. 14. E. WAYQUIS SAC",
        "description": "BERMA LATERAL DE LA VÍA JR. TSCHUDY A DOS METROS DE LA PROYECCIÓN DE LA VIA JR. MOXOCO EN DIRECCIÓN OESTE A ESTE.\n(03 UND. ESTAC.)"
      }
    },
    {
      "type": "Feature",
      "geometry": {
        "type": "Point",
        "coordinates": [
          -76.98610049362767,
          -12.01581937588868
        ]
      },
      "properties": {
        "name": "P. 15 E. WAYQUIS SAC",
        "description": "URB. MANGOMARCA JR. TEMPLO ASPERO BERMA LATERAL NORTE A SUR, COLINDANTE A MZ. A1 LT 02 CON APROXIMACION A CALLE PALLKA\n(03 UND. ESTAC.)"
      }
    },
    {
      "type": "Feature",
      "geometry": {
        "type": "Point",
        "coordinates": [
          -77.00154360105596,
          -12.01550054893162
        ]
      },
      "properties": {
        "name": "P.1 A. MOT. NUEVO HORIZONTE",
        "description": "Los Cisnes a 05.00 metros del cruce con la Via Auxilia de la Av. Próceres de la Independencia (AA, HH. Azcarruz Alto)\n(03) UND. ESTAC."
      }
    },
    {
      "type": "Feature",
      "geometry": {
        "type": "Point",
        "coordinates": [
          -77.00087527768387,
          -12.01734111954477
        ]
      },
      "properties": {
        "name": "P.2 A. MOT. NUEVO HORIZONTE",
        "description": "Pasaje Los Faisanes Cdra 01, frontis de la Mz. C. a 05.00 metros lineales de la Av, Lurigancho Cdra 08 en el AA, HH. Azcarruz Alto\n(02) UND. ESTAC."
      }
    },
    {
      "type": "Feature",
      "geometry": {
        "type": "Point",
        "coordinates": [
          -76.99444815305576,
          -12.01486707121924
        ]
      },
      "properties": {
        "name": "P.3 A. MOT. NUEVO HORIZONTE",
        "description": "Av. Los Cóndores frente a la Mz. L lote 3 de la Urb. Horizonte\n(02) UND. ESTAC."
      }
    },
    {
      "type": "Feature",
      "geometry": {
        "type": "Point",
        "coordinates": [
          -76.99163684468256,
          -12.01433557472423
        ]
      },
      "properties": {
        "name": "P. 4 A. MOT. NUEVO HORIZONTE",
        "description": "Frontis de la Mz. B frente a la Mz A lote 25 a 03.00 metros lineales de la Ca, Los Regadores en la Asociación de Vivienda El Mantaro,"
      }
    },
    {
      "type": "Feature",
      "geometry": {
        "type": "Point",
        "coordinates": [
          -76.99317748680102,
          -12.01644279455872
        ]
      },
      "properties": {
        "name": "P.5 A. MOT. NUEVO HORIZONTE",
        "description": "Ca, Los Regadores frontis de la Mz. B a 05.00 metros lineales de la Av. Lurigancho Cdra. 11  en la Asociación de Vivienda El Mantaro\n(03) UND. ESTAC."
      }
    },
    {
      "type": "Feature",
      "geometry": {
        "type": "Point",
        "coordinates": [
          -76.99674403920464,
          -12.0147904012451
        ]
      },
      "properties": {
        "name": "P.6 A. MOT. NUEVO HORIZONTE",
        "description": "Jr. Las Águilas a 05.00 metros lineales de la intersección con la Av. 13 de Enero, frente al predio las N° 1100 en la Urb. Horizonte de Zárate II Etapa, \n(02) UND. ESTAC."
      }
    },
    {
      "type": "Feature",
      "geometry": {
        "type": "Point",
        "coordinates": [
          -76.99841672171857,
          -12.01614830992996
        ]
      },
      "properties": {
        "name": "P.7. A. MOT. NUEVO HORIZONTE",
        "description": "Calle Los Ruiseñores N° 912 a 50.00 metros lineales de la Av. Lurigancho, altura de la Cdra. 09 de la Av. Lurigancho\n(03) UND. ESTAC."
      }
    },
    {
      "type": "Feature",
      "geometry": {
        "type": "Point",
        "coordinates": [
          -77.00238333333333,
          -12.018225
        ]
      },
      "properties": {
        "name": "P.8. A. MOT. NUEVO HORIZONTE",
        "description": "Ubicado en la berma lateral de la vía auxiliar de la Av. Próceres de la Independencia, sentido de oeste a este, colindante a la Mz. LL Lote 14 frontis del puesto de Serenazgo\n(03) UND. ESTAC."
      }
    },
    {
      "type": "Feature",
      "geometry": {
        "type": "Point",
        "coordinates": [
          -77.0064266461464,
          -12.02129484517581
        ]
      },
      "properties": {
        "name": "P.1 ASOC. STO. DOMINGO D. GUZMAN",
        "description": "Jr. José A. Encinas a 10 metros, lineales de la Vía Auxiliar de la Av. Proceres de la independencia.\n(02) UND. ESTAC."
      }
    },
    {
      "type": "Feature",
      "geometry": {
        "type": "Point",
        "coordinates": [
          -77.00530445173983,
          -12.02000707693447
        ]
      },
      "properties": {
        "name": "P.2 ASOC. STO. DOMINGO D. GUZMAN",
        "description": "Jr. Los Eléboros Cdra. 1 a 2 metros lineales del parque Manuel A. Segura en la Asociación El Carmen de Chacarilla de Otero, frontis del Mercado Chacarilla de Otero.\n(03) UND. ESTAC."
      }
    },
    {
      "type": "Feature",
      "geometry": {
        "type": "Point",
        "coordinates": [
          -77.00385007684048,
          -12.01753716020205
        ]
      },
      "properties": {
        "name": "P.3 ASOC. STO. DOMINGO D. GUZMAN",
        "description": "Mz. \"C\" frente a la plaza principal el Pueblito a 5 metros del Jr. Los Liquenes (altura del pasaje D) de la asociación de pobladores Lurigancho Bajo.\n(03) UND. ESTAC."
      }
    },
    {
      "type": "Feature",
      "geometry": {
        "type": "Point",
        "coordinates": [
          -77.00924899399267,
          -12.02162850977778
        ]
      },
      "properties": {
        "name": "P. 4. ASOC. STO. DOMINGO D. GUZMAN",
        "description": "Las Cidras (referencia Mz. \"D2\" lote 1) Sentido Norte-Sur a seis (06) metros de la Av. Tupac Amaru. Urb. Chacarrillas de Otero\n(02 UND. ESTAC.)"
      }
    },
    {
      "type": "Feature",
      "geometry": {
        "type": "Point",
        "coordinates": [
          -77.00806355926083,
          -12.02272519443618
        ]
      },
      "properties": {
        "name": "P. 5. ASOC. STO. DOMINGO D. GUZMAN",
        "description": "Jr. Hipólito Unanue sentido Sur-Norte, lado Este, frente a la persona jurídica Mz. B2, Lote 29, a diez metros de la Av. Tupac Amaru, Urb. Chacarrilla de Otero.\n(02 UND. ESTAC.)"
      }
    },
    {
      "type": "Feature",
      "geometry": {
        "type": "Point",
        "coordinates": [
          -77.01191038608806,
          -12.01773948987473
        ]
      },
      "properties": {
        "name": "P.1 ASOC. AMOVICA",
        "description": "Jr. Las Alcaparras cdra. 5 (frontis a los predios N° 579,589 y 599) a 15 mts. De la Av. las Flores de primavera Cdra. 6 en la Coop. Las Flores, en el sentido Oeste-Este.\n(04) UND. ESTAC."
      }
    },
    {
      "type": "Feature",
      "geometry": {
        "type": "Point",
        "coordinates": [
          -77.01076482932197,
          -12.0178730358633
        ]
      },
      "properties": {
        "name": "P.2 ASOC. AMOVICA",
        "description": "Jr. Las Alcaparras Cdra. 4 frontis del predio N° 422 a 34.00 m. de la Puerta del Mercado El Carmen en el sentido Este-Oeste. \n(03) UND. ESTAC."
      }
    },
    {
      "type": "Feature",
      "geometry": {
        "type": "Point",
        "coordinates": [
          -77.01228974685202,
          -12.02059722412242
        ]
      },
      "properties": {
        "name": "P.3 ASOC. AMOVICA",
        "description": "Av. Túpac Amaru Cdra. 3 a 5 mts. de la Av. Las Flores de Primavera Cdra. 5 en la Coop. del Vivienda Las Flores, en el sentido Este-Oeste. \n(04) UND. ESTAC."
      }
    },
    {
      "type": "Feature",
      "geometry": {
        "type": "Point",
        "coordinates": [
          -77.00820256783727,
          -12.01977899762496
        ]
      },
      "properties": {
        "name": "P.4 ASOC. AMOVICA",
        "description": "Frontis con Los Hinojos Cdra. 5 frente al predio N° 595 de la Coop. Las Flores, en el sentido Sur-Norte. \n(03) UND. ESTAC."
      }
    },
    {
      "type": "Feature",
      "geometry": {
        "type": "Point",
        "coordinates": [
          -77.01110717437783,
          -12.0176684341099
        ]
      },
      "properties": {
        "name": "P.5 ASOC. AMOVICA",
        "description": "Frontis del Predio N° 689 del Jr. Las Crucinelas a 2 metros del Jr. Alcaparras de la urb. Las flores, en el sentido Norte-Sur.\n(04) UND. ESTAC."
      }
    },
    {
      "type": "Feature",
      "geometry": {
        "type": "Point",
        "coordinates": [
          -77.00985739819839,
          -12.0174791534717
        ]
      },
      "properties": {
        "name": "P.6 ASOC. AMOVICA",
        "description": "Jr.- Los Eleboros Cdra. 5 frontis del predio N° 517 a 5 mts. del Jr. Las Bellotitas en Coop. Las Flores, en el sentido Oeste-Este. \n(04) UND. ESTAC."
      }
    },
    {
      "type": "Feature",
      "geometry": {
        "type": "Point",
        "coordinates": [
          -77.01074564186754,
          -12.01843923580249
        ]
      },
      "properties": {
        "name": "P.7 ASOC. AMOVICA",
        "description": "En el Jr. las Grosellas frente al lote N° 651 con Jr. Filipendulas N° 478 Coop. Las flores en el lado lateral de la vía, en el sentido Sur-Norte. \n(03) UND. ESTAC."
      }
    },
    {
      "type": "Feature",
      "geometry": {
        "type": "Point",
        "coordinates": [
          -77.00998370143246,
          -12.01792096950751
        ]
      },
      "properties": {
        "name": "P.8 ASOC. AMOVICA",
        "description": "Jr. Alcaparras frente al lote N° 475-473, Coop. Las Flores, en el sentido Este-Oeste.\n(02) UND. ESTAC."
      }
    },
    {
      "type": "Feature",
      "geometry": {
        "type": "Point",
        "coordinates": [
          -77.01079446379998,
          -12.0202354740674
        ]
      },
      "properties": {
        "name": "P.9 ASOC. AMOVICA",
        "description": "En el Jr. Los Dafnes al lote N° 487 y 489 Coop. Las Flores, en el sentido Oeste-Este.\n(04) UND. ESTAC."
      }
    },
    {
      "type": "Feature",
      "geometry": {
        "type": "Point",
        "coordinates": [
          -77.01308068349049,
          -12.0209947063204
        ]
      },
      "properties": {
        "name": "P.10 ASOC. AMOVICA",
        "description": "En el Jr. Caléndulas frente al lote N° 501 y 503 con Jr. Aromos de la cooperativa las Flores, en el sentido Norte-Sur. \n(03) UND. ESTAC."
      }
    },
    {
      "type": "Feature",
      "geometry": {
        "type": "Point",
        "coordinates": [
          -77.01015791428532,
          -12.0188598107212
        ]
      },
      "properties": {
        "name": "P.1. SANDOGUZ SAC",
        "description": "Berma Lateral derecha de la Calle Las Grosella al costado de la C.E.O. \"Micaela Bastidas\" a una distancia de 05.00 metros de la intersección con la Av. José Antonio Encinas.\n(03 UND. ESTAC.)"
      }
    },
    {
      "type": "Feature",
      "geometry": {
        "type": "Point",
        "coordinates": [
          -77.00703058407339,
          -12.01752871683869
        ]
      },
      "properties": {
        "name": "P.2. SANDOGUZ SAC",
        "description": "BERMA LATERAL DE LA CALLE COLOCAMA (Sentido: Norte- Sur) lado Este a una distancia de 08:00 metros de la intersección con la Calle Los Eléboros en la Urb. San Silvestre.\n(03) UND. ESTAC."
      }
    },
    {
      "type": "Feature",
      "geometry": {
        "type": "Point",
        "coordinates": [
          -77.00465542626114,
          -12.01673003620784
        ]
      },
      "properties": {
        "name": "P.3. SANDOGUZ SAC",
        "description": "Berma Lateral del Jr. Las Hebeas (Calle Las Artemisas), (Sentido: Norte- Sur) lado Este a una distancia de 05:00 metros de la intersección con el Jr. Nepentas.\n(03 UND. ESTAC.)"
      }
    },
    {
      "type": "Feature",
      "geometry": {
        "type": "Point",
        "coordinates": [
          -77.01608728052638,
          -12.01852420060597
        ]
      },
      "properties": {
        "name": "P.1. ASOC. MOTOTAXIS LAS FLORES DE JICAMARCA",
        "description": "UBICADO EN LA CALLE 1-P FRENTE A LA MZ. P LOTE 06 SENTIDO OESTE-ESTE LADO SUR EN LA ASOCIACION COMUNAL LAS FLORES DE JICAMARCA\n(03) UND. ESTAC."
      }
    },
    {
      "type": "Feature",
      "geometry": {
        "type": "Point",
        "coordinates": [
          -77.01350266460392,
          -12.01844307497713
        ]
      },
      "properties": {
        "name": "P.2. ASOC. MOTOTAXIS LAS FLORES DE JICAMARCA",
        "description": "UBICADO EN LA CA. LAS TACONAS ALT. PREDIO 252-272, SENTIDO ESTE-OESTE A 10 METROS DE LA AV. CANTO GRANDE\n(02) UND. ESTAC."
      }
    },
    {
      "type": "Feature",
      "geometry": {
        "type": "Point",
        "coordinates": [
          -77.01271388888888,
          -12.01820555555556
        ]
      },
      "properties": {
        "name": "P.3. ASOC. MOTOTAXIS LAS FLORES DE JICAMARCA",
        "description": "CA. LAS CALÉNDULAS CUADRA 06 LADO IMPAR FRENTE AL PREDIO 628 SENTIDO NORTE-SUR ALTURA PASAJE PEATONAL DEL PARQUE CRISTO SOLEDAD\n(02) UND. ESTAC."
      }
    },
    {
      "type": "Feature",
      "geometry": {
        "type": "Point",
        "coordinates": [
          -77.00251769212903,
          -12.01522639310608
        ]
      },
      "properties": {
        "name": "P. 1 A. MOT. TRIMOVIL EXPRESS",
        "description": "Frontis del 101 de Jr. Las Lausonias, frontis del 1201 de la Av. Proceres de la Independencia,\nUrb. Los Jardines de San Juan.\n(04) UND. ESTAC."
      }
    },
    {
      "type": "Feature",
      "geometry": {
        "type": "Point",
        "coordinates": [
          -77.00619478248846,
          -12.01536739137115
        ]
      },
      "properties": {
        "name": "P.2 A. MOT. TRIMOVIL EXPRES",
        "description": "SFrontis del 801 de Jr. Las Arrayanes, frente al N° 800, a CINCO (05) metros del cruce con el Jr. Las Lausonias Cdra. 03 (los vehiculos se estacionaran en la parte posterior del martillo que dan fin a la cdra. 09 del Jr. Los Arrayanes).\n(04) UND. ESTAC."
      }
    },
    {
      "type": "Feature",
      "geometry": {
        "type": "Point",
        "coordinates": [
          -77.00628099603097,
          -12.01311135349027
        ]
      },
      "properties": {
        "name": "P.3 A. MOT. TRIMOVIL EXPRESS",
        "description": "Jr. Las Arayanes Cdra. 09 frontis del N° 981-987-993 interseccion con la Av. Tusilagos Cdra.\n03 a CINCO (05) metros de la Av. Tusilagos (los vehiculos se ubicaran detrás del martillo que dan a fina la cdra- 09 del Jr. Los Arayanes) referencia Cevicheria La Caleta, frente al grifo Azcarrunz.\n(05) UND. ESTAC."
      }
    },
    {
      "type": "Feature",
      "geometry": {
        "type": "Point",
        "coordinates": [
          -77.00814616769551,
          -12.01328440045677
        ]
      },
      "properties": {
        "name": "P.4 A. MOT. TRIMOVIL EXPRESS",
        "description": "Jr. Los Ruibardos frente al N° 400 a CINCO (05) metros del cruce con el Jr. Los Ricinos\n(Zona de parqueo 1) referencia puerta posteior del Mercado Santa Rosa de America, frente al N° 404-413.\n(02) UND. ESTAC."
      }
    },
    {
      "type": "Feature",
      "geometry": {
        "type": "Point",
        "coordinates": [
          -77.0091289025428,
          -12.01277894556676
        ]
      },
      "properties": {
        "name": "P.5 A. MOT. TRIMOVIL EXPRESS",
        "description": "Jr. Las Ortigas Cdra. 09 frontis del 998-A, frente al N° 991, frontis del Mercado Santa Rosa de America, a CINCO (05) metros del cruce con la Av. Tusilagos Oeste (Zona de Parqueo 2) Urb. Las Violetas.\n(05) UND. ESTAC."
      }
    },
    {
      "type": "Feature",
      "geometry": {
        "type": "Point",
        "coordinates": [
          -77.00447960085923,
          -12.01520696147591
        ]
      },
      "properties": {
        "name": "P.6 A. MOT. TRIMOVIL EXPRESS",
        "description": "Jr. Las Hebeas frente al 1221, frontis al Parque de la Amistad, a CINCO (05) metros lineales del Jr. Las Lausonias en el sentido Norte a Sur, en la Urb. Los Jardines.\n(05) UND. ESTAC."
      }
    },
    {
      "type": "Feature",
      "geometry": {
        "type": "Point",
        "coordinates": [
          -77.0079816830795,
          -12.01295685313873
        ]
      },
      "properties": {
        "name": "P.7 A. MOT. TRIMOVIL EXPRESS",
        "description": "Jr. Los Ricinos frontis al 998, frente al Mercado Santa Rosa de America a CINCO (05) metros lineales en la Av. Tusilagos Oeste de la Urb. Las Violetas.\n(04) UND. ESTAC."
      }
    },
    {
      "type": "Feature",
      "geometry": {
        "type": "Point",
        "coordinates": [
          -77.01156057812193,
          -12.01452066259447
        ]
      },
      "properties": {
        "name": "P.8 A. MOT. TRIMOVIL EXPRESS",
        "description": "Jr. Los Tomillos, frontis al 599, frente al predio N° 590-598 a CINCO (05) metros lineales de la Av. Las Flores de Primavera, en el sentido Oeste a Este.\n(04) UND. ESTAC."
      }
    },
    {
      "type": "Feature",
      "geometry": {
        "type": "Point",
        "coordinates": [
          -77.00765805857031,
          -12.01067648900199
        ]
      },
      "properties": {
        "name": "P.9 A. MOT. TRIMOVIL EXPRESS",
        "description": "Jr. Las Sensitivas, frontis del 425 a 430, cruce con el Jr. Las Bellotitas de la Urb. Las Violetas en el sentido Oeste a Este.\n(04) UND. ESTAC."
      }
    },
    {
      "type": "Feature",
      "geometry": {
        "type": "Point",
        "coordinates": [
          -77.00801571300872,
          -12.01421777249683
        ]
      },
      "properties": {
        "name": "P.10 A. MOT. TRIMOVIL EXPRESS",
        "description": "Jr. Los Ricinos, frontis del 901 al 906, a DOS (02) metros del Jr. Las Palmitas Cdra. 04 en la Urb. Azcarrunz Las Violetas.\n(04) UND. ESTAC."
      }
    },
    {
      "type": "Feature",
      "geometry": {
        "type": "Point",
        "coordinates": [
          -77.0111349942484,
          -12.01241920054862
        ]
      },
      "properties": {
        "name": "P.1 A. MOT. AMOPRIMA EXPRESS",
        "description": "AV. TUSILAGOS OESTE FRONTIS N° 597, A UNA DISTANCIA DE 5 METROS DE LA AV. FLORES DE LA PRIMAVERA, URB. LAS VIOLETAS\n(03) UND. ESTAC."
      }
    },
    {
      "type": "Feature",
      "geometry": {
        "type": "Point",
        "coordinates": [
          -77.01236321279208,
          -12.01072876380621
        ]
      },
      "properties": {
        "name": "P.2 A. MOT. AMOPRIMA EXPRESS",
        "description": "JR. ALHUCEMAS CUADRA 11, DISTANCIA DE 5 METROS DEL CRUCE CON JR. MEJORAMAS, COOPERATIVA LAS FLORES \n(03) UND. ESTAC."
      }
    },
    {
      "type": "Feature",
      "geometry": {
        "type": "Point",
        "coordinates": [
          -77.01240804331985,
          -12.01149597124769
        ]
      },
      "properties": {
        "name": "P.3 A. MOT. AMOPRIMA EXPRESS",
        "description": "JR. ALHUCEMAS FRONTIS N° 1051 A 10 METROS DE CRUCE CON JR. ARANDANOS COOPERATIVA LAS FLORES, SENTIDO NORTE SUR\n(03) UND. ESTAC."
      }
    },
    {
      "type": "Feature",
      "geometry": {
        "type": "Point",
        "coordinates": [
          -77.0130984945585,
          -12.01020420630406
        ]
      },
      "properties": {
        "name": "P.4 A. MOT. AMOPRIMA EXPRESS",
        "description": "10 METROS DE LA PUERTA N° 03 MERCADO LA UNION SANTA ROSA FRENTE JR. LAS MEJORAMAS 735, COOPERATIVA LAS FLORES SENTIDO ESTE A OESTE \n(05) UND. ESTAC."
      }
    },
    {
      "type": "Feature",
      "geometry": {
        "type": "Point",
        "coordinates": [
          -77.01340083751474,
          -12.01237119210002
        ]
      },
      "properties": {
        "name": "P.5 A. MOT. AMOPRIMA EXPRESS",
        "description": "AV. CANTO GRANDE FRONTIS 1062 URB. COOPERATIVA LAS FLORES SENTIDO NORTE A SUR \n(03) UND. ESTAC."
      }
    },
    {
      "type": "Feature",
      "geometry": {
        "type": "Point",
        "coordinates": [
          -77.01071384507249,
          -12.01435555089579
        ]
      },
      "properties": {
        "name": "P.6 A. MOT. AMOPRIMA EXPRESS",
        "description": "JR. CRUCINELAS FRONTIS 900 A 5 METROS DEL JR. LOS TONILLOS CUADRA 5 URB. LAS FLORES \n(02) UND. ESTAC."
      }
    },
    {
      "type": "Feature",
      "geometry": {
        "type": "Point",
        "coordinates": [
          -77.0135447142819,
          -12.01345569849173
        ]
      },
      "properties": {
        "name": "P.7 A. MOT. AMOPRIMA EXPRESS",
        "description": "AV. CANTO GRANDE FRONTIS 970-A URB, COOPERATIVA LAS FLORES\n(03) UND. ESTAC."
      }
    },
    {
      "type": "Feature",
      "geometry": {
        "type": "Point",
        "coordinates": [
          -77.01182486328887,
          -12.01233185073362
        ]
      },
      "properties": {
        "name": "P.8 A. MOT. AMOPRIMA EXPRESS",
        "description": "AV. TUSILAGOS OESTE CUADRA 06 A 10 METROS DE CRUCE CON AV. LAS FLORES DE PRIMAVERA CUADRA 09, COOPERATIVA LAS FLORES\n(05) UND. ESTAC."
      }
    },
    {
      "type": "Feature",
      "geometry": {
        "type": "Point",
        "coordinates": [
          -77.00234684910646,
          -12.01314012568603
        ]
      },
      "properties": {
        "name": "P.1 A. MOT. PESWAVI BREJD",
        "description": "AV. TUSILAGOS OESTE A 5 METROS DE LA VIA AUXILIAR DE LA AV. PROCERS DE LA INDEPENDENCIA\n(03) UND. ESTAC."
      }
    },
    {
      "type": "Feature",
      "geometry": {
        "type": "Point",
        "coordinates": [
          -77.00505707888388,
          -12.00806596876255
        ]
      },
      "properties": {
        "name": "P.2 A. MOT. PESWAVI BREJD",
        "description": "JR. LOS HUERTOS A 5 METROS DE LA VIA AUXILIAR DE LA AV. PROCERES DE LA INDEPENDENCIA, URB LAS FLORES\n(06) UND. ESTAC."
      }
    },
    {
      "type": "Feature",
      "geometry": {
        "type": "Point",
        "coordinates": [
          -77.00649535093467,
          -12.00904216645426
        ]
      },
      "properties": {
        "name": "P.3 A. MOT. PESWAVI BREJD",
        "description": "JR. LOS ACEBOS CRUCE CON JR. RICINOS URB. LAS FLORES DE LIMA\n(03) UND. ESTAC."
      }
    },
    {
      "type": "Feature",
      "geometry": {
        "type": "Point",
        "coordinates": [
          -77.00803403412534,
          -12.01029612647582
        ]
      },
      "properties": {
        "name": "P.4 A. MOT. PESWAVI BREJD",
        "description": "JR. LAS ORTIGAS A 5 METROS DEL JR. SENSITIVAS URB. LAS FLORES DE PRIMAVERA \n(03) UND. ESTAC."
      }
    },
    {
      "type": "Feature",
      "geometry": {
        "type": "Point",
        "coordinates": [
          -77.00391894697242,
          -12.00997109410662
        ]
      },
      "properties": {
        "name": "P.5 A. MOT. PESWAVI BREJD",
        "description": "JR. SENSITIVAS A 15 METROS DEL JR. LOS RICINOS DE LA URB. LOS VIOLETAS \n(05) UND. ESTAC."
      }
    },
    {
      "type": "Feature",
      "geometry": {
        "type": "Point",
        "coordinates": [
          -77.0069948236826,
          -12.01094737358476
        ]
      },
      "properties": {
        "name": "P.6 A. MOT. PESWAVI BREJD",
        "description": "JR. SENSITIVAS A 5 METROS LINEALES DEL JR. RICINOS DE LA URB. LAS VIOLETAS\n(03) UND. ESTAC."
      }
    },
    {
      "type": "Feature",
      "geometry": {
        "type": "Point",
        "coordinates": [
          -77.00333479795627,
          -12.01317122961813
        ]
      },
      "properties": {
        "name": "P.7 A. MOT. PESWAVI BREJD",
        "description": "AV. LOS TUSILAGOS FRONTIS DEL PREDIO 120 A 5 METROS DEL PASAJE LOS MISERABLES URB. LOS JARDINES DE SAN JUAN \n(03) UND. ESTAC."
      }
    },
    {
      "type": "Feature",
      "geometry": {
        "type": "Point",
        "coordinates": [
          -77.00510591839817,
          -12.0128078717546
        ]
      },
      "properties": {
        "name": "P.8 A. MOT. PESWAVI BREJD",
        "description": "JR. LOS HINOJOS FRONTIS DE LA MZ H LOTE 19 Y 21 A 5 METROS DE LA AV. TUSILAGOS OESTE\n(03) UND. ESTAC."
      }
    },
    {
      "type": "Feature",
      "geometry": {
        "type": "Point",
        "coordinates": [
          -77.00427368149029,
          -12.00964232176886
        ]
      },
      "properties": {
        "name": "P.9 A. MOT. PESWAVI BREJD",
        "description": "JR. LAS CORALINAS A 10 METROS LINEALES DEL CRUCE CON LA VIA AUXILIAR DE LA AV. PROCERES DE LA INDEPENDENCIA, FRONTIS DEL INSTITUTO EL BRITANICO \n(05) UND. ESTAC."
      }
    },
    {
      "type": "Feature",
      "geometry": {
        "type": "Point",
        "coordinates": [
          -77.00245503138396,
          -12.01265982826517
        ]
      },
      "properties": {
        "name": "P.10 A. MOT. PESWAVI BREJD",
        "description": "JR. ARANDANOS A 10 METROS LINEALES DEL CRUCE CON LA VIA AUXILIAR DE LA AV. PROCERES DE LA INDEPENDENCIA URB. LOS JARDINES\n(03) UND. ESTAC."
      }
    },
    {
      "type": "Feature",
      "geometry": {
        "type": "Point",
        "coordinates": [
          -77.01217527300116,
          -12.00932999262364
        ]
      },
      "properties": {
        "name": "P.1 A. MOT. SAN BENITO",
        "description": "berma lateral del Jr. Alhucenas frontis al predio N° 1178 cruce con el Jr.\nCoralinas de la Cooperativa Las Flores de Primavera.\n(03) UND. ESTAC."
      }
    },
    {
      "type": "Feature",
      "geometry": {
        "type": "Point",
        "coordinates": [
          -77.0064124287276,
          -12.00606134614927
        ]
      },
      "properties": {
        "name": "P.2 A. MOT. SAN BENITO",
        "description": "Av. Los Jardines Oeste cruce con la Av. Próceres de la Independencia (Urb. Las\nFlores de Lima.\n(03) UND. ESTAC."
      }
    },
    {
      "type": "Feature",
      "geometry": {
        "type": "Point",
        "coordinates": [
          -77.00818369785513,
          -12.00689091298471
        ]
      },
      "properties": {
        "name": "P.3 A. MOT. SAN BENITO",
        "description": "Av. Los Jardines Oeste cuadra 02 (lado derecho) frontis del predio N° 219 cruce con el Jr. Las Ortigas en la Urb. Las Flores de Lima, de acuerdo al sentido del tránsito.\n(04) UND. ESTAC."
      }
    },
    {
      "type": "Feature",
      "geometry": {
        "type": "Point",
        "coordinates": [
          -77.01134464605468,
          -12.0091932636117
        ]
      },
      "properties": {
        "name": "P.4 A. MOT. SAN BENITO",
        "description": "Jr. Las Coralinas de la Cooperativa Las Flores de Primavera, lado derecho a 10.00 metros lineales de la Av. Las Flores de Primavera.\n(03) UND. ESTAC."
      }
    },
    {
      "type": "Feature",
      "geometry": {
        "type": "Point",
        "coordinates": [
          -77.01088243729247,
          -12.00989079346151
        ]
      },
      "properties": {
        "name": "P.5 A. MOT. SAN BENITO",
        "description": "Jr. Las Sensitivas, lado derecho a 10.00 metros lineales de la Av. Flores de Primavera de la Urb. Las Flores de Lima.\n(03) UND. ESTAC."
      }
    },
    {
      "type": "Feature",
      "geometry": {
        "type": "Point",
        "coordinates": [
          -77.00804672419744,
          -12.00658115705316
        ]
      },
      "properties": {
        "name": "P.6 A. MOT. SAN BENITO",
        "description": "Jr. Los Huertos cuadra 17, frontis del predio 1709 de la Urb. San Hilarión a 05.00 metros lineales cruce con la Av. Los Jardines Este cuadra 02, de acuerdo al sentido del transito.\n(02) UND. ESTAC."
      }
    },
    {
      "type": "Feature",
      "geometry": {
        "type": "Point",
        "coordinates": [
          -77.0134936854843,
          -12.00925693976692
        ]
      },
      "properties": {
        "name": "P.7 A. MOT. SAN BENITO",
        "description": "Jr. Las Mejoramas cuadra 08 cruce con el Jr. Las Coralinas cuadra 08 de la\nCoop. Las Flores.\n(02) UND. ESTAC."
      }
    },
    {
      "type": "Feature",
      "geometry": {
        "type": "Point",
        "coordinates": [
          -77.0098175930772,
          -12.00730164925008
        ]
      },
      "properties": {
        "name": "P.8 A. MOT. SAN BENITO",
        "description": "Jr. Los Amelos cuadra 17 frente al predio N° 1723 en la Urb. San Hilarión, de acuerdo al sentido del tránsito.\n(02) UND. ESTAC."
      }
    },
    {
      "type": "Feature",
      "geometry": {
        "type": "Point",
        "coordinates": [
          -77.00632456198508,
          -12.00624151511742
        ]
      },
      "properties": {
        "name": "P.9 A. MOT. SAN BENITO",
        "description": "berma lateral de la Av. Los Jardines Oeste en el sentido (Este - Oeste), frente a la Mz. V lote 17-A de la Urb. San Hilarión a 05.00 metros lineales de la vía auxiliar de la Av. Próceres de la Independencia, de acuerdo al sentido del tránsito.\n(07) UND. ESTAC."
      }
    },
    {
      "type": "Feature",
      "geometry": {
        "type": "Point",
        "coordinates": [
          -77.0084982663421,
          -12.0068202444669
        ]
      },
      "properties": {
        "name": "P.10 A. MOT. SAN BENITO",
        "description": "berma lateral del Jirón Las Ortigas en el sentido (Norte - Sur), frente a la Mz. C Lote 18 de la Urb. San Hilarión a 12.00 metros lineales de la Av. Jardines Oeste de acuerdo al sentido del tránsito.\n(02) UND. ESTAC."
      }
    },
    {
      "type": "Feature",
      "geometry": {
        "type": "Point",
        "coordinates": [
          -77.01139453103733,
          -12.00722992413633
        ]
      },
      "properties": {
        "name": "P.1 E. MOT. QUINCE DE ENERO SA",
        "description": "JR. LAS VERDOLAGAS N 615 A 10 METROS DE LA AV. LAS FLORES DE PRIMAVERA CUADRA 13 COOPERATIVA DE VIVIENDA LAS FLORES \n(08) UND. ESTAC."
      }
    },
    {
      "type": "Feature",
      "geometry": {
        "type": "Point",
        "coordinates": [
          -77.01893611111112,
          -12.01131388888889
        ]
      },
      "properties": {
        "name": "P.2. E. MOT. QUINCE DE ENERO SA",
        "description": "CALLE S/N FRONTIS A LA MZ. F AL COSTADO DE LA POSTA MEDICA DEL PPJJ 15 DE ENERO\n(04) UND. ESTAC."
      }
    },
    {
      "type": "Feature",
      "geometry": {
        "type": "Point",
        "coordinates": [
          -77.0138381415278,
          -12.00820826249065
        ]
      },
      "properties": {
        "name": "P. 3. E. MOT. QUINCE DE ENERO SA",
        "description": "BERMA LATERAL DE LA CALLE MEJORANAS SUR A NORTE A 10 METROS DE JR LOS VERDOLAGAS COOP VIVIENDA LAS FLORES \n(08 UND. ESTAC.)"
      }
    },
    {
      "type": "Feature",
      "geometry": {
        "type": "Point",
        "coordinates": [
          -77.01982818333799,
          -12.01230883004416
        ]
      },
      "properties": {
        "name": "P.4 E. MOT. QUINCE DE ENERO SA",
        "description": "CALLE S/N FRONTIS DE LA MZ G 1 LOTE 14 DEL PPJJ 15 DE ENERO \n(03) UND. ESTAC."
      }
    },
    {
      "type": "Feature",
      "geometry": {
        "type": "Point",
        "coordinates": [
          -77.01922013289435,
          -12.01231870933343
        ]
      },
      "properties": {
        "name": "P.5 E. MOT. QUINCE DE ENERO SA",
        "description": "CALLE S/N FRONTIS MZ G G-1 LOTE 24 FRENTE A MZ H DEL PPJJ 15 DE ENERO \n(02) UND. ESTAC."
      }
    },
    {
      "type": "Feature",
      "geometry": {
        "type": "Point",
        "coordinates": [
          -77.01856617438888,
          -12.01174734346822
        ]
      },
      "properties": {
        "name": "P.6 E. MOT. QUINCE DE ENERO SA",
        "description": "CALLE S/N FRONTIS DE LA MZ. J LOTE 17 FRENTE A LA MZ G2 DEL PPJJ15 DE ENERO \n(02) UND. ESTAC."
      }
    },
    {
      "type": "Feature",
      "geometry": {
        "type": "Point",
        "coordinates": [
          -77.0178290534182,
          -12.01125216740433
        ]
      },
      "properties": {
        "name": "P.7 E. MOT. QUINCE DE ENERO SA",
        "description": "CALLE S/N FRONTIS DE LA MZ. M LOTE 20 FRENTE A MZ K DEL PPJJ 15 DE ENERO \n(03) UND. ESTAC."
      }
    },
    {
      "type": "Feature",
      "geometry": {
        "type": "Point",
        "coordinates": [
          -77.01652504290035,
          -12.00887768628026
        ]
      },
      "properties": {
        "name": "P.8 E. MOT. QUINCE DE ENERO SA",
        "description": "BERMA LATERAL DEL JR. LOS VERDOLAGAS FRONTIS DEL PREDIO N 898 A 5 METROS DE LA AV. CANTO GRANDE CUADRA 12 DE LA COOPERATIVA DE VIVIENDA LAS FLORES\n(05) UND. ESTAC."
      }
    },
    {
      "type": "Feature",
      "geometry": {
        "type": "Point",
        "coordinates": [
          -77.01117881510274,
          -12.00768078326444
        ]
      },
      "properties": {
        "name": "P.9 E. MOT. QUINCE DE ENERO SA",
        "description": "BERMA LATERAL DEL JR. LAS RIMARINAS OESTE A ESTE A 10 METROS DE LA AV. FLORES DE PRIMAVERA CUADRA 13 DE LA COOPERATIVA DE VIVIENDA LAS FLORE S\n(05) UND. ESTAC."
      }
    },
    {
      "type": "Feature",
      "geometry": {
        "type": "Point",
        "coordinates": [
          -77.01489107599465,
          -12.00787148025545
        ]
      },
      "properties": {
        "name": "P.10 E. MOT. QUINCE DE ENERO SA",
        "description": "BERMA LATERAL JR. LAS JUNCIAS FRONTIS DEL PREDIO 898 ESTE A OESTE INTERSECCION CON EL JR. LOS ROMALVAS DE LA COOPERATIVA LAS FLORES \n(03) UND. ESTAC."
      }
    },
    {
      "type": "Feature",
      "geometry": {
        "type": "Point",
        "coordinates": [
          -77.0174753466312,
          -12.00988175517151
        ]
      },
      "properties": {
        "name": "P.1. ASOCIACIÓN DE TRANSPORTES LA BOMBONERA - ASTRABOM",
        "description": "Ubicado en la berma lateral del Jr. La Paz (antes: Calle \"B\" o Calle 12), frente a la Mz. \"B\" lote 10, en el sentido al tránsito Norte-Sur, lado Oeste, a 5.00 metros de la Av. Juan Velasco Alvarado. \nUND. ESTAC. (03)"
      }
    },
    {
      "type": "Feature",
      "geometry": {
        "type": "Point",
        "coordinates": [
          -77.0129841583816,
          -12.00656505671649
        ]
      },
      "properties": {
        "name": "P.2. ASOCIACIÓN DE TRANSPORTES LA BOMBONERA-ASTRABOM",
        "description": "UBICADO EN LA BERMA LATERAL DEL JR. LOS MASTUERZOS, EN EL SENTIDO AL TRÁNSITO NORTE-SUR, LADO OESTE, A 5.00 METROS DE LA CA. LAS MANDRÁGORAS (REF. PREDIO N° 1414, PARQUE RECREATIVO)\nUND. ESTAC. (04)"
      }
    },
    {
      "type": "Feature",
      "geometry": {
        "type": "Point",
        "coordinates": [
          -77.01313842846007,
          -12.00480821228853
        ]
      },
      "properties": {
        "name": "P.3. ASOCIACIÓN DE TRANSPORTES LA BOMBONERA-ASTRABOM",
        "description": "UBICADO EN LA BERMA LATERAL DE LA CA. LOS EBANOS, FRONTIS AL PREDIO N° 671, EN EL SENTIDO AL TRÁNSITO OESTE-ESTE, LADO SUR, A 5.00 METROS DEL JR. LAS ALHUCENAS.\nUND. ESTAC. (02)"
      }
    },
    {
      "type": "Feature",
      "geometry": {
        "type": "Point",
        "coordinates": [
          -77.01579046540456,
          -12.00666109795804
        ]
      },
      "properties": {
        "name": "P.4. ASOCIACIÓN DE TRANSPORTES LA BOMBONERA - ASTRABOM",
        "description": "UBICADO EN LA BERMA LATERAL DE LA CALLE “C”, EN SENTIDO AL TRÁNSITO OESTE-ESTE, LADO SUR, A 5.00 METROS DE LA AV. CANTO GRANDE. (REF. PREDIO N° 1389). \nUND. ESTAC. (01)"
      }
    },
    {
      "type": "Feature",
      "geometry": {
        "type": "Point",
        "coordinates": [
          -77.01064259173016,
          -12.00226715756675
        ]
      },
      "properties": {
        "name": "P.1 E. MOT. BLASER & CSCRL",
        "description": "cruce del Jr. Las Ortigas cdra. 18, frente al predio Nº 1899 a 05.00 metros lineales del Jr. Los Eneldos en In Urb. San Hilarión II Etapa, en sentido Sur- Norte.\n(05) UND. ESTAC."
      }
    },
    {
      "type": "Feature",
      "geometry": {
        "type": "Point",
        "coordinates": [
          -77.00921155835651,
          -12.00190525526981
        ]
      },
      "properties": {
        "name": "P.2 E. MOT. BLASER & CSCRL",
        "description": "esquina de la cuadra final del Jr. Los Pelitres (cuadra 18) antes de cruzar el Jr. Los Eneldos cuadra 01 de La Urb. San Hilarión.\n(03) UND. ESTAC."
      }
    },
    {
      "type": "Feature",
      "geometry": {
        "type": "Point",
        "coordinates": [
          -77.01171776638593,
          -12.00469854692222
        ]
      },
      "properties": {
        "name": "P.3 E. MOT. BLASER & CSCRL",
        "description": "Jr. Los Ébanos (cuadra 04) a 10.00 metros de la Av. Las Flores de Primavera (cuadra15) altura del predio N° 498.\n(03) UND. ESTAC."
      }
    },
    {
      "type": "Feature",
      "geometry": {
        "type": "Point",
        "coordinates": [
          -77.00673263220249,
          -12.00566286470885
        ]
      },
      "properties": {
        "name": "P.4 E. MOT. BLASER & CSCRL",
        "description": "a 10.00 Metros lineales de la vía auxiliar de la Av. Próceres de la Independencia (cuadra 17) cruce con el Jr. Las Rimasrimas s/n lado Norte de la Urb. San Hilarión.\n(02) UND. ESTAC."
      }
    },
    {
      "type": "Feature",
      "geometry": {
        "type": "Point",
        "coordinates": [
          -77.0082203890854,
          -12.003141869253
        ]
      },
      "properties": {
        "name": "P.5 E. MOT. BLASER & CSCRL",
        "description": "a 10.00 metros lineales de la Vía auxiliar de la Av. Proceres de la Independencia (cuadra 17) cuadra con Jr. Los Ébanos cuadra 01 en la Asociación Pro vivienda San Hilarión.\n(04) UND. ESTAC."
      }
    },
    {
      "type": "Feature",
      "geometry": {
        "type": "Point",
        "coordinates": [
          -77.01223905734975,
          -12.00278015596219
        ]
      },
      "properties": {
        "name": "P.6 E. MOT. BLASER & CSCRL",
        "description": "Jr. Eneldos (cuadra 04) frontis del predio N° 484 a 20.00 metros lineales de la Av. Las Flores de Primavera de la Urb. San Hilarión, en sentido Oeste-Este.\n(02) UND. ESTAC."
      }
    },
    {
      "type": "Feature",
      "geometry": {
        "type": "Point",
        "coordinates": [
          -77.00970670431447,
          -12.00401616319113
        ]
      },
      "properties": {
        "name": "P.7 E. MOT. BLASER & CSCRL",
        "description": "Jr. Las Ortigas (cuadra 18) lado Norte del Jr. Los Ébanos cuadra 02 lado norte del Jr. Los Ébanos a 05.00 metros lineales del Jr. Las Ortigas en Urb. San Hilarión.\n(03) UND. ESTAC."
      }
    },
    {
      "type": "Feature",
      "geometry": {
        "type": "Point",
        "coordinates": [
          -77.01133237581759,
          -12.00200890067697
        ]
      },
      "properties": {
        "name": "P.8 E. MOT. BLASER & CSCRL",
        "description": "Jr. Las Grosellas intersección con el Jr. Las Celedonias frente del predio N° 1912 en el Urb. San Hilarión II Etapa.\n(02) UND. ESTAC."
      }
    },
    {
      "type": "Feature",
      "geometry": {
        "type": "Point",
        "coordinates": [
          -77.011406826033,
          -12.00508382525827
        ]
      },
      "properties": {
        "name": "P.9 E. MOT. BLASER & CSCRL",
        "description": "Jr. Los Licopodios (cuadra 4) frontis del predio Nº 474 a 20.00 metros lineales de la Av. Las Flores de Primavera en la Urb. San Hilarión II Etapa.\n(02) UND. ESTAC."
      }
    },
    {
      "type": "Feature",
      "geometry": {
        "type": "Point",
        "coordinates": [
          -77.01109100139635,
          -12.00528428803954
        ]
      },
      "properties": {
        "name": "P.10 E. MOT. BLASER & CSCRL",
        "description": "Jr. Los Amelos a 05.00 metros de la intersección con el Jr. Las Savias, frente al predio Nº 1767 de la Urb. San Hilarión II Etapa, en sentido Sur- Norte.\n(03) UND. ESTAC."
      }
    },
    {
      "type": "Feature",
      "geometry": {
        "type": "Point",
        "coordinates": [
          -77.01013908666398,
          -12.00457415064513
        ]
      },
      "properties": {
        "name": "P.11 E. MOT. BLASER & CSCRL",
        "description": "Jr. Las Grosellas a 05.00 metros de la intersección con el Jr. Los Ebanos, frontis de la Mz. B (altura del predio N° 1782) de la Urb. San Hilarión Il Etapa\n(02) UND. ESTAC."
      }
    },
    {
      "type": "Feature",
      "geometry": {
        "type": "Point",
        "coordinates": [
          -76.99875649986738,
          -12.01162076262902
        ]
      },
      "properties": {
        "name": "P.1 E.T.S.M. SAUCE CELIMA S.A.",
        "description": "frontis de la fábrica vencedores de la Av. Tusilagos Este a 35.00 metros de la\nAv. 13 de Enero en el sentido del tránsito (Oeste-Este).\n(05) UND. ESTAC."
      }
    },
    {
      "type": "Feature",
      "geometry": {
        "type": "Point",
        "coordinates": [
          -76.9965590715873,
          -12.00937361803497
        ]
      },
      "properties": {
        "name": "P. 2 E.T.S.M. SAUCE CELIMA S.A.",
        "description": "Calle 4 a 05.00 metros del cruce con la Av. Santa Rosa de Lima (AA.HH. Los Palomares.\n(02) UND. ESTAC."
      }
    },
    {
      "type": "Feature",
      "geometry": {
        "type": "Point",
        "coordinates": [
          -76.98975772697194,
          -12.00767584512831
        ]
      },
      "properties": {
        "name": "P.3 E.T.S.M. SAUCE CELIMA S.A",
        "description": ".frontis con la Mz LL y Mz L (AA.HH. Santa Rosa El Sauce).\n(05) UND. ESTAC."
      }
    },
    {
      "type": "Feature",
      "geometry": {
        "type": "Point",
        "coordinates": [
          -76.99122843186653,
          -12.00755321539103
        ]
      },
      "properties": {
        "name": "P.4 E.T.S.M. SAUCE CELIMA S.A",
        "description": ".frontis de la Mz. E Lote 2 del AA.HH. Santa Rosa del Sauce a 10.00 metros de la Av. Los Claveles.\n(04) UND. ESTAC."
      }
    },
    {
      "type": "Feature",
      "geometry": {
        "type": "Point",
        "coordinates": [
          -76.99152290347565,
          -12.00737281529373
        ]
      },
      "properties": {
        "name": "P.5 E.T.S.M. SAUCE CELIMA S.A.",
        "description": "frontis a la Mz. B Lote 18 del AA.HH. El Sauce II\n(05) UND. ESTAC."
      }
    },
    {
      "type": "Feature",
      "geometry": {
        "type": "Point",
        "coordinates": [
          -76.9973337706187,
          -12.0077114282293
        ]
      },
      "properties": {
        "name": "P. 6 E. T. S. M. SAUCE CELIMA S.A.",
        "description": "frontis del Jr. El Hierro N° 598 Urb. Inca Manco Cápac a 10.00 metros de la intersección con la cuadra 165 de la Av. Santa Rosa de Lima.\n(04 und estac.)"
      }
    },
    {
      "type": "Feature",
      "geometry": {
        "type": "Point",
        "coordinates": [
          -76.99960088098973,
          -12.00812327791707
        ]
      },
      "properties": {
        "name": "P. 7 E. T. S. M. SAUCE CELIMA S.A.",
        "description": "Jr. Las Terrazos intersección con Jr. Platas Rojas frontis N° 1498-1496 Urb. Inca Manco Capac.\n(04 und estac.)"
      }
    },
    {
      "type": "Feature",
      "geometry": {
        "type": "Point",
        "coordinates": [
          -76.9903686071629,
          -12.00670871980504
        ]
      },
      "properties": {
        "name": "P.8 E.T.S.M. SAUCE CELIMA S.A",
        "description": ".Mz. D Lote 16 a 05.00 metros de la calle los claveles del AA.HH. Santa Rosa del Sauce.\n(06) UND. ESTAC."
      }
    },
    {
      "type": "Feature",
      "geometry": {
        "type": "Point",
        "coordinates": [
          -76.98920348525162,
          -12.00853837058226
        ]
      },
      "properties": {
        "name": "P.9 E.T.S.M. SAUCE CELIMA S.A.",
        "description": "AA.HH. Santa Rosa del Sauce Mz. N Lote 10, frente a puerta principal del Colegio Nacional N° 170.\n(02) UND. ESTAC."
      }
    },
    {
      "type": "Feature",
      "geometry": {
        "type": "Point",
        "coordinates": [
          -76.99663299987002,
          -12.01230613714446
        ]
      },
      "properties": {
        "name": "P.10 E.T.S.M. SAUCE CELIMA S.A.",
        "description": "berma lateral de la calle Los Zorzales frente a la Mz. \"S\" Lote 33b, en el sentido Este a Oeste, lado norte y adyacente a la Av. Santa Rosa.\n(02) UND. ESTAC."
      }
    },
    {
      "type": "Feature",
      "geometry": {
        "type": "Point",
        "coordinates": [
          -76.99688487087565,
          -12.01111764691538
        ]
      },
      "properties": {
        "name": "P.11 E.T.S.M. SAUCE CELIMA S.A",
        "description": ".Av. Santa Rosa cruce con la Av. Tusilagos frontis Mz. B tote 02 Urb. Los Ángeles, en el sentido de Oeste-Este en la berma lateral.\n(04) UND. ESTAC."
      }
    },
    {
      "type": "Feature",
      "geometry": {
        "type": "Point",
        "coordinates": [
          -76.99275626986037,
          -12.00795666276776
        ]
      },
      "properties": {
        "name": "P.12 E.T.S.M. SAUCE CELIMA S.A.",
        "description": "al costado de la fábrica Celima frente a la Mz. D Lote 01 Asoc. Los Jardines de San Vicente a 05.00 metros lineales con Av. Tusilagos (frente estación Sedapal), en la berma lateral del sentido Oeste-Este\n(05) UND. ESTAC."
      }
    },
    {
      "type": "Feature",
      "geometry": {
        "type": "Point",
        "coordinates": [
          -76.99424628277714,
          -12.00867797888286
        ]
      },
      "properties": {
        "name": "P.13 E.T.S.M. SAUCE CELIMA S.A.",
        "description": "Calle 4 intersección de la calle 5 colindante con Mz. A lote 3 de la Zona Industrial.\n(05) UND. ESTAC."
      }
    },
    {
      "type": "Feature",
      "geometry": {
        "type": "Point",
        "coordinates": [
          -76.99099771384358,
          -12.00847004440869
        ]
      },
      "properties": {
        "name": "P.14 E.T.S.M. SAUCE CELIMA S.A.",
        "description": "frontis Mz. K lote 01, frente a Mz. J lote 01 de la Asoc. Santa Rosa del Sauce (Ref. Bodega Ruti Mery), a una distancia aproximadamente 50.00 metros del Parque \"El Proyecto\".\n(04) UND. ESTAC."
      }
    },
    {
      "type": "Feature",
      "geometry": {
        "type": "Point",
        "coordinates": [
          -77.00163527577115,
          -12.01322326461957
        ]
      },
      "properties": {
        "name": "P.15 E.T.S.M. SAUCE CELIMA S.A",
        "description": ".frontis de la berma lateral de la Av. Tusilagos Este a 10.00 metros de la vía auxiliar de la Av. Próceres de la Independencia, frontis del edificio A de la 1ra Etapa de la\nUrb. Los Jardines, en sentido del tránsito\n(10) UND. ESTAC."
      }
    },
    {
      "type": "Feature",
      "geometry": {
        "type": "Point",
        "coordinates": [
          -76.99046715787834,
          -12.00529491356343
        ]
      },
      "properties": {
        "name": "P.1 EL SAUCE ATEVEMESA",
        "description": "Frontis de la Mz. H Lote 01 de la Asociación de pobladores El Sauce II Etapa, en el sentido del tránsito.\n(04) UND. ESTAC."
      }
    },
    {
      "type": "Feature",
      "geometry": {
        "type": "Point",
        "coordinates": [
          -76.99716046801485,
          -12.007165498627
        ]
      },
      "properties": {
        "name": "P.2 EL SAUCE ATEVEMESA",
        "description": "Frontis de la Mz. A a 05.00 metros lineales de la Av. Santa Rosa de Lima (cdra 14) frente al Parque Sol de Zárate en la Asociación San Jorge, en el sentido del tránsito.\n(03) UND. ESTAC."
      }
    },
    {
      "type": "Feature",
      "geometry": {
        "type": "Point",
        "coordinates": [
          -77.0015501965467,
          -12.00602886838348
        ]
      },
      "properties": {
        "name": "P.3 EL SAUCE ATEVEMESA",
        "description": "Av. Maquinaria Cuadra 03 sentido (Oeste-Este) a 05.00 metros lineales de la\nAv. 13 de Enero sentido (Norte-Sur), en el sentido del tránsito.\n(03) UND. ESTAC."
      }
    },
    {
      "type": "Feature",
      "geometry": {
        "type": "Point",
        "coordinates": [
          -77.00429838294929,
          -12.00767786414652
        ]
      },
      "properties": {
        "name": "P.4 EL SAUCE ATEVEMESA",
        "description": "Av. Maquinarias Cdra. 01 en sentido (Oeste-Este) a 15.00 metros lineales de la Av. Próceres de la Independencia, en el sentido del tránsito.\n(04) UND. ESTAC."
      }
    },
    {
      "type": "Feature",
      "geometry": {
        "type": "Point",
        "coordinates": [
          -76.99480893220053,
          -12.00610315832287
        ]
      },
      "properties": {
        "name": "P.5 EL SAUCE ATEVEMESA",
        "description": "Frontis de la Mz. D Lote 04 de la Asociación Sol de Zárate.\n(04) UND. ESTAC."
      }
    },
    {
      "type": "Feature",
      "geometry": {
        "type": "Point",
        "coordinates": [
          -76.9907975737854,
          -12.00602612751126
        ]
      },
      "properties": {
        "name": "P. 6. EL SAUCE ATEVEMESA",
        "description": "Av. Las Rosas en sentido (Este-Oeste) frontis a la Mz. G Lote 01 Asentamiento Humano Sauce Segundo (I1), en el sentido del tránsito.\n(03 UND. ESTAC.)"
      }
    },
    {
      "type": "Feature",
      "geometry": {
        "type": "Point",
        "coordinates": [
          -76.997841877919,
          -12.00737462592016
        ]
      },
      "properties": {
        "name": "P.7 EL SAUCE ATEVEMESA",
        "description": "Jr. Plantas Rojas, altura de la Mz. G Lote 01 a 10.00 metros lineales de la Av.\nSanta Rosa Esmeralda.\n(04) UND. ESTAC."
      }
    },
    {
      "type": "Feature",
      "geometry": {
        "type": "Point",
        "coordinates": [
          -77.00002249910047,
          -12.00718832949543
        ]
      },
      "properties": {
        "name": "P.8 EL SAUCE ATEVEMESA",
        "description": "Jr. Bórax (berma lateral en el sentido: Este-Oeste), en el frontis del Predio N° 501 con aproximación al Jr. Las Terrazas de la Asociación de Pro Vivienda Inca Manco Cápac 2da. Etapa.\n(02) UND. ESTAC."
      }
    },
    {
      "type": "Feature",
      "geometry": {
        "type": "Point",
        "coordinates": [
          -76.99192243731972,
          -12.0058292333712
        ]
      },
      "properties": {
        "name": "P.9 EL SAUCE ATEVEMESA",
        "description": "berma lateral de la Calle 2 en el sentido (Este-Oeste), en el frontis del predio Mz. G Lote 35 con aproximación a la Ca. Los Geranios del AA. HH. El Sauce.\n(02) UND. ESTAC."
      }
    },
    {
      "type": "Feature",
      "geometry": {
        "type": "Point",
        "coordinates": [
          -76.99026826014382,
          -12.00475936458781
        ]
      },
      "properties": {
        "name": "P. 10. EL SAUCE ATEVEMESA",
        "description": "Avenida \"A\" frente a la Mz. F lote 10 del AA.HH. El Sauce Segundo en el sentido Este-Oeste, lado Norte a 05.00 metros lineales de Av. 12 de Febrero (Av. Prehispánica).\n(04) UND. ESTAC."
      }
    },
    {
      "type": "Feature",
      "geometry": {
        "type": "Point",
        "coordinates": [
          -77.00563435896366,
          -12.00590625953078
        ]
      },
      "properties": {
        "name": "P.1 E.T. LA HACIENDA ETA",
        "description": "Av. Los Jardines Este a 10.00 metros del cruce con la Av. Próceres de la Independencia en el sentido Oeste-Este (Urb. Las Flores 81).\n(08) UND. ESTAC."
      }
    },
    {
      "type": "Feature",
      "geometry": {
        "type": "Point",
        "coordinates": [
          -77.00573598601179,
          -12.00572740460408
        ]
      },
      "properties": {
        "name": "P.2 E.T. LA HACIENDA ETA",
        "description": "Av. Los Jardines Este a 10.00 metros del cruce con la Av. Próceres de la Independencia en el sentido Oeste-Este (Urb. Las Flores 78).\n(08) UND. ESTAC."
      }
    },
    {
      "type": "Feature",
      "geometry": {
        "type": "Point",
        "coordinates": [
          -76.9988755567246,
          -12.00286364163733
        ]
      },
      "properties": {
        "name": "P.3. E.T.LA HACIENDA ETA",
        "description": "Av. Santa Rosa de Lima frontis al predio Nº 1698 a 03.00 metros del cruce con la Av. Los Jardines Este de la Urb. Inca Manco Cápac II Etapa en sentido Sur-Norte.\n(08) UND. ESTAC."
      }
    },
    {
      "type": "Feature",
      "geometry": {
        "type": "Point",
        "coordinates": [
          -76.99302724381866,
          -12.00433659724369
        ]
      },
      "properties": {
        "name": "P.4. E.T. LA HACIENDA ETA",
        "description": "Av. Los Jardines Este cuadra 11 con frontis Mz. G1 lote 03 (Asoc. De Vivienda El Sauce I Etapa.\n(03) UND. ESTAC."
      }
    },
    {
      "type": "Feature",
      "geometry": {
        "type": "Point",
        "coordinates": [
          -76.99792352963122,
          -12.00545615476863
        ]
      },
      "properties": {
        "name": "P.5. E.T.LA HACIENDA ETA",
        "description": "Av. Santa Rosa de Lima Nº 1598 a 05.00 metros de la puerta del Mercado Nº 02 de la Urb. Inca Manco Cápac III Etapa.\n(04) UND. ESTAC."
      }
    },
    {
      "type": "Feature",
      "geometry": {
        "type": "Point",
        "coordinates": [
          -77.00542295096615,
          -12.00538510656109
        ]
      },
      "properties": {
        "name": "P.6 E.T. LA HACIENDA ETA",
        "description": "Jr. Los Zafiros a 05.00 metros de la Av. Los Jardines Este de la Urb. Las Flores 78.\n(05) UND. ESTAC."
      }
    },
    {
      "type": "Feature",
      "geometry": {
        "type": "Point",
        "coordinates": [
          -76.99092052322408,
          -12.00450955235544
        ]
      },
      "properties": {
        "name": "P.7. E.T. LA HACIENDA ETA",
        "description": "calle s/n entre la Mz. D lote 54 del AA. HH. Pueblo Libre Mz. B lote 20 de la Asoc. Vivienda El Sauce II.\n(04) UND. ESTAC."
      }
    },
    {
      "type": "Feature",
      "geometry": {
        "type": "Point",
        "coordinates": [
          -77.00511490738839,
          -12.00558275901479
        ]
      },
      "properties": {
        "name": "P.8 E.T. LA HACIENDA ETA",
        "description": "Av. Los Jardines Este (lado derecho) a 70.00 metros con la Av. Próceres de la Independencia y altura de la puerta de escape Cine Star Metro San Juan de la Urb. Las Flores 81, en sentido Oeste-Este.\n(08) UND. ESTAC."
      }
    },
    {
      "type": "Feature",
      "geometry": {
        "type": "Point",
        "coordinates": [
          -76.99279652002362,
          -12.00464417864232
        ]
      },
      "properties": {
        "name": "P.9 E.T. LA HACIENDA ETA",
        "description": "Calle 201 con la cuadra 11 de la Av. Los Jardines Este junto Mz. E lote 12 de la Asoc. Pro Vivienda Villa Las Casuarinas y a 15.00 metros de la Av. Los Jardines Este, en sentido Sur-Norte.\"\n(06) UND. ESTAC."
      }
    },
    {
      "type": "Feature",
      "geometry": {
        "type": "Point",
        "coordinates": [
          -77.0038303215891,
          -12.00737745370052
        ]
      },
      "properties": {
        "name": "P. 10 E.T. LA HACIENDA ETA",
        "description": "Jr. Las Maquinarias cuadra 01 margen izquierdo de la Urb. Las Flores 81, a 90.00 metros de la Av. Próceres de la Independencia.\n(07) UND. ESTAC."
      }
    },
    {
      "type": "Feature",
      "geometry": {
        "type": "Point",
        "coordinates": [
          -76.9960352463004,
          -12.00676535486775
        ]
      },
      "properties": {
        "name": "P.11 E.T. LA HACIENDA ETA",
        "description": "frontis de la Mz. C lote 01 de la Asoc. De Vivienda San Marcos.\n(03) UND. ESTAC."
      }
    },
    {
      "type": "Feature",
      "geometry": {
        "type": "Point",
        "coordinates": [
          -76.99261280495509,
          -12.00565674136946
        ]
      },
      "properties": {
        "name": "P.12 E.T. LA HACIENDA ETA",
        "description": "frontis de la Mz. B lote 11 de la Prolongación de la Av. Jardines Este frente a la Mz. A Lote 46 de la Asociación de Propietarios Jardines San Vicente (Ref. Frente a la tienda de muebles Belén).\n(04) UND. ESTAC."
      }
    },
    {
      "type": "Feature",
      "geometry": {
        "type": "Point",
        "coordinates": [
          -76.99035068137938,
          -12.00457731041158
        ]
      },
      "properties": {
        "name": "P.13. E.T. LA HACIENDA ETA",
        "description": "a 05.00 metros lineales de la puerta de ingreso Nº 01 del Cementerio El Sauce hacia la entrada de la Agrupación Familiar Villa Mercedes.\n(02) UND. ESTAC."
      }
    },
    {
      "type": "Feature",
      "geometry": {
        "type": "Point",
        "coordinates": [
          -76.99246884239055,
          -12.00448490123855
        ]
      },
      "properties": {
        "name": "P.14 E.T. LA HACIENDA ETA",
        "description": "frontis Mz. E Lote 16 al frente de la Mz. D Lote 28 del AA. HH. Pueblo Libre (Ref. Botica Mega Salud).\n(03) UND. ESTAC."
      }
    },
    {
      "type": "Feature",
      "geometry": {
        "type": "Point",
        "coordinates": [
          -77.002530164325,
          -12.00413304304273
        ]
      },
      "properties": {
        "name": "P.1. A.T.M. SAN JOSE",
        "description": "Av. Los Jardines Este cuadra 3 (sentido: Oeste - Este) a 25.00 metros de la Av. 13 de Enero en la Urb. Las Flores 81 (Centro Comercial \"Corazón de Jesús\").\n(05) UND. ESTAC."
      }
    },
    {
      "type": "Feature",
      "geometry": {
        "type": "Point",
        "coordinates": [
          -76.99567755641151,
          -12.00391743262522
        ]
      },
      "properties": {
        "name": "P.2.A.T.M. SAN JOSE",
        "description": "Ubicado a 02.00 metros de la puerta principal del Centro de Salud \"La Libertad\", altura de la cuadra 15 del Jr. Las Margaritas de la Asociación Inca Manco Cápac III Etapa.\n(02) UND. ESTAC."
      }
    },
    {
      "type": "Feature",
      "geometry": {
        "type": "Point",
        "coordinates": [
          -77.00247392806253,
          -12.00370314673288
        ]
      },
      "properties": {
        "name": "P. 3. .A.T.M. SAN JOSE",
        "description": "cuadra 17 de la Av. 13 de Enero a 02.00 metros de la Av. Los Jardines Este, lado del martillo en la Urb. Las Flores 78.\n(03) UND. ESTAC."
      }
    },
    {
      "type": "Feature",
      "geometry": {
        "type": "Point",
        "coordinates": [
          -77.00630290641163,
          -12.00448703334992
        ]
      },
      "properties": {
        "name": "P. 4 A. T. M. SAN JOSE",
        "description": "frontis del Jr. Las Micas Nº 101, lado sur a 05.00 metros lineales de la Vía auxiliar de la Av. Próceres de la Independencia cuadra 17, en la Urb. Las Flores 78.\n(02 und estac.)"
      }
    },
    {
      "type": "Feature",
      "geometry": {
        "type": "Point",
        "coordinates": [
          -77.0038529023547,
          -12.00494221655764
        ]
      },
      "properties": {
        "name": "P.5 A.T.M. SAN JOSE",
        "description": "Calle Los Tornillos cuadra 3 a 05.00 metros de la Av. Los Jardines Este cuadra 3, lado Este de la Urb. Las Flores 81.\n(02) UND. ESTAC."
      }
    },
    {
      "type": "Feature",
      "geometry": {
        "type": "Point",
        "coordinates": [
          -76.99393887046476,
          -12.0028884951359
        ]
      },
      "properties": {
        "name": "P.6. A.T.M. SAN JOSE",
        "description": "calle 1, lado Oeste a 05.00 metros lineales de la Av. Los Jardines Este, cuadra 09 de la Asociación El Sauce Chico.\n(03) UND. ESTAC."
      }
    },
    {
      "type": "Feature",
      "geometry": {
        "type": "Point",
        "coordinates": [
          -76.99908837891705,
          -12.00290973591993
        ]
      },
      "properties": {
        "name": "P.1. E.T.M. VILLA FLORES",
        "description": "Av. Santa Rosa de Lima frontis del lote Nº 1697 de la Asoc. Inca Manco Capac Il Etapa a 7 mts. Aproximados de la Av. Los Jardines Este, detrás del martillo (dispositivo de seguridad Peatonal).\n(03) UND. ESTAC."
      }
    },
    {
      "type": "Feature",
      "geometry": {
        "type": "Point",
        "coordinates": [
          -76.9987158030107,
          -12.00266207133248
        ]
      },
      "properties": {
        "name": "P.2. E.T.M. VILLA FLORES",
        "description": "Av. Los Jardines Este en el frontis del lote Nº 700 de la Urb. Villa Flores detrás del martillo a 10 mts. Lineales aproximadamente del cruce con la Av. San Rosa de Lima al final de la cuadra 16.\n(03) UND. ESTAC."
      }
    },
    {
      "type": "Feature",
      "geometry": {
        "type": "Point",
        "coordinates": [
          -76.99984200755797,
          -12.00306659714409
        ]
      },
      "properties": {
        "name": "P.3. E.T.M. VILLA FLORES",
        "description": "\"Av. Los Jardines Este en el frontis del Nº 650 de la Asoc. Inca Manco Cápac II Etapa a 80 mts. Aproximadamente de la Av. Santa Rosa de Lima.\"\n(02) UND. ESTAC."
      }
    },
    {
      "type": "Feature",
      "geometry": {
        "type": "Point",
        "coordinates": [
          -77.00162589944127,
          -12.00424540145499
        ]
      },
      "properties": {
        "name": "P.4. E.T.M. VILLA FLORES",
        "description": "Jr. Los Terrazos frontis del predio Nº 1684 Urb. Inca Manco Cápac II Etapa, a una distancia de 15 mts. De la intersección de la Av. Los Jardines Este, \n(02) UND. ESTAC."
      }
    },
    {
      "type": "Feature",
      "geometry": {
        "type": "Point",
        "coordinates": [
          -76.99642406895833,
          -12.00185067387189
        ]
      },
      "properties": {
        "name": "P.1. EMPRESA DE MOTOTAXIS LOS ANGELES DEL PARAISO SA",
        "description": "UBICADO EN LA AV. LOS JARDINES ESTE CUADRA 08, FRONTIS DE LA MZ. XV LOTE 1C ANTIGUO CERRO EL SAUCE A 65.00 METROS DEL JR. PIEDRA DEL SOL SENTIDO ESTE-OESTE\n(03) UND. ESTAC."
      }
    },
    {
      "type": "Feature",
      "geometry": {
        "type": "Point",
        "coordinates": [
          -76.99995647307308,
          -11.99947733850465
        ]
      },
      "properties": {
        "name": "P.1. ASOC. MOT. VILLAFLORES",
        "description": "frontis del Jr. Mármol N° 707 a una distancia de 10.00 metros del cruce con la Av. Santa Rosa de Lima cuadra 19 (Asoc. De Vivienda Inca Manco Capac 1era Etapa)\n(05) UND. ESTAC."
      }
    },
    {
      "type": "Feature",
      "geometry": {
        "type": "Point",
        "coordinates": [
          -76.99982418802537,
          -11.99994461004224
        ]
      },
      "properties": {
        "name": "P.2. ASOC. MOT. VILLAFLORES",
        "description": "frontis del Jr. Los Minerales N° 703 a una distancia de 10.00 metros del cruce con la Av. Santa Rosa de Lima cdra. 18 (Asociación de Vivienda Inca Manco Capac 1era Etapa).\n(05) UND. ESTAC."
      }
    },
    {
      "type": "Feature",
      "geometry": {
        "type": "Point",
        "coordinates": [
          -76.99973283874739,
          -12.00264769637345
        ]
      },
      "properties": {
        "name": "P.3 ASOC. MOT. VILLAFLORES",
        "description": "Frontis del Jr. Las Esmeraldas a una distancia de 07 metros lineales del cruce con la Av. Los Jardines Este\n(03) UND. ESTAC."
      }
    },
    {
      "type": "Feature",
      "geometry": {
        "type": "Point",
        "coordinates": [
          -76.9995481889987,
          -11.99932878791918
        ]
      },
      "properties": {
        "name": "P.4. ASOC. MOT. VILLAFLORES",
        "description": "frontis del Jr. El Mármol (cuadra 07) a una distancia de 05.00 metros lineales del cruce con el Jr. Jaspes cuadra 19 de la 1era. Etapa de la Asoc. De vivienda Inca Manco Capac.\n(05) UND. ESTAC."
      }
    },
    {
      "type": "Feature",
      "geometry": {
        "type": "Point",
        "coordinates": [
          -77.00066680630562,
          -11.99816199346712
        ]
      },
      "properties": {
        "name": "P.5. ASOC. MOT. VILLAFLORES",
        "description": "frontis de la Av. Santa Rosa N° 1978 a una distancia de 20.00 metros lineales medidos desde la línea imaginaria divisora de la zona de trabajo N 12-C y 12-D.\n(03) UND. ESTAC."
      }
    },
    {
      "type": "Feature",
      "geometry": {
        "type": "Point",
        "coordinates": [
          -77.0002358421487,
          -12.00008629381052
        ]
      },
      "properties": {
        "name": "P.6. ASOC. MOT. VILLAFLORES",
        "description": "frontis del Jr. Los Minerales (cuadra 06) a una distancia de 05.00 metros lineales del cruce con la Av. Santa Rosa.\n(03) UND. ESTAC."
      }
    },
    {
      "type": "Feature",
      "geometry": {
        "type": "Point",
        "coordinates": [
          -76.99709329900864,
          -12.00177723434102
        ]
      },
      "properties": {
        "name": "P.7. ASOC. MOT. VILLAFLORES",
        "description": "frontis del Jr. Piedra Sol N° 1701 a una distancia de 12.00 metros lineales cruce con la Av. Los Jardines Este.\n(02) UND. ESTAC."
      }
    },
    {
      "type": "Feature",
      "geometry": {
        "type": "Point",
        "coordinates": [
          -76.99885634930746,
          -12.00253868623482
        ]
      },
      "properties": {
        "name": "P.8. ASOC. MOT. VILLAFLORES",
        "description": "frontis de la Av. Los Jardines Este N° 709 a una distancia de 20.00 metros lineales cruce con la Av. Santa Rosa.\n(05) UND. ESTAC."
      }
    },
    {
      "type": "Feature",
      "geometry": {
        "type": "Point",
        "coordinates": [
          -76.99949093198337,
          -12.00275248527633
        ]
      },
      "properties": {
        "name": "P.9. ASOC. MOT. VILLAFLORES",
        "description": "frontis de la Av. Los Jardines Este N° 685 a una distancia de 10.00 metros lineales de la intersección con la Av. Santa Rosa de Lima\n(02) UND. ESTAC."
      }
    },
    {
      "type": "Feature",
      "geometry": {
        "type": "Point",
        "coordinates": [
          -76.99969145310818,
          -11.99887195074086
        ]
      },
      "properties": {
        "name": "P.10. ASOC. MOT. VILLAFLORES",
        "description": "frontis del Jr. Los Granitos (cuadra 7, a una distancia de 08.00 metros lineales del Jr. Los jaspes en la Urb. Inca Manco Capac.\n(01) UND. ESTAC."
      }
    },
    {
      "type": "Feature",
      "geometry": {
        "type": "Point",
        "coordinates": [
          -76.99523962160725,
          -12.00070368450237
        ]
      },
      "properties": {
        "name": "P.11. ASOC. MOT. VILLAFLORES",
        "description": "frontis de la Mz. C Lote de la Asociación Villa Rosario\n(02) UND. ESTAC."
      }
    },
    {
      "type": "Feature",
      "geometry": {
        "type": "Point",
        "coordinates": [
          -76.99842346340048,
          -11.99892456108378
        ]
      },
      "properties": {
        "name": "P.12. ASOC. MOT. VILLAFLORES",
        "description": "frontis del Jr. Mármol N° 800 a una distancia de 05.00 metros de la intersección con el Jr. Piedra del Sol\n(02) UND. ESTAC."
      }
    },
    {
      "type": "Feature",
      "geometry": {
        "type": "Point",
        "coordinates": [
          -77.00073493986127,
          -11.99813030949889
        ]
      },
      "properties": {
        "name": "P.1. ASOC. MOT. LOS VENCEDORES",
        "description": "frontis del Jr. Las Blendas N° 688 a 05.00 metros lineales del cruce con la Av. Santa Rosa de Lima (frente al mercado Los Vencedores).\n(02) UND. ESTAC."
      }
    },
    {
      "type": "Feature",
      "geometry": {
        "type": "Point",
        "coordinates": [
          -76.99712109796114,
          -11.99536189783989
        ]
      },
      "properties": {
        "name": "P.2. ASOC. MOT. LOS VENCEDORES",
        "description": "frontis del Jr. Los Claveles Mz. A lote 28 a 05.00 metros lineales del cruce con el Jr. Las Violetas del AA. HH. Santa Fe de Totorita a la espalda del C. E. 092 Santa Fe de Totorita.\n(02) UND. ESTAC."
      }
    },
    {
      "type": "Feature",
      "geometry": {
        "type": "Point",
        "coordinates": [
          -76.9959277666889,
          -11.998083728784
        ]
      },
      "properties": {
        "name": "P.3. ASOC. MOT. LOS VENCEDORES",
        "description": "fr. Rosales frente a la Mz. N lote 10, frontis de la Mz. J lote 01 a 05.00 metros lineales del cruce con la Av. Primavera del AA. HH. Santa Fe (altura de la Plaza Central del AAHH. Santa Fe de Totorita).\n(02) UND. ESTAC."
      }
    },
    {
      "type": "Feature",
      "geometry": {
        "type": "Point",
        "coordinates": [
          -76.9980492396211,
          -11.99557968576931
        ]
      },
      "properties": {
        "name": "P.4. ASOC. MOT. LOS VENCEDORES",
        "description": "Jr. Los Alhelies frontis de la Mz. T IV Lote 18 del AA. HH. Santa Fe de Totoritas, en el sentido Oeste-Este.\n(02) UND. ESTAC."
      }
    },
    {
      "type": "Feature",
      "geometry": {
        "type": "Point",
        "coordinates": [
          -76.99532618279981,
          -11.99712127831473
        ]
      },
      "properties": {
        "name": "P.5. ASOC. MOT. LOS VENCEDORES",
        "description": "frontis de la Mz. G Lote 01, frente a la Mz. I Lote 10 del AA. HH. Santa Fe Totorita en sentido de Este-Oeste.\n(02) UND. ESTAC."
      }
    },
    {
      "type": "Feature",
      "geometry": {
        "type": "Point",
        "coordinates": [
          -76.99721611193335,
          -11.99823272089665
        ]
      },
      "properties": {
        "name": "P.6. ASOC. MOT. LOS VENCEDORES",
        "description": "Jr. Las Geodas Mz. V-IV y el Jr. El Mármol de la Asociación de Vivienda de la Urb. Inca Manco Cápac en el frontis del lote s/n de la Mz. V-IV entre las esquinas del Jr. Las Geodas y Ir. Mármol, en sentido Este-Oeste en espacio de 10 metros.\n(02) UND. ESTAC."
      }
    },
    {
      "type": "Feature",
      "geometry": {
        "type": "Point",
        "coordinates": [
          -76.99991599426679,
          -11.99792109487484
        ]
      },
      "properties": {
        "name": "P.7. ASOC. MOT. LOS VENCEDORES",
        "description": "frontis del Jr. Los Jaspes N° 2027, frente del parque Los Corales de la Urb. Inca Manco Cápac a 15.00 metros lineales del cruce con el Jr. Las Blendas, en sentido Norte-Sur.\n(02) UND. ESTAC."
      }
    },
    {
      "type": "Feature",
      "geometry": {
        "type": "Point",
        "coordinates": [
          -77.00041937464556,
          -11.9979363602721
        ]
      },
      "properties": {
        "name": "P.8. ASOC. MOT. LOS VENCEDORES",
        "description": "Av. Santa Rosa de Lima cuadra 20 altura del pasaje Las Blendas frontis del mercado Los Vencedores en la Urb. Inca Manco Cápac II Etapa.\n(02) UND. ESTAC."
      }
    },
    {
      "type": "Feature",
      "geometry": {
        "type": "Point",
        "coordinates": [
          -77.00090567467123,
          -11.9967567892864
        ]
      },
      "properties": {
        "name": "P.9. ASOC. MOT. LOS VENCEDORES",
        "description": "frontis del Jr. Los Grafitos N° 696 a 05.00 metros del cruce con la Av. Santa Rosa de Lima de la Urb. Inca Manco Cápac.\n(02) UND. ESTAC."
      }
    },
    {
      "type": "Feature",
      "geometry": {
        "type": "Point",
        "coordinates": [
          -76.9977298061739,
          -11.99596272668173
        ]
      },
      "properties": {
        "name": "P.10. ASOC. MOT. LOS VENCEDORES",
        "description": "\"frontis del Jr. Las Lateritas N° 2060 a 10.00 metros lineales del cruce con el Jr. Los Grafitos en la Urb. Inca Manco Cápac II Etapa.\"\n(01) UND. ESTAC."
      }
    },
    {
      "type": "Feature",
      "geometry": {
        "type": "Point",
        "coordinates": [
          -76.9965890980152,
          -11.99932575371527
        ]
      },
      "properties": {
        "name": "P.11. ASOC. MOT. LOS VENCEDORES",
        "description": "Jr. Las Magnolias frente a la bomba de agua frontis de la Mz. N Lote 01 a 05.00 metros lineales del cruce con el Jr. Primavera de la Urb. Inca Manco Cápac II Etapa.\n(02) UND. ESTAC."
      }
    },
    {
      "type": "Feature",
      "geometry": {
        "type": "Point",
        "coordinates": [
          -76.9964509230473,
          -11.99667266726622
        ]
      },
      "properties": {
        "name": "P.12. ASOC. MOT. LOS VENCEDORES",
        "description": "\"frontis del Jr. Rosales Mz. D Lote 13 frente a la Mz. E lote 01 del AA. HH. Santa Fe de Totorita.\"\n(02) UND. ESTAC."
      }
    },
    {
      "type": "Feature",
      "geometry": {
        "type": "Point",
        "coordinates": [
          -76.99665901683605,
          -11.99517406450356
        ]
      },
      "properties": {
        "name": "P.13. ASOC. MOT. LOS VENCEDORES",
        "description": "Jr. 01 de Mayo frente a la Mz. D Lote 01 del AA. HH. 1° de Mayo.\n(02) UND. ESTAC."
      }
    },
    {
      "type": "Feature",
      "geometry": {
        "type": "Point",
        "coordinates": [
          -76.99599855718556,
          -11.99382211804005
        ]
      },
      "properties": {
        "name": "P.1. E.T. MOT. STA. FE DE TOTORITAS",
        "description": "a la espalda de la Mz. C Lote 18 del AA. HH. 1° de Mato (Ref. Al costado de los juegos recreativos para niños) frente a la Mz. F Lote 16.\n(03) UND. ESTAC."
      }
    },
    {
      "type": "Feature",
      "geometry": {
        "type": "Point",
        "coordinates": [
          -76.99713606874475,
          -11.99409084382471
        ]
      },
      "properties": {
        "name": "P.2. E.T. MOT. STA. FE DE TOTORITAS",
        "description": "Ca. Prolongación 1° de mayo (Berma lateral en el sentido Este - Oeste), a la altura del pasaje S/N frente a la Loza Deportiva del AA. HH. 1° de mayo\n(02) UND. ESTAC."
      }
    },
    {
      "type": "Feature",
      "geometry": {
        "type": "Point",
        "coordinates": [
          -76.99858873770044,
          -11.99764442595287
        ]
      },
      "properties": {
        "name": "P.3. E.T. MOT. STA. FE DE TOTORITAS",
        "description": "\"Av. Las Margaritas (Berma lateral en el sentido Norte - Sur), en el frontis\ndel predio Mz. IV Lt. 21 a la altura del Pasaje Los Claveles de la Asociación Pro Vivienda Inca Manco Cápac (1ra Etapa)\"\n(02) UND. ESTAC."
      }
    },
    {
      "type": "Feature",
      "geometry": {
        "type": "Point",
        "coordinates": [
          -77.00467288131638,
          -12.00079982397171
        ]
      },
      "properties": {
        "name": "P.1. ASOC. NUEVA LUZ LATINO",
        "description": "Jr. Caolín a 10 metros de la intersección con la Av. 13 de Enero después del martillo especificando que los vehículos se estacionaran en sentido de Oeste-Este\n(03) UND. ESTAC."
      }
    },
    {
      "type": "Feature",
      "geometry": {
        "type": "Point",
        "coordinates": [
          -77.00357187316533,
          -12.00160953456976
        ]
      },
      "properties": {
        "name": "P.2. ASOC. NUEVA LUZ LATINO",
        "description": "Jr. Los Minerales a 10 metros de la intersección con la Av. 13 de Enero, después del martillo especificando que los vehículos se estacionaran en sentido de Este-Oeste\n(03) UND. ESTAC."
      }
    },
    {
      "type": "Feature",
      "geometry": {
        "type": "Point",
        "coordinates": [
          -77.00672302299995,
          -12.00323494048258
        ]
      },
      "properties": {
        "name": "P.3. ASOC. NUEVA LUZ LATINO",
        "description": "Jr. Los Zafiros a 3 metros de la intersección con el Jr. El Mármol en el sentido de Norte-Sur,\n(04) UND. ESTAC."
      }
    },
    {
      "type": "Feature",
      "geometry": {
        "type": "Point",
        "coordinates": [
          -77.00783550911007,
          -11.99990624154361
        ]
      },
      "properties": {
        "name": "P.4. ASOC. NUEVA LUZ LATINO",
        "description": "Jr. Las Amatistas a 03 metros de la intersección con el Jr. Zafiros en el\nsentido de Este- Oeste\n(03) UND. ESTAC."
      }
    },
    {
      "type": "Feature",
      "geometry": {
        "type": "Point",
        "coordinates": [
          -77.00543351013971,
          -11.99796811639225
        ]
      },
      "properties": {
        "name": "P.5. ASOC. NUEVA LUZ LATINO",
        "description": "Jr. Las Turquesas frente al predio N° 345 a 10 metros del Jr. Los Rubies en el sentido de Oeste-Este\n(02) UND. ESTAC."
      }
    },
    {
      "type": "Feature",
      "geometry": {
        "type": "Point",
        "coordinates": [
          -77.01020150203017,
          -12.0002460807549
        ]
      },
      "properties": {
        "name": "P.1. ASOC. MOT. SAN HILARION",
        "description": "JR. LAS OXALIDAS CDRA. 19 A 10 METROS DE DEL JR. LAS SABILAS CDRA 02 URB. SAN HILARION EN SENTIDO SUR NORTE \n(04) UND. ESTAC."
      }
    },
    {
      "type": "Feature",
      "geometry": {
        "type": "Point",
        "coordinates": [
          -77.0099053150663,
          -11.99947745479167
        ]
      },
      "properties": {
        "name": "P.2. ASOC. MOT. SAN HILARION",
        "description": "JR. LOS PELITRES CDRA. 20 (BERMA LATERAL) CRUCE CON JR. LOS JOBOS CDRA. 02 URB. SAN HILARION, SENTIDO NORTE A SUR\n(04) UND. ESTAC."
      }
    },
    {
      "type": "Feature",
      "geometry": {
        "type": "Point",
        "coordinates": [
          -77.00894006299791,
          -12.00165402632024
        ]
      },
      "properties": {
        "name": "P.3. ASOC. MOT. SAN HILARION",
        "description": "JR. LOS ENELDOS CDRA. 01 (BERMA LATERAL) A UNA DISTANCIA DE 20 METROS DE LA VIA AUXILIAR DE LA AV. PROCERES DE INDEPENDENCIA, SENTIDO OESTE A ESTE\n(03) UND. ESTAC."
      }
    },
    {
      "type": "Feature",
      "geometry": {
        "type": "Point",
        "coordinates": [
          -77.01136840075563,
          -12.00179647472788
        ]
      },
      "properties": {
        "name": "P.4. ASOC. MOT. SAN HILARION",
        "description": "JR. LAS GROSELLAS 1937 (BERMA LATERAL) CRUCE CON JR. LAS CELEDONIAS URB. SAN HILARION, SENTIDO NORTE A SUR \n(03) UND. ESTAC."
      }
    },
    {
      "type": "Feature",
      "geometry": {
        "type": "Point",
        "coordinates": [
          -77.010841376281,
          -12.00008913203349
        ]
      },
      "properties": {
        "name": "P.5. ASOC. MOT. SAN HILARION",
        "description": "JR. LOS HUERTOS CDRA. 19 CRUCE CON JR. LAS SABILAS S/N URB. SAN HILARION, SENTIDO SUR A NORTE\n(02) UND. ESTAC."
      }
    },
    {
      "type": "Feature",
      "geometry": {
        "type": "Point",
        "coordinates": [
          -77.01129674152406,
          -11.99840616328289
        ]
      },
      "properties": {
        "name": "P.6. ASOC. MOT. SAN HILARION",
        "description": "JR. LOS HUERTOS CDRA. 20 (BERMA LATERAL) CRUCE CON AV. LOS POSTES CDRA. 01 URB. SAN HILARION, SENTIDO SUR A NORTE\n(02) UND. ESTAC."
      }
    },
    {
      "type": "Feature",
      "geometry": {
        "type": "Point",
        "coordinates": [
          -77.00970343090108,
          -12.00011043904671
        ]
      },
      "properties": {
        "name": "P.1. ASOC. MOT. LAS AGUILAS",
        "description": "frontis del Jr. Los Pelitres Frontis N° 1999 a una distancia de 05.00 metros del Jr. Las Sábilas en la Urb. San Hilarión.\n(03) UND. ESTAC."
      }
    },
    {
      "type": "Feature",
      "geometry": {
        "type": "Point",
        "coordinates": [
          -77.01046701604878,
          -11.99931290246328
        ]
      },
      "properties": {
        "name": "P.2. ASOC. MOT. LAS AGUILAS",
        "description": "Frontis del Jr. Oxalidas N° 2001 a una distancia de 04.00 metros del cruce con el Jr. Jobos cuadra 3 de la Urb. San Hilarión.\n(03) UND. ESTAC."
      }
    },
    {
      "type": "Feature",
      "geometry": {
        "type": "Point",
        "coordinates": [
          -77.00934032817486,
          -11.99987893188129
        ]
      },
      "properties": {
        "name": "P.3. ASOC. MOT. LAS AGUILAS",
        "description": "Jr. Las Salibas cuadra 01 a una distancia de 09:00 metros de la Via auxiliar de la Av. Proceres de la Independencia en la Urb. San Hilarión.\n(04) UND. ESTAC."
      }
    },
    {
      "type": "Feature",
      "geometry": {
        "type": "Point",
        "coordinates": [
          -77.01178500373517,
          -11.99834238399123
        ]
      },
      "properties": {
        "name": "P.4. ASOC. MOT. LAS AGUILAS",
        "description": "Jr. Las Ortigas cuadra 20 (Ref. frontis de la panaderia-asteleria Don Víctor) a una distancia de 06.00 metros de la Av. Los Postes Oeste cuadr02 en la Urb. San Hilanión.\n(03) UND. ESTAC."
      }
    },
    {
      "type": "Feature",
      "geometry": {
        "type": "Point",
        "coordinates": [
          -77.01234290608971,
          -12.00411681606537
        ]
      },
      "properties": {
        "name": "P.1. A.M. ANGELES DE NAZARENO",
        "description": "Av. Las Marticarias a 06.00 metros del cruce con la Av. Flores de Primavera, en el sentido Este-Oeste.\n(20) UND. ESTAC."
      }
    },
    {
      "type": "Feature",
      "geometry": {
        "type": "Point",
        "coordinates": [
          -77.01791803180598,
          -12.00658187759899
        ]
      },
      "properties": {
        "name": "P. 2 A. M. ANGELES DE NAZARENO",
        "description": "Jr. Tacna cruce con la Av. Lima frontis a la loza deportiva.\n(03) UND. ESTAC."
      }
    },
    {
      "type": "Feature",
      "geometry": {
        "type": "Point",
        "coordinates": [
          -77.01933135723037,
          -12.00696177313493
        ]
      },
      "properties": {
        "name": "P. 3 A. M. ANGELES DE NAZARENO",
        "description": "Av. Lima frontis de la Mz. Q lote 9 a 10.00 metros del Jr. Ucayali en el AA. HH. Canto Chico, en el sentido Oeste-Este.\n(05) UND. ESTAC."
      }
    },
    {
      "type": "Feature",
      "geometry": {
        "type": "Point",
        "coordinates": [
          -77.0195255597045,
          -12.00583909593781
        ]
      },
      "properties": {
        "name": "P. 4 A. M. ANGELES DE NAZARENO",
        "description": "Jr. Ucayali frontis de la Mz. M lote 01 a 10.00 metros de la Av. La Libertad del AA. HH. Canto Chico, en el sentido Sur a Norte.\n(03) UND. ESTAC."
      }
    },
    {
      "type": "Feature",
      "geometry": {
        "type": "Point",
        "coordinates": [
          -77.01221038684723,
          -12.00452272877413
        ]
      },
      "properties": {
        "name": "P.5. A.M. ANGELES DE NAZARENO",
        "description": "Calle Ébanos cuadra 6 a 06.00 metros de la Av. Las Flores de Primavera frontis del predio N° 1489 de la Cooperativa Las Flores.\n(02) UND. ESTAC."
      }
    },
    {
      "type": "Feature",
      "geometry": {
        "type": "Point",
        "coordinates": [
          -77.01753611111111,
          -12.0046571832758
        ]
      },
      "properties": {
        "name": "P.6 A.M. LOS ANGELES DE NAZARENO",
        "description": "Jr. Arequipa frontis de la Mz. H lote 31, en el sentido NorEste-SurEste.\n(02) UND. ESTAC."
      }
    },
    {
      "type": "Feature",
      "geometry": {
        "type": "Point",
        "coordinates": [
          -77.0190852421577,
          -12.00395440456602
        ]
      },
      "properties": {
        "name": "P.7 A.M. LOS ANGELES DE NAZARENO",
        "description": "Jr. Ica frontis de la Mz. K lote 10, en el sentido Sur-Norte.\n(03) UND. ESTAC."
      }
    },
    {
      "type": "Feature",
      "geometry": {
        "type": "Point",
        "coordinates": [
          -77.01585436131178,
          -12.00409945768789
        ]
      },
      "properties": {
        "name": "P.1 E. SETRA 29 DE MARZO CANTO CHICO",
        "description": "ANTIGUA AV. CANTO GRANDE (ALT. PARADERO 12) CRUCE CON JR. LAS CELEDONIAS EN CANTO CHICO, SENTIDO ESTE A OESTE\n(06) UND. ESTAC."
      }
    },
    {
      "type": "Feature",
      "geometry": {
        "type": "Point",
        "coordinates": [
          -77.0124749921324,
          -12.00399686618793
        ]
      },
      "properties": {
        "name": "P.2 E. SETRA 29 DE MARZO CANTO CHICO",
        "description": "AV. MARTICARIAS A 6 METROS DEL CRUCE CON AV. LAS FLORES DE PRIMERAVERA (ALTURA PARADERO 12 DE LA AV. LAS FLORES), SENTIDO ESTE A OESTE\n(11) UND. ESTAC."
      }
    },
    {
      "type": "Feature",
      "geometry": {
        "type": "Point",
        "coordinates": [
          -77.01975167017349,
          -12.00690352324619
        ]
      },
      "properties": {
        "name": "P. 3 E SETRA 29 DE MARZO CANTO CHICO",
        "description": "PARQUE JUNIN MZ T FRONTIS DE LOS LT 4 Y 5 INTERSECCION CON AV. LIMA, SENTIDO NORTE A SUR \n(03) UND. ESTAC."
      }
    },
    {
      "type": "Feature",
      "geometry": {
        "type": "Point",
        "coordinates": [
          -77.01706323264463,
          -12.00424039773653
        ]
      },
      "properties": {
        "name": "P.4 E. SETRA 29 DE MARZO CANTO CHICO",
        "description": "10 METROS DE LA PUERTA PRINCIPAL DEL MERCADO CANTO CHICO JR. LIBERTAD MZ E LT 8, SENTIDO OESTE A ESTE\n(04) UND. ESTAC."
      }
    },
    {
      "type": "Feature",
      "geometry": {
        "type": "Point",
        "coordinates": [
          -77.0184015405206,
          -12.00335133792986
        ]
      },
      "properties": {
        "name": "P.5 E. SETRA 29 DE MARZO CANTO CHICO",
        "description": "FEONTIS MZ. A LT 4 DEL COMITÉ 01 PUEBLO JOVEN NUEVO PERU SENTIDO ESTE OESTE\n(05) UND. ESTAC."
      }
    },
    {
      "type": "Feature",
      "geometry": {
        "type": "Point",
        "coordinates": [
          -77.02041075434848,
          -12.00623175949977
        ]
      },
      "properties": {
        "name": "P. 6 E SETRA 29 DE MARZO CANTO CHICO",
        "description": "JR. APURIMAC FRONTIS MZ. S LT. 25 COMITÉ 10 SENTIDO ESTE A OESTE \n(04) UND. ESTAC."
      }
    },
    {
      "type": "Feature",
      "geometry": {
        "type": "Point",
        "coordinates": [
          -77.01788406952629,
          -12.00374800406524
        ]
      },
      "properties": {
        "name": "P.7 E. SETRA 29 DE MARZO CANTO CHICO",
        "description": "JR. AYACUCHO A 2 METROS LINEALES DEL JR. AREQUIPA FRENTE COMPLEJO DEPORTIVO CANTO CHICO AAHH CANTO CHICO, SENTIDO OESTE A ESTE\n(03) UND. ESTAC."
      }
    },
    {
      "type": "Feature",
      "geometry": {
        "type": "Point",
        "coordinates": [
          -77.01333206548303,
          -12.00278684397363
        ]
      },
      "properties": {
        "name": "P.8. E. SETRA 29 DE MARZO CANTO CHICO",
        "description": "JR. LAS CALENDULAS FRONTIS PREDIO 1581 A 10 METROS DE INTERSECCION CON CALLE ENELDOS SENTIDO NORTE A SUR \n(04) UND. ESTAC."
      }
    },
    {
      "type": "Feature",
      "geometry": {
        "type": "Point",
        "coordinates": [
          -77.0181161958245,
          -12.00257832639418
        ]
      },
      "properties": {
        "name": "P.9 E. SETRA 29 DE MARZO CANTO CHICO",
        "description": "AV. EL CONDOR CON PASAJE LA UNION, NUEVO PPJJ NUEVO PERU SENTIDO ESTE A OESTE\n(03) UND. ESTAC."
      }
    },
    {
      "type": "Feature",
      "geometry": {
        "type": "Point",
        "coordinates": [
          -77.01427368188764,
          -11.99966358187032
        ]
      },
      "properties": {
        "name": "P.1 ASOC. MOT. MIGUEL GRAU",
        "description": "frontis del Jr. Los Ombúes cdra. 6 (Mz 122 Lote 21) a una distancia de 05.00 metros de la Av. Las Flores de Primavera de la Urb. Las Flores.\n(05) UND. ESTAC."
      }
    },
    {
      "type": "Feature",
      "geometry": {
        "type": "Point",
        "coordinates": [
          -77.01385685137596,
          -11.99931616760868
        ]
      },
      "properties": {
        "name": "P.2 ASOC. MOT. MIGUEL GRAU",
        "description": "frontis del Jr. Las Gencianas cdra. 4, (Mz R' Lote 50) a una distancia de 05.00 metros de la Av. Las Flores de Primavera de la Urb. San Hilarión.\n(02) UND. ESTAC."
      }
    },
    {
      "type": "Feature",
      "geometry": {
        "type": "Point",
        "coordinates": [
          -77.01831076965115,
          -12.0009772724932
        ]
      },
      "properties": {
        "name": "P.3 ASOC. MOT. MIGUEL GRAU",
        "description": "calle Los Jazmines frontis de la Mz E Lote 09 del AA.HH. Kawachi.\n(02) UND. ESTAC."
      }
    },
    {
      "type": "Feature",
      "geometry": {
        "type": "Point",
        "coordinates": [
          -77.02095544759204,
          -12.0017659208061
        ]
      },
      "properties": {
        "name": "P.4 ASOC. MOT. MIGUEL GRAU",
        "description": "Av. El Cóndor frontis de la Mz J Lote 23, cruce con la intersección de la Av. 4 de abril en el AA.HH. Nuevo Perú.\n(02) UND. ESTAC."
      }
    },
    {
      "type": "Feature",
      "geometry": {
        "type": "Point",
        "coordinates": [
          -77.02181356407013,
          -12.00207767150443
        ]
      },
      "properties": {
        "name": "P.5 ASOC. MOT. MIGUEL GRAU",
        "description": "Calle s/n frente a la Mz C Lote 01 del AA.HH. Nuevo Perú.\n(02) UND. ESTAC."
      }
    },
    {
      "type": "Feature",
      "geometry": {
        "type": "Point",
        "coordinates": [
          -77.018782325014,
          -12.0015690912307
        ]
      },
      "properties": {
        "name": "P.1. A.M. EXPRESS LOS SELECTOS",
        "description": "Calle San Cristóbal frontis de la Loza Deportiva frente a la Mz. K lote 04 de la Agrupación Familiar Nuevo Perú\n(04) UND. ESTAC."
      }
    },
    {
      "type": "Feature",
      "geometry": {
        "type": "Point",
        "coordinates": [
          -77.01418157123177,
          -11.99855612308441
        ]
      },
      "properties": {
        "name": "P.2 A.M. EXPRESS LOS SELECTOS",
        "description": "Av. Los Postes Oeste N°498 a una distancia de 05.00 metros de La A. Las Flores de Primavera cuadra 19 de la Urb, San Hilarión.\n(06) UND. ESTAC."
      }
    },
    {
      "type": "Feature",
      "geometry": {
        "type": "Point",
        "coordinates": [
          -77.0100104856716,
          -11.99721156126017
        ]
      },
      "properties": {
        "name": "P.3. A.M. EXPRESS LOS SELECTOS",
        "description": "frontis de la Av. Los Postes Oeste N° 100 a una distancia de 10.00 metros de la Via Auxiliar de la Av. Proceres de la Independencia cuadra 21 de la Urb. San Hilarión.\n(03) UND. ESTAC."
      }
    },
    {
      "type": "Feature",
      "geometry": {
        "type": "Point",
        "coordinates": [
          -77.01049412836917,
          -11.99552377391256
        ]
      },
      "properties": {
        "name": "P.4. A.M. EXPRESS LOS SELECTOS",
        "description": "Jr. Los Helechos cuadra 01 a una distancia de 10.00 metros de la Via Auxiliar de la Av. Proceres de a Independencia cuadra 21 de la Urb. San Hilarión.\n(05) UND. ESTAC."
      }
    },
    {
      "type": "Feature",
      "geometry": {
        "type": "Point",
        "coordinates": [
          -77.0182476928415,
          -12.00244807155498
        ]
      },
      "properties": {
        "name": "P.5 A.M. EXPRESS LOS SELECTOS",
        "description": "Av. Nuevo Perú frontis de la Mz. E Lote 04 del AA.HH. Nuevo Perú.\n(04) UND. ESTAC."
      }
    },
    {
      "type": "Feature",
      "geometry": {
        "type": "Point",
        "coordinates": [
          -77.01011728961421,
          -11.99679032197922
        ]
      },
      "properties": {
        "name": "P. 6. A.M. EXPRESS LOS SELECTOS",
        "description": "berma lateral del Jr. Los Linos, frente a la Mz. U Lote 21-B y frente a la Mz. N, Lote 26 en el sentido Oeste - Este, lado sur, a 5.00 metros lineales de la auxiliar de la Av, Próceres de la ndependencia Urb. San Hilarión.\n(04) UND. ESTAC."
      }
    },
    {
      "type": "Feature",
      "geometry": {
        "type": "Point",
        "coordinates": [
          -77.01136444178411,
          -11.99801760694626
        ]
      },
      "properties": {
        "name": "P. 7. A.M. EXPRESS LOS SELECTOS",
        "description": "Calle Los Huertos a 17 metros de la AV. Los Postes Oeste\n(02) UND. ESTAC."
      }
    },
    {
      "type": "Feature",
      "geometry": {
        "type": "Point",
        "coordinates": [
          -77.01714903305195,
          -12.00086442105265
        ]
      },
      "properties": {
        "name": "P. 8. A.M. EXPRESS LOS SELECTOS",
        "description": "berma lateral derecho de la Av. El Condor en sentido Este→Oeste, a 6 metros del Pasaje N° 03 (frontis de la Mz. D).\n(02) UND. ESTAC."
      }
    },
    {
      "type": "Feature",
      "geometry": {
        "type": "Point",
        "coordinates": [
          -77.01560040732869,
          -11.99758893416647
        ]
      },
      "properties": {
        "name": "P. 9. A.M. EXPRESS LOS SELECTOS",
        "description": "berma lateral derecho del Jr. Las Anonas en sentido Oeste →Este, a 10 metros de la Av. Canto Grande (frontis de la Mz. A Lt. 02).\n(02) UND. ESTAC."
      }
    },
    {
      "type": "Feature",
      "geometry": {
        "type": "Point",
        "coordinates": [
          -77.0127021592659,
          -11.99667067998443
        ]
      },
      "properties": {
        "name": "P. 10. A.M. EXPRESS LOS SELECTOS",
        "description": "berma lateral derecho del Jr. Las Grosellas, en sentido Norte→Sur, a 5 metros cruzando el Jr. Los Helechos\n(02) UND. ESTAC."
      }
    },
    {
      "type": "Feature",
      "geometry": {
        "type": "Point",
        "coordinates": [
          -77.01546546385582,
          -11.99624884915082
        ]
      },
      "properties": {
        "name": "P.1 ASOC. MOT. MARIANO MELGAR",
        "description": "Altura del paradero N° 17 de la Av. Canto Grande (pista auxiliar a 50 metros de la intersección con la Av. Las Flores de Primavera) a 5 metros de la intersección con el Jr. Vanadio, frontis derecho del comercio vecinal Mariano Melgar referencia frente a la Mz. T, Lote 4 del P. J. San Hilarión Alto.\n(03) UND. ESTAC."
      }
    },
    {
      "type": "Feature",
      "geometry": {
        "type": "Point",
        "coordinates": [
          -77.01541551774669,
          -11.99400110606667
        ]
      },
      "properties": {
        "name": "P. 2. ASOC. MOT. MARIANO MELGAR",
        "description": "Av. Canto Grande frontis de la Mz S y W del Pueblo Joven San Hilarión Alto.\n(02) UND. ESTAC."
      }
    },
    {
      "type": "Feature",
      "geometry": {
        "type": "Point",
        "coordinates": [
          -77.01544436771844,
          -11.99617901784904
        ]
      },
      "properties": {
        "name": "P.3 ASOC. MOT. MARIANO MELGAR",
        "description": "Av. Canto Grande lado derecho del mercado Mariano Melgar del Pueblo Joven San Hilarión Alto.\n(02) UND. ESTAC."
      }
    },
    {
      "type": "Feature",
      "geometry": {
        "type": "Point",
        "coordinates": [
          -77.0161050139943,
          -11.99886221618129
        ]
      },
      "properties": {
        "name": "P.4 ASOC. MOT. MARIANO MELGAR",
        "description": "frontis del lote 19 de la Mz. M del Pueblo Joven San Hilarión Alto en la\nAv. Canto Grande (paradero N° 15) referencia la intersección de la Av. Canto Grande y El Berilio\n(03) UND. ESTAC."
      }
    },
    {
      "type": "Feature",
      "geometry": {
        "type": "Point",
        "coordinates": [
          -77.01907786416419,
          -11.99796644792363
        ]
      },
      "properties": {
        "name": "P.5 ASOC. MOT. MARIANO MELGAR",
        "description": "frontis del lote 1 de la Mz. E-1 del Pueblo Joven San Hilarión Alto referencia en el Colegio Virgen del Rosario en la intersección de la Av. Berilio y la Av. Germanio\n(07) UND. ESTAC."
      }
    },
    {
      "type": "Feature",
      "geometry": {
        "type": "Point",
        "coordinates": [
          -77.01751622389307,
          -11.99386428528041
        ]
      },
      "properties": {
        "name": "P.6 ASOC. MOT. MARIANO MELGAR",
        "description": "frontis de la loza deportiva de la Parroquia Inmaculada Concepción de la Mz J-1 del Pueblo Joven San Hilarión Alto, referencia entre la Av. Cobalto y el Jr. Niquel\n(03) UND. ESTAC."
      }
    },
    {
      "type": "Feature",
      "geometry": {
        "type": "Point",
        "coordinates": [
          -77.0158050311876,
          -11.99555810097754
        ]
      },
      "properties": {
        "name": "P.7 ASOC. MOT. MARIANO MELGAR",
        "description": "puerta N° 7 del mercado Mariano Melgar\n(04) UND. ESTAC."
      }
    },
    {
      "type": "Feature",
      "geometry": {
        "type": "Point",
        "coordinates": [
          -77.01562583453688,
          -11.9920136933708
        ]
      },
      "properties": {
        "name": "P. 8. ASOC. MOT. MARIANO MELGAR",
        "description": "berma lateral de la Calle 04, frontis de la Mz. \"P1* Lote 04 en el sentido al tránsito Norte-Sur, lado Oeste a 5.00 metros del Jr. Neón (antes pasaje V). referencia: frente a la loza.\n(02) UND. ESTAC."
      }
    },
    {
      "type": "Feature",
      "geometry": {
        "type": "Point",
        "coordinates": [
          -77.01915913700026,
          -11.99312871509965
        ]
      },
      "properties": {
        "name": "P. 9. ASOC. MOT. MARIANO MELGAR",
        "description": "berma lateral de la Av. Los Pinos, frente de la Mz. \"E1\" lote 16, en el sentido al tránsito Norte-Sur, lado Oeste, a 5.00 metros del Pasaje Los Gladiolos (referencia loza deportiva)\n(03) UND. ESTAC."
      }
    },
    {
      "type": "Feature",
      "geometry": {
        "type": "Point",
        "coordinates": [
          -77.01904770117658,
          -11.99696180341504
        ]
      },
      "properties": {
        "name": "P.1 EMP. TRANSP. SERV. EMTRANSER S.A.",
        "description": "CALLE S/N FRENTE A LA MZ. N1 LOTE 44 PPJJ SAN HILARION (REF. ALTURA LOZA DEPORTIVA COMITÉ 26) SENTIDO NORTE A SUR \n(04) UND. ESTAC."
      }
    },
    {
      "type": "Feature",
      "geometry": {
        "type": "Point",
        "coordinates": [
          -77.01536587344883,
          -11.99564799266699
        ]
      },
      "properties": {
        "name": "P.2 EMP. TRANSP. SERV. EMTRANSER S.A.",
        "description": "CALLE 04 (AZUFRE) SOBRE LA BERMA LATERAL SENTIDO NORTE A SUR A 5 METROS DE LA PUERTA 02 DEL MERCADO MARIANO MELGAR\n(01) UND. ESTAC."
      }
    },
    {
      "type": "Feature",
      "geometry": {
        "type": "Point",
        "coordinates": [
          -77.01608913826212,
          -11.99747210732638
        ]
      },
      "properties": {
        "name": "P.3 EMP. TRANSP. SERV. ENTRANSER S.A.",
        "description": "CALLE 04 (AZUFRE) FRONTIS DE LA MZ. Q LOTE 03 A 5 METROS DE LA CALLE ESCANDIO DEL PPJJ SAN HILARION ALTO ALTURA DEL PARADERO 16 AV. CANTO GRANDE NORTE A SUR \n(02) UND. ESTAC."
      }
    },
    {
      "type": "Feature",
      "geometry": {
        "type": "Point",
        "coordinates": [
          -77.01583289026347,
          -11.9957031682894
        ]
      },
      "properties": {
        "name": "P.4 EMP. TRANSP. SERV. EMTRANSER S.A.",
        "description": "JIRON SILICIO BERMA LATERAL A UNA DISTANCIA DE 5 METROS DE LA PUERTA N 7 DEL MERCADO MARIANO MELGAR, SENTIDO NORTE A SUR \n(04) UND. ESTAC."
      }
    },
    {
      "type": "Feature",
      "geometry": {
        "type": "Point",
        "coordinates": [
          -77.01112427363304,
          -11.99364407358594
        ]
      },
      "properties": {
        "name": "P.1 A.M. AUNTEN. SAN HILARION",
        "description": "CRUCE AV. SAN HILARION OESTE 100 Y AV. PROCERES DE LA INDEPENDENCIA URB. APV SAN HILARION ESTE A OESTE\n(05) UND. ESTAC."
      }
    },
    {
      "type": "Feature",
      "geometry": {
        "type": "Point",
        "coordinates": [
          -77.01434296059854,
          -11.99565280974849
        ]
      },
      "properties": {
        "name": "P.2. A.M. AUTENT. SAN HILARION",
        "description": "FRONTIS DEL N 399 DE LA AV. SAN HILARION URB. EL OLIVAR CRUCE CON LA AV. CANTO GRANDE OESTE A ESTE\n(05) UND. ESTAC."
      }
    },
    {
      "type": "Feature",
      "geometry": {
        "type": "Point",
        "coordinates": [
          -77.01107423416491,
          -11.98967400804826
        ]
      },
      "properties": {
        "name": "P.3 A.M. AUNTEN. SAN HILARION",
        "description": "INTERSECCION DE LA AV. JORGE BASADRE FRONTIS DEL N 101 Y LA AV. PROCERES DE LA INDEPENDENCIA URB. AMPLIACION OESTE A ESTE\n(05) UND. ESTAC."
      }
    },
    {
      "type": "Feature",
      "geometry": {
        "type": "Point",
        "coordinates": [
          -77.0150067947546,
          -11.99013837817443
        ]
      },
      "properties": {
        "name": "P.4 A.M. AUNTEN. SAN HILARION",
        "description": "AV. JORGE BASADRE OESTE, FRONTIS DEL N 397 A CINCO METROS DE LA AV. CANTO GRANDE SENTIDO OESTE A ESTE\n(05) UND. ESTAC."
      }
    },
    {
      "type": "Feature",
      "geometry": {
        "type": "Point",
        "coordinates": [
          -77.00927543010971,
          -11.99697088370022
        ]
      },
      "properties": {
        "name": "P.1 A.T. TRICICLOS CORAZON DE JESUS",
        "description": "Av. Los Postes Este inicio cdra. 01 al grifo San Hilarión (lateral) a 5 metros de la vía auxiliar de la Av. Próceres de la Independencia entre las cuadras 20 y 21 frente a la Urb. Las Begonias\n(03) UND. ESTAC."
      }
    },
    {
      "type": "Feature",
      "geometry": {
        "type": "Point",
        "coordinates": [
          -77.0008645355274,
          -11.99598812491819
        ]
      },
      "properties": {
        "name": "P. 2 A.T. TRICICLOS CORAZON DE JESUS",
        "description": "final de la cdra. 06 de la Av. Los Postes Este a 5 metros de la Av. Santa Rosa frente a la Mz. K1 de la cooperativa la Huayrona.\n(04) UND. ESTAC."
      }
    },
    {
      "type": "Feature",
      "geometry": {
        "type": "Point",
        "coordinates": [
          -77.0007714590924,
          -11.9966949225221
        ]
      },
      "properties": {
        "name": "P. 3 A.T. TRICICLOS CORAZON DE JESUS",
        "description": "Inicio de la cdra. 07 del Jr. Los Grafitos a 5 metros\nParadero N°03 de la Av. Santa Rosa de la Urb. Inca Manco Cápac.\n(05) UND. ESTAC."
      }
    },
    {
      "type": "Feature",
      "geometry": {
        "type": "Point",
        "coordinates": [
          -77.00490617367865,
          -11.99614759315354
        ]
      },
      "properties": {
        "name": "P. 4 A.T. TRICICLOS CORAZON DE JESUS",
        "description": "Inicio de la cdra. 04 de la Av. Los Postes Este a 5 metros de la Av. 13 de Enero de la cooperativa La Huayrona.\n(02) UND. ESTAC."
      }
    },
    {
      "type": "Feature",
      "geometry": {
        "type": "Point",
        "coordinates": [
          -77.00704225619694,
          -11.99638479493553
        ]
      },
      "properties": {
        "name": "P.5 A.T. TRICICLOS CORAZON DE JESUS",
        "description": "Jr. Las Adamantinas a 5 metros del cruce con la Av. Los Postes cdra. 06 frontis del predio N°2100 de la Av. Los Postes de la Urb. Huayrona.\n(02) UND. ESTAC."
      }
    },
    {
      "type": "Feature",
      "geometry": {
        "type": "Point",
        "coordinates": [
          -77.00266172468608,
          -11.99596018439893
        ]
      },
      "properties": {
        "name": "P. 6 A.T. TRICICLOS CORAZON DE JESUS",
        "description": "Jr. Piedra Bigua frontis del predio N°2117 a 5 metros de la Av. Los Postes cdra. 06 de la Urb. Huayrona.\n(03) UND. ESTAC."
      }
    },
    {
      "type": "Feature",
      "geometry": {
        "type": "Point",
        "coordinates": [
          -77.00085279821786,
          -11.99506740793224
        ]
      },
      "properties": {
        "name": "P. 7 A.T. TRICICLOS CORAZON DE JESUS",
        "description": "Jr. Los Platinos frontis del predio N°680 metros del cruce con la Av. Santa Rosa cdra. 21 de la Urb. Huayrona.\n(02) UND. ESTAC."
      }
    },
    {
      "type": "Feature",
      "geometry": {
        "type": "Point",
        "coordinates": [
          -77.00042298412541,
          -11.99566012558943
        ]
      },
      "properties": {
        "name": "P. 8 A.T. TRICICLOS CORAZON DE JESUS",
        "description": "Av. Santa Rosa con la Calle S/N en el lado este con orientacion sur a norte \n(03) UND. ESTAC."
      }
    },
    {
      "type": "Feature",
      "geometry": {
        "type": "Point",
        "coordinates": [
          -77.00879237678855,
          -11.99719870200737
        ]
      },
      "properties": {
        "name": "P.1 E.T.M LOS LIBERT SAN PEDRO",
        "description": "Berma Lateral del Jr. Los Zafiros frontis del predio N° 2077 de la Mz. F-2, margen izquierdo a cinco (05) metros de la intersección con la Av. Los Postes Este, perteneciente a la Asociación Pro Vivienda San Hilarión, correspondiente a la zona de trabajo N° 19\n(05) UND. ESTAC."
      }
    },
    {
      "type": "Feature",
      "geometry": {
        "type": "Point",
        "coordinates": [
          -77.00417638535676,
          -11.996461872982
        ]
      },
      "properties": {
        "name": "P. 2 E.T.M. LOS LIBERT. SAN PEDRO",
        "description": "Margen derecho del Jr. Los Diamantes cuadra. 20 a 05 metros de la Av. Los Postes, Urb. Inca Manco Cápac. Sentido Sur-Norte\n(03) UND. ESTAC."
      }
    },
    {
      "type": "Feature",
      "geometry": {
        "type": "Point",
        "coordinates": [
          -77.00477488753032,
          -11.9978144342441
        ]
      },
      "properties": {
        "name": "P.3. E.T.M. LOS LIBERT SAN PEDRO",
        "description": "Jr. Las Turquesas cdra. 4, a 5.00 metros. lineales de la Av. 13 de Enero cdra. 20, Urb. Inca Manco Cápac, en el lado correspondiente a la zona de trabajo N° 19. Sentido Este-Oeste\n(02) UND. ESTAC."
      }
    },
    {
      "type": "Feature",
      "geometry": {
        "type": "Point",
        "coordinates": [
          -77.00518484628904,
          -11.99331676490965
        ]
      },
      "properties": {
        "name": "P. 1. A. MOT. VIRGEN DEL CARMEN LA HUAYRONA",
        "description": "Av. 13 de Enero, frontis del predio N° 2260 (Ref. Mercado Virgen del Carmen) en la Cooperativa Huayrona.\n(02) UND. ESTAC."
      }
    },
    {
      "type": "Feature",
      "geometry": {
        "type": "Point",
        "coordinates": [
          -77.00556942687966,
          -11.99265472090754
        ]
      },
      "properties": {
        "name": "P. 2. A. MOT. VIRGEN DEL CARMEN LA HUAYRONA",
        "description": "Jr. Agua Marina, frontis del predio N° 382, margen derecha a una distancia de 07.00 metros de la Av. 13 de Enero (Cdra. 22) de la Cooperativa La Huayrona.\n(03) UND. ESTAC."
      }
    },
    {
      "type": "Feature",
      "geometry": {
        "type": "Point",
        "coordinates": [
          -77.00638509174726,
          -11.99419274254776
        ]
      },
      "properties": {
        "name": "P. 3. A. MOT. VIRGEN DEL CARMEN LA HUAYRONA",
        "description": "Jr. Las Gemas, frente al predio N° 334, Margen izquierdo (ref. costado del Parque) de la Urbanización Las Begonias\n(02) UND. ESTAC."
      }
    },
    {
      "type": "Feature",
      "geometry": {
        "type": "Point",
        "coordinates": [
          -77.00489440938672,
          -11.994066684543
        ]
      },
      "properties": {
        "name": "P. 4 A. MOT. VIRGEN DEL CARMEN LA HUAYRONA",
        "description": "Jr. Las Gemas, frontis de la Mz. Q Lt. 23 (Cuadra 4) margen izquierda a una distancia de 05.00 metros lineales de la Av. 13 de Enero de la Cooperativa de Vivienda La Huayrona.\n(03) UND. ESTAC."
      }
    },
    {
      "type": "Feature",
      "geometry": {
        "type": "Point",
        "coordinates": [
          -77.01000564751138,
          -11.99482432242913
        ]
      },
      "properties": {
        "name": "P. 5. A. MOT. VIRGEN DEL CARMEN LA HUAYRONA",
        "description": "Berma lateral del Jr. Agua Marina, frontis del predio N° 100 (sentido Este-Oeste) lado sur a una distancia de 05.00 metros lineales de la vía auxiliar de la Av. Próceres de la Independencia cuadra 22) de Virgen del Carmen en Urbanización Las Begonias.\n(03) UND. ESTAC."
      }
    },
    {
      "type": "Feature",
      "geometry": {
        "type": "Point",
        "coordinates": [
          -77.00505650721854,
          -11.99265219662572
        ]
      },
      "properties": {
        "name": "P. 6. A. MOT. VIRGEN DEL CARMEN LA HUAYRONA",
        "description": "Jr. Agua Marina frente del predio N° 481, margen derecha de la Cooperativa La Huayrona (Referencia puerta N° 07 del mercado Virgen del Carmen)\n(02) UND. ESTAC."
      }
    },
    {
      "type": "Feature",
      "geometry": {
        "type": "Point",
        "coordinates": [
          -77.00487712486041,
          -11.99321533789105
        ]
      },
      "properties": {
        "name": "P. 7. A. MOT. VIRGEN DEL CARMEN LA HUAYRONA",
        "description": "Jr. Canto Rodado, frontis del perdió N° 464, margen izquierda, frente al Mercado Cooperativa La Huayrona.\n(05) UND. ESTAC."
      }
    },
    {
      "type": "Feature",
      "geometry": {
        "type": "Point",
        "coordinates": [
          -77.01040905873334,
          -11.99329357774184
        ]
      },
      "properties": {
        "name": "P.1. ASOC. TRANS. DE EMTRANSERVIC SAN HILARION",
        "description": "BERMA LATERAL DE LA AV. SAN HILARION ESTE A 10 METROS DE LA AV. PROCERES DE LA INDEPENDENCIA FRENTE A LA CLINICA SAN CAMILO EN EL SENTIDO OESTE-ESTE\n(02) UND. ESTAC."
      }
    },
    {
      "type": "Feature",
      "geometry": {
        "type": "Point",
        "coordinates": [
          -77.00988828510532,
          -11.99306115128529
        ]
      },
      "properties": {
        "name": "P.2. ASOC. TRANS. DE EMTRANSERVIC SAN HILARION",
        "description": "AV. SAN HILARION ESTE FRENTE A LA MZ. Z LOTE 18 A 10 METROS DE LA INTERSECCION CON JR. LOS ZAFIROS EN SENTIDO OESTE-ESTE. REF. CAMPO DEPORTIVO SEÑOR DE LOS MILAGROS \n(04) UND. ESTAC."
      }
    },
    {
      "type": "Feature",
      "geometry": {
        "type": "Point",
        "coordinates": [
          -77.00724861669376,
          -11.99171884619751
        ]
      },
      "properties": {
        "name": "P.3. ASOC. TRANS. DE EMTRANSERVIC SAN HILARION",
        "description": "JR. LOS OPALOS FRONTIS DEL PREDIO 2290 A 5.00 METROS DE LA INTERSECCIÓN CON LA AV. SAN HILARION ESTE EN SENTIDO SUR-NORTE\n(02) UND. ESTAC."
      }
    },
    {
      "type": "Feature",
      "geometry": {
        "type": "Point",
        "coordinates": [
          -77.00289550833548,
          -11.99407418696258
        ]
      },
      "properties": {
        "name": "P.1. TRANSPORTES Y SERVICIOS LAS BEGONIAS SAC",
        "description": "UBICADO EN LA BERMA LATERAL DEL JR. LAS GEMAS A 5.00 METROS DEL JR. PIEDRA BIGUA EN EL SENTIDO AL TRANSITO ESTE-OESTE LADO NORTE (REFERENCIA PREDIO 2201)\n(03) UND. ESTAC."
      }
    },
    {
      "type": "Feature",
      "geometry": {
        "type": "Point",
        "coordinates": [
          -77.00940499563971,
          -11.99649632894484
        ]
      },
      "properties": {
        "name": "P.2. TRANSPORTES Y SERVICIOS LAS BEGONIAS SAC",
        "description": "UBICADO SOBRE LA BERMA LATERAL DEL JR. LAS TURMALINAS SENTIDO ESTE A OESTE FRONTIS DE LA MZ. A LT. 19 A 10 METROS DE LA VIA AUXILIAR DE LA AV. PROCERES DE LA INDEPENDENCIA SENTIDO SUR A NORTE\n(04) UND. ESTAC."
      }
    },
    {
      "type": "Feature",
      "geometry": {
        "type": "Point",
        "coordinates": [
          -77.0103545892055,
          -11.99009758691633
        ]
      },
      "properties": {
        "name": "P. 1 A. MULT. JORGE BASADRE",
        "description": "Av. Jorge Basadre Este a 05.00 metros del cruce de la Vía Auxiliar de la Av. Próceres de la Independencia (Asoc. Pro Vivienda Jorge Basadre.\n(10) UND. ESTAC."
      }
    },
    {
      "type": "Feature",
      "geometry": {
        "type": "Point",
        "coordinates": [
          -77.00515957565571,
          -11.99008669814572
        ]
      },
      "properties": {
        "name": "P. 2 A. MULT. JORGE BASADRE",
        "description": "Av. Jorge Basadre Este a 05.00 metros del cruce de la Av. 13 de Enero de la Urb.San Carlos (ovalo).\n(03) UND. ESTAC."
      }
    },
    {
      "type": "Feature",
      "geometry": {
        "type": "Point",
        "coordinates": [
          -77.00371388883578,
          -11.99094574219233
        ]
      },
      "properties": {
        "name": "P. 3 A. MULT. JORGE BASADRE",
        "description": "Av. Jorge Basadre Este cruce con el Jr. Piedra Luna (Urb. San Gabriel).\n(03) UND. ESTAC."
      }
    },
    {
      "type": "Feature",
      "geometry": {
        "type": "Point",
        "coordinates": [
          -77.00295486643418,
          -11.99093441907174
        ]
      },
      "properties": {
        "name": "P. 4 A. MULT. JORGE BASADRE",
        "description": "Av. Jorge Basadre costado de la puerta principal del mercado San Gabriel puerta N92.\n(02) UND. ESTAC."
      }
    },
    {
      "type": "Feature",
      "geometry": {
        "type": "Point",
        "coordinates": [
          -77.0033409222474,
          -11.99070726380044
        ]
      },
      "properties": {
        "name": "P. 5 A. MULT. JORGE BASADRE",
        "description": "Jr. Piedra Luna puerta Nº 07 del Mercado \"San Gabriel\" a 05.00 metros de la Av. Jorge Basadre.\n(02) UND. ESTAC."
      }
    },
    {
      "type": "Feature",
      "geometry": {
        "type": "Point",
        "coordinates": [
          -77.00322627788711,
          -11.99038126061271
        ]
      },
      "properties": {
        "name": "P. 6 A. MULT. JORGE BASADRE",
        "description": "Jr. Piedra Luna a 15.00 metros de la Av. Jorge Basadre.\n(02) UND. ESTAC."
      }
    },
    {
      "type": "Feature",
      "geometry": {
        "type": "Point",
        "coordinates": [
          -77.00287534701474,
          -11.98999947622321
        ]
      },
      "properties": {
        "name": "P. 7 A. MULT. JORGE BASADRE",
        "description": "Jr. Los Azulejos a 10.00 metros del Jr. Piedra Luna de la Urb. San Gabriel.\n(02) UND. ESTAC."
      }
    },
    {
      "type": "Feature",
      "geometry": {
        "type": "Point",
        "coordinates": [
          -77.00781896856994,
          -11.99165865265681
        ]
      },
      "properties": {
        "name": "P. 8 A. MULT. JORGE BASADRE",
        "description": "Jr. Los Topacios cuadra 03, frontis del predio Nº 2308 a 05.00 metros de la Av.San Hilarión.\n(03) UND. ESTAC."
      }
    },
    {
      "type": "Feature",
      "geometry": {
        "type": "Point",
        "coordinates": [
          -77.00417296304126,
          -11.98774698271814
        ]
      },
      "properties": {
        "name": "P. 9 A. MULT. JORGE BASADRE",
        "description": "Jr. Jamesonita a 05.00 metros de la Av. 13 de Enero altura del predio Nº 387 en sentido Este-Oeste.\n(03) UND. ESTAC."
      }
    },
    {
      "type": "Feature",
      "geometry": {
        "type": "Point",
        "coordinates": [
          -77.00240422550063,
          -11.99020313914241
        ]
      },
      "properties": {
        "name": "P. 1 A. T. MOT. CHAVIN DE HUANTAR",
        "description": "Frontis del Jr. Azulejos Mz. B Lote 18 a una distancia de 03.00 metros del cruce con la Av. Santa Úrsula en la Urbanización San Gabriel.\n(05) UND. ESTAC."
      }
    },
    {
      "type": "Feature",
      "geometry": {
        "type": "Point",
        "coordinates": [
          -77.00185171328302,
          -11.99040317908687
        ]
      },
      "properties": {
        "name": "P. 2 A. T. MOT. CHAVIN DE HUANTAR",
        "description": "frontis del Jr. Azulejos N° 532 (frente a la Mz. B Lt. 27), en la Urbanización San Gabriel.\n(05) UND. ESTAC."
      }
    },
    {
      "type": "Feature",
      "geometry": {
        "type": "Point",
        "coordinates": [
          -77.00310025859677,
          -11.99003642791908
        ]
      },
      "properties": {
        "name": "P. 3 A. T. MOT. CHAVIN DE HUANTAR",
        "description": "Frontis del Jr. Piedra Luna N° 2444 (Ref. puerta N° 6 del mercado modelo San Gabriel) en la Urbanización San Gabriel.\n(03) UND. ESTAC."
      }
    },
    {
      "type": "Feature",
      "geometry": {
        "type": "Point",
        "coordinates": [
          -77.00239105436276,
          -11.99117273161417
        ]
      },
      "properties": {
        "name": "P. 4 A. T. MOT. CHAVIN DE HUANTAR",
        "description": "Frontis de la Av. Jorge Basadre Este N° 543 a una distancia de 10.00 metros del cruce de la Av. Piedra Bigua en la Urbanización San Gabriel.\n(05) UND. ESTAC."
      }
    },
    {
      "type": "Feature",
      "geometry": {
        "type": "Point",
        "coordinates": [
          -77.00065084181337,
          -11.99214089335814
        ]
      },
      "properties": {
        "name": "P. 5 A.T. MOT. CHAVIN DE HUANTAR",
        "description": "Frontis de la Av. Jorge Basadre Este N° 699 a una distancia de 05.00 metros del cruce de la Av. Santa Rosa de Lima en la Urbanización San Gabriel.\n(03) UND. ESTAC."
      }
    },
    {
      "type": "Feature",
      "geometry": {
        "type": "Point",
        "coordinates": [
          -77.00270305895042,
          -11.99305563272088
        ]
      },
      "properties": {
        "name": "P. 6 A.T. MOT. CHAVIN DE HUANTAR",
        "description": "Frontis del Jr. Piedra Bigua N° 2262 a una distancia de 08.00 metros del cruce con el Jr. Canto Rodado en la Urbanización La Huayrona.\n(05) UND. ESTAC."
      }
    },
    {
      "type": "Feature",
      "geometry": {
        "type": "Point",
        "coordinates": [
          -77.00096512264307,
          -11.9931840270361
        ]
      },
      "properties": {
        "name": "P. 7 A.T. MOT. CHAVIN DE HUANTAR",
        "description": "Frontis del Jr. Canto Rodado N° 700 a una distancia de 06.00 metros del cruce con la Av. Santa Rosa cuadra 22 en la Urbanización La Huayrona\n(06) UND. ESTAC."
      }
    },
    {
      "type": "Feature",
      "geometry": {
        "type": "Point",
        "coordinates": [
          -76.99975362448697,
          -11.99186893268696
        ]
      },
      "properties": {
        "name": "P. 8 A.T. MOT. CHAVIN DE HUANTAR",
        "description": "Frontis de la Mz. A Lote 01 en la Agrupación de Pobladores Andrés Avelino Cáceres (frente a la Mz. A Lote 01 del AA. HH Nueva Esperanza)\n(04) UND. ESTAC."
      }
    },
    {
      "type": "Feature",
      "geometry": {
        "type": "Point",
        "coordinates": [
          -77.00636167864272,
          -11.98507677964478
        ]
      },
      "properties": {
        "name": "P.1 A. T. MOTOKAR SAN CARLOS",
        "description": "Intersección del final de la cdra. 27 de la Av. Próceres de la independencia con el inicio de la cuadra. 04 de la Av. el Sol Urb. San Carlos (Los vehículos se estacionarán a 10 metros. dela vía auxiliar de la Av. Próceres de la independencia).\n(03) UND. ESTAC."
      }
    },
    {
      "type": "Feature",
      "geometry": {
        "type": "Point",
        "coordinates": [
          -76.99801289452948,
          -11.98886472308403
        ]
      },
      "properties": {
        "name": "P.2 A.T. MOTOKAR SAN CARLOS",
        "description": "Av. El Sol inicio de la cuadra 9 con intersección de la Av. Santa Rosa Mz. 7, zona semi rústica como referencia los vehículos se estacionarán en el frontis de la vivienda Nº 901 de la Urb. Canto Grande.\n(02) UND. ESTAC."
      }
    },
    {
      "type": "Feature",
      "geometry": {
        "type": "Point",
        "coordinates": [
          -77.00304096370475,
          -11.9857748926336
        ]
      },
      "properties": {
        "name": "P.3 A. T. MOTOKAR SAN CARLOS",
        "description": "Av. El Sol cuadra 5, intersecciones con Av. 13 de Enero cuadra 27 (los vehículos se estacionarán a 15 metros de la vivienda asignada con el Nº 527-A de la Av. El Sol Urb. Canto Grande).\n(02) UND. ESTAC."
      }
    },
    {
      "type": "Feature",
      "geometry": {
        "type": "Point",
        "coordinates": [
          -76.99985756915976,
          -11.98686838944471
        ]
      },
      "properties": {
        "name": "P.4 A. T. MOTOKAR SAN CARLOS",
        "description": "Urb. San Gabriel en la Av. Santa María cruce con la Av. El Sol cuadra 7 y 8\n(05) UND. ESTAC."
      }
    },
    {
      "type": "Feature",
      "geometry": {
        "type": "Point",
        "coordinates": [
          -77.00063838973307,
          -11.98895047128182
        ]
      },
      "properties": {
        "name": "P.5 A. T. MOTOKAR SAN CARLOS",
        "description": "Urb. San Gabriel en el frontis del predio Nº 599 del Jr. Los Cuarzos a 5 metros del Jr. Qrisolacas\n(02) UND. ESTAC."
      }
    },
    {
      "type": "Feature",
      "geometry": {
        "type": "Point",
        "coordinates": [
          -77.01570278899968,
          -11.98913040987336
        ]
      },
      "properties": {
        "name": "P.1 A. M. NUEVO RAYO SJL",
        "description": "Jr. Carlos I cuadra 01 lado derecho con frontis de la Mz. C lote 19 y 20 de la Asociación de Viv. Ayacucho a 05 metros lineales del cruce de la Av. Canto Grande al final de la cuadra 23 (referencia altura paradero 20).\n(02) UND. ESTAC."
      }
    },
    {
      "type": "Feature",
      "geometry": {
        "type": "Point",
        "coordinates": [
          -77.01594192571523,
          -11.9867701603046
        ]
      },
      "properties": {
        "name": "P.2 A. M. NUEVO RAYO SJL",
        "description": "Pasaje Emilio Castelar cuadra 01 lado izquierdo con frontis de la Mz. M lote 53 de la Asoc. Pro. Viv. Ayacucho a 05 metros del cruce de la Av. Canto Grande entre las cuadras 24 y 25 (referencia altura del paradero N° 21).\n(03) UND. ESTAC."
      }
    },
    {
      "type": "Feature",
      "geometry": {
        "type": "Point",
        "coordinates": [
          -77.01559827921561,
          -11.98460767954699
        ]
      },
      "properties": {
        "name": "P. 3 A.M. NUEVO RAYO SJL",
        "description": "Jr. Carlos Ill cuadra 01 lado derecho con frontis de la Mz. M lote 31 de la Asoc. Viv. Ayacucho a 05 metros del cruce con la Av. Canto Grande entre las cuadras 25 y 26 (referencia altura del paradero 21 y medio).\n(02) UND. ESTAC."
      }
    },
    {
      "type": "Feature",
      "geometry": {
        "type": "Point",
        "coordinates": [
          -77.0185201331525,
          -11.99052396450883
        ]
      },
      "properties": {
        "name": "P. 4. A.M. NUEVO RAYO SJL",
        "description": "Ovalo Fray Martín frente a la Mz. G lote 8\n(02) UND. ESTAC."
      }
    },
    {
      "type": "Feature",
      "geometry": {
        "type": "Point",
        "coordinates": [
          -77.01958474806786,
          -11.98671141172218
        ]
      },
      "properties": {
        "name": "P.5 A. M. NUEVO RAYO SJL",
        "description": "Jr. Felipe IV frente a la Mz. A lote 1 AA. HH. Señor de Luren\n(02) UND. ESTAC."
      }
    },
    {
      "type": "Feature",
      "geometry": {
        "type": "Point",
        "coordinates": [
          -77.02268850189029,
          -11.98978769506581
        ]
      },
      "properties": {
        "name": "P. 6 A. M. NUEVO RAYO SJL",
        "description": "Berma lateral del Jr. La Libertad (Ca. 02), sentido de este a oeste, intersección con el Psj. N° 03, frente a la Mz. E Lote 1 - AA.HH. Proyecto integral Sector Villa Florida.\n(03) UND. ESTAC."
      }
    },
    {
      "type": "Feature",
      "geometry": {
        "type": "Point",
        "coordinates": [
          -77.01686842434842,
          -11.98651975773614
        ]
      },
      "properties": {
        "name": "P.7 A. M. NUEVO RAYO SJL",
        "description": "Mercado María Parado de Bellido Jr. Fernando Aragón II a 5 metros de la puerta N° 2\n(03) UND. ESTAC."
      }
    },
    {
      "type": "Feature",
      "geometry": {
        "type": "Point",
        "coordinates": [
          -77.01638141315472,
          -11.98622498081709
        ]
      },
      "properties": {
        "name": "P.8 A. M. NUEVO RAYO SJL",
        "description": "Berma lateral de la Ca. F, sentido de oeste a este, intersección con el Jr. Juana l, frente a la Mz. J Lote 30 y 31.\n(03) UND. ESTAC."
      }
    },
    {
      "type": "Feature",
      "geometry": {
        "type": "Point",
        "coordinates": [
          -77.0207509979313,
          -11.98478534754709
        ]
      },
      "properties": {
        "name": "P.9 A. M. NUEVO RAYO SJL",
        "description": "Paradero la Cruz AA. HH. Mártires del Periodismo Calle Luis Mindivil frente a la Mz. S lote 1\n(03) UND. ESTAC."
      }
    },
    {
      "type": "Feature",
      "geometry": {
        "type": "Point",
        "coordinates": [
          -77.02235692568803,
          -11.98689755546934
        ]
      },
      "properties": {
        "name": "P. 1. A.M. LOS 03 SECTORES",
        "description": "Ubicado en el Jr. Libertad, en el frontis de la Mz. \"A\" Lote 04 y 06 de la Agrupación Familiar El Nuevo Mirador. \n(03) UND. ESTAC."
      }
    },
    {
      "type": "Feature",
      "geometry": {
        "type": "Point",
        "coordinates": [
          -77.02346754639088,
          -11.98746742551828
        ]
      },
      "properties": {
        "name": "P. 2. A.M. LOS 03 SECTORES",
        "description": "Ubicado en Cale 2 con la Calle 1, frente a la Mz. \"C\" Lt. 02 (Referencia: Frontis de la Mz. \"A\" Lt. 1 y 15) en el sentido al tránsito norte - sur, lado oeste, AAHH. Villa Florida\n(03) UND. ESTAC."
      }
    },
    {
      "type": "Feature",
      "geometry": {
        "type": "Point",
        "coordinates": [
          -77.01167391393089,
          -11.98329224067591
        ]
      },
      "properties": {
        "name": "P. 1. ASOC. MOTOTAXIS NUEVO SAN JUAN",
        "description": "\"Ubicado en la Av. Constelación cuadra 27 a una a una distancia de 15.00 metros de la Av. El Sol cuadra 01 (Ref. Costado del centro de salud Ganimedes) de acuerdo al sentido de tránsito.\n(03) UND. ESTAC."
      }
    },
    {
      "type": "Feature",
      "geometry": {
        "type": "Point",
        "coordinates": [
          -77.00740325367441,
          -11.98469771734445
        ]
      },
      "properties": {
        "name": "P.2. ASOC. MOTOTAXIS NUEVO SAN JUAN",
        "description": "Ubicado en la Av. El Sol cuadra 03 a una distancia de 15.00 metros del Jr. Las Nebulosas de acuerdo al sentido de tránsito.\n(02) UND. ESTAC."
      }
    },
    {
      "type": "Feature",
      "geometry": {
        "type": "Point",
        "coordinates": [
          -77.00796047756192,
          -11.98041986058309
        ]
      },
      "properties": {
        "name": "P.3. ASOC. MOTOTAXIS NUEVO SAN JUAN",
        "description": "\"Ubicado en el Jr. Los Duraznos con el pasaje Los Duraznos junto a la Mz I Lote 03 sentido\nOeste-Este.\"\n(06) UND. ESTAC."
      }
    },
    {
      "type": "Feature",
      "geometry": {
        "type": "Point",
        "coordinates": [
          -77.00579778023152,
          -11.98115267724423
        ]
      },
      "properties": {
        "name": "P.4. ASOC. MOTOTAXIS NUEVO SAN JUAN",
        "description": "Ubicado en el Jr. Los Duraznos a una distancia de 10.00 metros de la Av. Próceres de la independencia sentido Oeste -Este\n(04) UND. ESTAC."
      }
    },
    {
      "type": "Feature",
      "geometry": {
        "type": "Point",
        "coordinates": [
          -77.01293165776069,
          -11.9825288022576
        ]
      },
      "properties": {
        "name": "P.5. ASOC. MOTOTAXIS NUEVO SAN JUAN",
        "description": "Ubicado en la Av. El Sol cuadra 01 a una distancia de 15:00 metros de la Av. Canto Grande, sentido Oeste-Este\n(02) UND. ESTAC."
      }
    },
    {
      "type": "Feature",
      "geometry": {
        "type": "Point",
        "coordinates": [
          -77.01404680976557,
          -11.98432650054619
        ]
      },
      "properties": {
        "name": "P.6. ASOC. MOTOTAXIS NUEVO SAN JUAN",
        "description": "Ubicado en el Jr. Plutón a una distancia de 05:00 metros de la Av. Canto Grande, Sentido Este-Oeste.\n(03) UND. ESTAC."
      }
    },
    {
      "type": "Feature",
      "geometry": {
        "type": "Point",
        "coordinates": [
          -77.01526475261919,
          -11.98575550544816
        ]
      },
      "properties": {
        "name": "P.7. ASOC. MOTOTAXIS NUEVO SAN JUAN",
        "description": "Ubicado en la Calle Ganimedes a una distancia de 5:00 metros de la Av. Canto Grande sentido Este-Oeste.\n(04) UND. ESTAC."
      }
    },
    {
      "type": "Feature",
      "geometry": {
        "type": "Point",
        "coordinates": [
          -77.01547150978828,
          -11.98679708469805
        ]
      },
      "properties": {
        "name": "P.8. ASOC. MOTOTAXIS NUEVO SAN JUAN",
        "description": "Ubicado en el Jr. Satélite cuadra 03 a una distancia de 05:00 metros de la Av. Las Flores de Primavera cuadra 25 en la A.V.P. Santa Elizabeth II ETAPA.\n(04) UND. ESTAC."
      }
    },
    {
      "type": "Feature",
      "geometry": {
        "type": "Point",
        "coordinates": [
          -77.01472424641476,
          -11.98974442749737
        ]
      },
      "properties": {
        "name": "P.9. ASOC. MOTOTAXIS NUEVO SAN JUAN",
        "description": "Ubicado en el Jr. Marte cuadra 24 frontis de la Mz F-1 a una distancia de 05:00 metros de la Av. Jorge Basadre en la Asociación de Vivienda, Santa Elizabeth.\n(02) UND. ESTAC."
      }
    },
    {
      "type": "Feature",
      "geometry": {
        "type": "Point",
        "coordinates": [
          -77.0109394633603,
          -11.98879406767682
        ]
      },
      "properties": {
        "name": "P.10. ASOC. MOTOTAXIS NUEVO SAN JUAN",
        "description": "Ubicado en el Jr. Galaxia cuadra 25 frente al predio N° 2503 en la Urb. Los Angeles en sentido Este-Oeste.\n(03) UND. ESTAC."
      }
    },
    {
      "type": "Feature",
      "geometry": {
        "type": "Point",
        "coordinates": [
          -77.00633840778025,
          -11.98287556725153
        ]
      },
      "properties": {
        "name": "P.11. ASOC. MOTOTAXIS NUEVO SAN JUAN",
        "description": "\"Ubicado en la Av. Los Ciruelos costado del predio N°366 en la berma lateral a una distancia de 20 00 metros de la Av. Próceres de la Indecencia.\n(02) UND. ESTAC."
      }
    },
    {
      "type": "Feature",
      "geometry": {
        "type": "Point",
        "coordinates": [
          -77.00705757681783,
          -11.98458273809379
        ]
      },
      "properties": {
        "name": "P.12. ASOC. MOTOTAXIS NUEVO SAN JUAN",
        "description": "\"Ubicado en la berma lateral de la Av. El Sol frente del predio N° 399 (cuadra 03) a una distancia de 10:00 metros de la Av. Próceres de la Independencia cuadra 28 (ref. local crucero del amor).\n(06) UND. ESTAC."
      }
    },
    {
      "type": "Feature",
      "geometry": {
        "type": "Point",
        "coordinates": [
          -77.0130758420367,
          -11.98735893020648
        ]
      },
      "properties": {
        "name": "P.1 CONS. D. TRANSP. JORGE BASADRE S.A.C.",
        "description": "Cuadra 25 del Jr. Orión, frontis del predio N° 2513, a 7 metros lineales del Jr. Aerolitos en la Asociación Pro Vivienda Santa Elizabeth 1era Etapa.\n(04) UND. ESTAC."
      }
    },
    {
      "type": "Feature",
      "geometry": {
        "type": "Point",
        "coordinates": [
          -77.0081250477713,
          -11.98655490614094
        ]
      },
      "properties": {
        "name": "P.2 CONS. D TRANSP. JORGE BASADRE S.A.C.",
        "description": "Cuadra 01 del Jr. Ganimedes a 05 metros lineales de la intersección con la cuadra 26 de la Av. Próceres de la Independencia, en la Urb. San Carlos."
      }
    },
    {
      "type": "Feature",
      "geometry": {
        "type": "Point",
        "coordinates": [
          -77.01043115281253,
          -11.98866435573083
        ]
      },
      "properties": {
        "name": "P.3 CONS. D TRANSP. JORGE BASADRE S.A.C.",
        "description": "Cuadra 01 del Jr. Las Estrellas a 15 metros lineales de la intersección con la cuadra 26 de la Av. Próceres de la Independencia.\n(03) UND. ESTAC."
      }
    },
    {
      "type": "Feature",
      "geometry": {
        "type": "Point",
        "coordinates": [
          -77.01115147355189,
          -11.98341586516463
        ]
      },
      "properties": {
        "name": "P.4 CONS. D. TRANSP. JORGE BASADRE S.A.C.",
        "description": "Cuadra 01 del Jr. Las Galaxias frontis del centro de salud \"Ganimedes\" a 10 metros lineales de la intersección con la Av. El Sol, en el sentido Oeste - Este.\n(03) UND. ESTAC."
      }
    },
    {
      "type": "Feature",
      "geometry": {
        "type": "Point",
        "coordinates": [
          -77.01423341660636,
          -11.98346541197922
        ]
      },
      "properties": {
        "name": "P.1 A.M. CANADA",
        "description": "Inicio de la cuadra 1 del Jr. Nevado de Huascarán a 5 mts. Lineales de la intersección de la cuadra 26 de la Av. Canto Grande\n(02) UND. ESTAC."
      }
    },
    {
      "type": "Feature",
      "geometry": {
        "type": "Point",
        "coordinates": [
          -77.02323269320371,
          -11.98117873823012
        ]
      },
      "properties": {
        "name": "P. 2 A. M. CANADA",
        "description": "Frontis de la Mz D lote 3 del AA. HH. Vista Alegre.\n(03) UND. ESTAC."
      }
    },
    {
      "type": "Feature",
      "geometry": {
        "type": "Point",
        "coordinates": [
          -77.01370340138035,
          -11.9829557462449
        ]
      },
      "properties": {
        "name": "P.3 A.M. CANADA",
        "description": "Frontis de la vivienda asignada con el N° 2758 de la Av. Canto Grande\n(02) UND. ESTAC."
      }
    },
    {
      "type": "Feature",
      "geometry": {
        "type": "Point",
        "coordinates": [
          -77.01313433978967,
          -11.98171087208831
        ]
      },
      "properties": {
        "name": "P.4 A.M. CANADA",
        "description": "cruce de la Av. Los Olmos (cuadra 1); con el paradero N° 1 de la Av. Canto Grande lado derecho del Jr. Los Olmos a 5 metros lineales del cruce con la Av. Canto Grande en la Urb. Canto Bello\n(03) UND. ESTAC."
      }
    },
    {
      "type": "Feature",
      "geometry": {
        "type": "Point",
        "coordinates": [
          -77.01394503221879,
          -11.98302892866138
        ]
      },
      "properties": {
        "name": "P.5 A.M. CANADA",
        "description": "frente de la Mz \"A\" lote 12 en el Jr. Ausangate a 10 metros lineales de la Av. as Flores de Primavera en la Urb. Santa Elizabeth 2. Etapa\n(04) UND. ESTAC."
      }
    },
    {
      "type": "Feature",
      "geometry": {
        "type": "Point",
        "coordinates": [
          -77.01317162061697,
          -11.98029790295013
        ]
      },
      "properties": {
        "name": "P.6 A.M. CANADA",
        "description": "margen derecho de la Av. Canto Bello cdra. 1 (sentido Este - Oeste) a 65.00 metros de la Av. Canto Grande, hacia la ca. Los Cipreses\n(02) UND. ESTAC."
      }
    },
    {
      "type": "Feature",
      "geometry": {
        "type": "Point",
        "coordinates": [
          -77.01998783818922,
          -11.97457705729625
        ]
      },
      "properties": {
        "name": "P.7 A.M. CANADA",
        "description": "Frontis de la Mz. U lote 1 del A.A.H.H San Fernando\n(02) UND. ESTAC."
      }
    },
    {
      "type": "Feature",
      "geometry": {
        "type": "Point",
        "coordinates": [
          -77.01620687484068,
          -11.98422944602339
        ]
      },
      "properties": {
        "name": "P.8 A.M. CANADA",
        "description": "Frontis de la Mz \"P\" lote 6 de la Asociacion Pro - Vivienda Ayacucho a la altura del paradero 21 de la Av. Las Flores"
      }
    },
    {
      "type": "Feature",
      "geometry": {
        "type": "Point",
        "coordinates": [
          -77.01947727624201,
          -11.9806035615719
        ]
      },
      "properties": {
        "name": "P. 9 A. M. CANADA",
        "description": "Ubicado en la calle Mosse frontis de la Mz. Q late 20 de la Asociación de Vivienda Canadá\n(02) UND. ESTAC."
      }
    },
    {
      "type": "Feature",
      "geometry": {
        "type": "Point",
        "coordinates": [
          -77.01612248533986,
          -11.9810655286313
        ]
      },
      "properties": {
        "name": "P. 10 A. M. CANADA",
        "description": "Calle sin nombre intersección con el Jr. Los Nogales al frente del mercado Micaela Bastidas\n(02) UND. ESTAC."
      }
    },
    {
      "type": "Feature",
      "geometry": {
        "type": "Point",
        "coordinates": [
          -77.01454051967477,
          -11.98393650347249
        ]
      },
      "properties": {
        "name": "P.11 A.M. CANADA",
        "description": "Jr. Nevada Huandoy frontis del predio Mz. F Lote 1 Urb. Santa Elizabeth, a 20 metros lineales de la Av. Canto Grande\n(02) UND. ESTAC."
      }
    },
    {
      "type": "Feature",
      "geometry": {
        "type": "Point",
        "coordinates": [
          -77.01258745524679,
          -11.98078342645741
        ]
      },
      "properties": {
        "name": "P.1 A. MO. BE. DUR.",
        "description": "Av. Canto Bello cuadra 1 (Mz. N) a 05.00 metros de la Av. Canto Grande de la Urbanización Canto Bello, de acuerdo al sentido tránsito\n(05) UND. ESTAC."
      }
    },
    {
      "type": "Feature",
      "geometry": {
        "type": "Point",
        "coordinates": [
          -77.0221454008865,
          -11.97639630181533
        ]
      },
      "properties": {
        "name": "P.2 A. MO. BE. DUR.",
        "description": "frontis de la Mz. R a una distancia de 05.00 metros de la prolongación de la Av. Canto Bello del A.A.H.H. San Fernando de acuerdo al sentido del tránsito.\n(03) UND. ESTAC."
      }
    },
    {
      "type": "Feature",
      "geometry": {
        "type": "Point",
        "coordinates": [
          -77.01973355915432,
          -11.97617241732401
        ]
      },
      "properties": {
        "name": "P.3 A. MO. BE. DUR.",
        "description": "frente de la Mz. P lote 4 a una distancia de 05.00 metros de la Av. Canto Bello del A.A.H.H. San Fernando, de acuerdo al sentido del tránsito\n(03) UND. ESTAC."
      }
    },
    {
      "type": "Feature",
      "geometry": {
        "type": "Point",
        "coordinates": [
          -77.02060112954169,
          -11.97416541126556
        ]
      },
      "properties": {
        "name": "P.4 A. MO. BE. DUR.",
        "description": "frontis de la Mz. W lote 4 del AA. HH. San Fernando, de acuerdo al sentido del tránsito.\n(03) UND. ESTAC."
      }
    },
    {
      "type": "Feature",
      "geometry": {
        "type": "Point",
        "coordinates": [
          -77.0148015838688,
          -11.97694783174708
        ]
      },
      "properties": {
        "name": "P. 5 A. MO. BE. DUR.",
        "description": "Av. Los Eucaliptos, frontis del predio N° 282, frente a la Mz D lote 14 de la Urbanización Canto Bello, en el sentido Oeste-Este.\n(03) UND. ESTAC."
      }
    },
    {
      "type": "Feature",
      "geometry": {
        "type": "Point",
        "coordinates": [
          -77.02337977309581,
          -11.97667253288746
        ]
      },
      "properties": {
        "name": "P. 6 A. MO. BE. DUR.",
        "description": "Calle N° 01 a una distancia de 05.00 metros de la prolongación de la Av. Canto bello, en el AA. HH. Ampliación de San Fernando, de acuerdo al sentido del tránsito.\n(03) UND. ESTAC."
      }
    },
    {
      "type": "Feature",
      "geometry": {
        "type": "Point",
        "coordinates": [
          -77.02011280145878,
          -11.97660458977351
        ]
      },
      "properties": {
        "name": "P.7 A. MO. BE. DUR.",
        "description": "Calle N° 11 a una distancia de 05.00 metros de la calle 10 (frente a la Mz. N1, lote 01) en el Asentamiento Humano San Fernando, de acuerdo al sentido del tránsito.\n(02) UND. ESTAC."
      }
    },
    {
      "type": "Feature",
      "geometry": {
        "type": "Point",
        "coordinates": [
          -77.02257614928229,
          -11.97282262018693
        ]
      },
      "properties": {
        "name": "P.1. LOS HALCONES DE SAN FERNANDO",
        "description": "UBICADO EN LA BERMA LATERAL DE LA CALLE 05 FRONTIS DE LA MZ. B LOTE 01 EN EL SENTIDO DEL TRANSITO OESTE-ESTE (REF: INGRESO A LA AGRUPACIÓN FAMILIAR LADERAS DE JERUSALEN) PERTENECIENTE A LA AGRUPACIÓN FAMILIAR UNIÓN Y PROGRESO SECTOR NUEVA JERUSALEN.\n(02) UND. ESTAC."
      }
    },
    {
      "type": "Feature",
      "geometry": {
        "type": "Point",
        "coordinates": [
          -77.01730763238561,
          -11.97427273404095
        ]
      },
      "properties": {
        "name": "P.2. LOS HALCONES DE SAN FERNANDO",
        "description": "UBICADO EN LA BERMA LATERAL DE LA CALLE S/N FRENTE DE LA MAZ. D LOTE 03 (REF: APROXIMACIÓN DEL PASAJE 09 PERTENECIENTE A LA AGRUPACIÓN FAMILIAR 20 DE ABRIL DE SAN FERNANDO)\n(02) UND. ESTAC."
      }
    },
    {
      "type": "Feature",
      "geometry": {
        "type": "Point",
        "coordinates": [
          -77.01457777777777,
          -11.97946111111111
        ]
      },
      "properties": {
        "name": "P.3. LOS HALCONES DE SAN FERNANDO",
        "description": "UBICADO EN LA BERMA LATERAL DE LA AV. CANTO BELLO, FRONTIS DE LA MZ. K LOTE 12(PREDIO 276) EN EL SENTIDO AL TRANSITO OESTE-ESTE LADO NORTE A 48.00 METROS DE LA CALLE LOS NOGALES\n(02) UND. ESTAC."
      }
    },
    {
      "type": "Feature",
      "geometry": {
        "type": "Point",
        "coordinates": [
          -77.00447795712333,
          -11.97966603940649
        ]
      },
      "properties": {
        "name": "P.1 A. M. VILLA HUANTA",
        "description": "Av. El bosque a 05 cincos metros del cruce con la Av. Próceres de la independencia, frontis de la Mz. \"C1\" de la Asociación Pro Vivienda La Planicie.\n(03) UND. ESTAC."
      }
    },
    {
      "type": "Feature",
      "geometry": {
        "type": "Point",
        "coordinates": [
          -76.99673781036411,
          -11.98823463399691
        ]
      },
      "properties": {
        "name": "P.2 A. M. VILLA HUANTA",
        "description": "Av. El Bosque cuadra 09 al lado del parque Uchuraccay.\n(02) UND. ESTAC."
      }
    },
    {
      "type": "Feature",
      "geometry": {
        "type": "Point",
        "coordinates": [
          -77.00525584972664,
          -11.98133645810232
        ]
      },
      "properties": {
        "name": "P.3 A. M. VILLA HUANTA",
        "description": "Av. El Durazno intercesión con la Av. Wiesse.\n(03) UND. ESTAC."
      }
    },
    {
      "type": "Feature",
      "geometry": {
        "type": "Point",
        "coordinates": [
          -77.00187372322232,
          -11.98385272488014
        ]
      },
      "properties": {
        "name": "P.4 A.M. VILLA HUANTA",
        "description": "Av. El Durazno Intersección con la Av. Los Ciruelos.\n(02) UND. ESTAC."
      }
    },
    {
      "type": "Feature",
      "geometry": {
        "type": "Point",
        "coordinates": [
          -76.9984487487599,
          -11.98575414296865
        ]
      },
      "properties": {
        "name": "P.5 A. M. VILLA HUANTA",
        "description": "Ubicado en Av. Los Álamos intersección con la Av. E/ Bosque.\n(02) UND. ESTAC."
      }
    },
    {
      "type": "Feature",
      "geometry": {
        "type": "Point",
        "coordinates": [
          -77.00045600693366,
          -11.98280156760286
        ]
      },
      "properties": {
        "name": "P.6 A. M. VILLA HUANTA",
        "description": "Frontis del predio N° 592 de la Av. El Bosque, referencia la intersección de la Av. el Bosque y la Av. Los Ciruelos.\n(04) UND. ESTAC."
      }
    },
    {
      "type": "Feature",
      "geometry": {
        "type": "Point",
        "coordinates": [
          -77.0096551011072,
          -11.97684091179925
        ]
      },
      "properties": {
        "name": "P.1 E. T. TORO PEREZ S.A.",
        "description": "Av. El Bosque a 05.00 metros lineales de la Av. Canto Grande.\n(10) UND. ESTAC."
      }
    },
    {
      "type": "Feature",
      "geometry": {
        "type": "Point",
        "coordinates": [
          -77.00877756644289,
          -11.97536098706762
        ]
      },
      "properties": {
        "name": "P.2 E. T. TORO PEREZ S.A.",
        "description": "Paradero N° 5 de la Av. Canto Grande, margen derecha, costado del Parque 14-A de la Urb. San Rafael.\n(03) UND. ESTAC."
      }
    },
    {
      "type": "Feature",
      "geometry": {
        "type": "Point",
        "coordinates": [
          -77.00502395703751,
          -11.97942276449391
        ]
      },
      "properties": {
        "name": "P.3 E. T. TORO PEREZ S.A.",
        "description": "Av. El Bosque cuadra 03 a 05.00 metros de la Av. Proceres de la Independencia (sedapal).\n(05) UND. ESTAC."
      }
    },
    {
      "type": "Feature",
      "geometry": {
        "type": "Point",
        "coordinates": [
          -77.01434929856477,
          -11.97625818108997
        ]
      },
      "properties": {
        "name": "P. 4. E. T. TORO PEREZ S.A.",
        "description": "Jr. Amancaes intercepción con la Av. Los Eucaliptos Cuadra 04 de la Urb. Canto Bello.\n(02) UND. ESTAC."
      }
    },
    {
      "type": "Feature",
      "geometry": {
        "type": "Point",
        "coordinates": [
          -77.01391025348673,
          -11.97227525779087
        ]
      },
      "properties": {
        "name": "P.5 E. T. TORO PEREZ S.A.",
        "description": "Av. Los Periodistas Mz B, esquina del mercado Las Terrazas del AA.HH. Las Terrazas\n(02) UND. ESTAC."
      }
    },
    {
      "type": "Feature",
      "geometry": {
        "type": "Point",
        "coordinates": [
          -77.00996389964976,
          -11.97672002999134
        ]
      },
      "properties": {
        "name": "P.6 E. T. TORO PEREZ S.A.",
        "description": "Jr. Feliz Gavilán cuadra 01 a la altura del paradero 04 de la Av. Canto Grande.\n(02) UND. ESTAC."
      }
    },
    {
      "type": "Feature",
      "geometry": {
        "type": "Point",
        "coordinates": [
          -77.00842294405885,
          -11.97486932029483
        ]
      },
      "properties": {
        "name": "P.7 E. T. TORO PEREZ S.A.",
        "description": "Av. El Parque Cuadra 01 cruce con la Av. Canto Grande.\n(03) UND. ESTAC."
      }
    },
    {
      "type": "Feature",
      "geometry": {
        "type": "Point",
        "coordinates": [
          -77.00415677871499,
          -11.97799874713688
        ]
      },
      "properties": {
        "name": "P.8 E. T. TORO PEREZ S.A.",
        "description": "Av. El Parque Cuadra 03 cruce con la Av. Proceres de la Independencia\n(03) UND. ESTAC."
      }
    },
    {
      "type": "Feature",
      "geometry": {
        "type": "Point",
        "coordinates": [
          -77.0114817352538,
          -11.97909592547953
        ]
      },
      "properties": {
        "name": "P.9 E. T. TORO PEREZ S.A.",
        "description": "Av. Los Amancaes cruce con la Av. Canto Grande altura del Paradero N° 03 de la Av. Av. Canto Grande\n(03) UND. ESTAC."
      }
    },
    {
      "type": "Feature",
      "geometry": {
        "type": "Point",
        "coordinates": [
          -77.00577062672593,
          -11.97676304681759
        ]
      },
      "properties": {
        "name": "P.10 E. T. TORO PEREZ S.A.",
        "description": "Av. Del Parque frontis de la posta medica Medalla Milagrosa.\n(02) UND. ESTAC."
      }
    },
    {
      "type": "Feature",
      "geometry": {
        "type": "Point",
        "coordinates": [
          -77.01622048693088,
          -11.97187617052299
        ]
      },
      "properties": {
        "name": "P.11 E. T. TORO PEREZ S.A.",
        "description": "Frontis de la Mz Q, Lote 06 del AA.HH. Las Terrazas.\n(02) UND. ESTAC."
      }
    },
    {
      "type": "Feature",
      "geometry": {
        "type": "Point",
        "coordinates": [
          -77.01502350445628,
          -11.97014360441835
        ]
      },
      "properties": {
        "name": "P.12 E. T. TORO PEREZ S.A.",
        "description": "AA.HH. Las Lomas frente a loza deportiva.\n(02) UND. ESTAC."
      }
    },
    {
      "type": "Feature",
      "geometry": {
        "type": "Point",
        "coordinates": [
          -77.00910844147674,
          -11.97465143487475
        ]
      },
      "properties": {
        "name": "P.13 E. T. TORO PEREZ S.A.",
        "description": "Jr. Amador García cuadra 31 a 20.00 metros de la Av. Los Periodistas.\n(02) UND. ESTAC."
      }
    },
    {
      "type": "Feature",
      "geometry": {
        "type": "Point",
        "coordinates": [
          -77.00913869414111,
          -11.97516559438114
        ]
      },
      "properties": {
        "name": "P.1 ADMOCAN",
        "description": "frontis de la Av. Los Periodistas cuadra 01 a una distancia de 10.00 metros lineales del cruce con la Av. Canto Grande de la Urb. Canto Nuevo.\n(04) UND. ESTAC."
      }
    },
    {
      "type": "Feature",
      "geometry": {
        "type": "Point",
        "coordinates": [
          -77.01157365237806,
          -11.97370668448976
        ]
      },
      "properties": {
        "name": "P.2 ADMOCAN",
        "description": "frontis de la Mz Q Lote 11 a una distancia de 06:00 metros lineales del cruce con la Av. Los Periodistas de la Urb. Las Casuarinas.\n(03) UND. ESTAC."
      }
    },
    {
      "type": "Feature",
      "geometry": {
        "type": "Point",
        "coordinates": [
          -77.0128959109502,
          -11.97298081757785
        ]
      },
      "properties": {
        "name": "P.3 ADMOCAN",
        "description": "Frontis del Jr. Tacna Mz B Lote 28 a una distancia de 06:00 metros lineales del cruce con la Av. Los periodistas de la Urb. Las Terrazas.\n(04) UND. ESTAC."
      }
    },
    {
      "type": "Feature",
      "geometry": {
        "type": "Point",
        "coordinates": [
          -77.01304168803742,
          -11.97046954705118
        ]
      },
      "properties": {
        "name": "P.4 ADMOCAN",
        "description": "Jr. Ica, en el frontis de la Mz. F, Lote 16, del AA. HH. Las Terrazas de Canto Grande con aproximación al pasaje \"A\". (sentido Norte-Sur, lado Oeste)\n(02) UND. ESTAC."
      }
    },
    {
      "type": "Feature",
      "geometry": {
        "type": "Point",
        "coordinates": [
          -77.01149037692818,
          -11.97175533474222
        ]
      },
      "properties": {
        "name": "P.5 ADMOCAN",
        "description": "Av. Los Eucaliptos en el frontis de la Mz. L1, Lote 11 con aproximación al Jr. Ica de la Urbanización Las Casuarinas. (sentido Sur-Norte, lado Este)\n(03) UND. ESTAC."
      }
    },
    {
      "type": "Feature",
      "geometry": {
        "type": "Point",
        "coordinates": [
          -77.00361412176467,
          -11.97841043413203
        ]
      },
      "properties": {
        "name": "P.1 A. M. PLANICIE",
        "description": "Av. El Parque cruce con la Av. Próceres de la independencia (Urb. La Planice -Asoc. Mercado Israelite).\n(13) UND. ESTAC."
      }
    },
    {
      "type": "Feature",
      "geometry": {
        "type": "Point",
        "coordinates": [
          -76.99605029110802,
          -11.98371889476197
        ]
      },
      "properties": {
        "name": "P.2 A. M. PLANICIE",
        "description": "Av. Los Álamos cuadra 4, frontis del predio N° 495 de la Urb. Canto Grande a 6.00 metros de la Av. El Parque.\n(03) UND. ESTAC."
      }
    },
    {
      "type": "Feature",
      "geometry": {
        "type": "Point",
        "coordinates": [
          -76.9994012165771,
          -11.9787987617699
        ]
      },
      "properties": {
        "name": "P.3 A. M. PLANICIE",
        "description": "Berma lateral del Jr. Rio Huallaga en el sentido Este-Oeste, lado Norte frontis a la Mz. K Lote 13 a 5 metros Del Pasaje 03\n(03) UND. ESTAC."
      }
    },
    {
      "type": "Feature",
      "geometry": {
        "type": "Point",
        "coordinates": [
          -77.00130700316915,
          -11.97610940470542
        ]
      },
      "properties": {
        "name": "P.4 A. M. PLANICIE",
        "description": "Jr. Rio Huallaga frontis de la Mz H Lote 29 a 10.00 metros de la Av. Próceres de la independencia de la Urb. Canto Rey.\n(05) UND. ESTAC."
      }
    },
    {
      "type": "Feature",
      "geometry": {
        "type": "Point",
        "coordinates": [
          -76.99913947165236,
          -11.98181857372929
        ]
      },
      "properties": {
        "name": "P.5 A. M. PLANICIE",
        "description": "Jr. Los Ciruelos cuadra 7, frontis del predio N° 798 a 10.00 metros de la Av. El Parque\n(03) UND. ESTAC."
      }
    },
    {
      "type": "Feature",
      "geometry": {
        "type": "Point",
        "coordinates": [
          -76.99800703952441,
          -11.98028755442447
        ]
      },
      "properties": {
        "name": "P.6 A. M. PLANICIE",
        "description": "Jr. Los Ciruelos cuadra 8, intersección con la cdra. 1 del Jr. Los Bambúes frente al Colegio Nacional El Bosque.\n(04) UND. ESTAC."
      }
    },
    {
      "type": "Feature",
      "geometry": {
        "type": "Point",
        "coordinates": [
          -76.99362767847182,
          -11.98318862166917
        ]
      },
      "properties": {
        "name": "P.7 A. M. PLANICIE",
        "description": "Av. Los Bambúes cuadra 9, frontis del predio N° 998 intersección con la Av. Santa Rosa de Lima Sur de la Urb. Canto Grande, Il Etapa de la Parcelación Semi-Rustica.\n(03) UND. ESTAC."
      }
    },
    {
      "type": "Feature",
      "geometry": {
        "type": "Point",
        "coordinates": [
          -76.99582717412312,
          -11.98172270904262
        ]
      },
      "properties": {
        "name": "P.8 A. M. PLANICIE",
        "description": "Av. Bambúes frontis de la Mz. M Lote 10 intersección con la Calle Los Cedrones.\n(03) UND. ESTAC."
      }
    },
    {
      "type": "Feature",
      "geometry": {
        "type": "Point",
        "coordinates": [
          -77.00247161507245,
          -11.97715251783318
        ]
      },
      "properties": {
        "name": "P.9 A. M. PLANICIE",
        "description": "Berma Jr. Rio Napo en el sentido Oeste-Este, lado sur, frente a la Mz. F Lote 16 a 5 metros de la intersección con el Jr. Rio Amazonas\n(02) UND. ESTAC."
      }
    },
    {
      "type": "Feature",
      "geometry": {
        "type": "Point",
        "coordinates": [
          -76.9946963921256,
          -11.98928233912301
        ]
      },
      "properties": {
        "name": "P.10 A. M. PLANICIE",
        "description": "Berma lateral del Jr. Félix Higuain en el sentido Este-Oeste, lado Norte, frente a la Mz. J Lote 02 del PP.JJ. Villa Huanta\n(04) UND. ESTAC."
      }
    },
    {
      "type": "Feature",
      "geometry": {
        "type": "Point",
        "coordinates": [
          -76.99414635891833,
          -11.98464744179
        ]
      },
      "properties": {
        "name": "P.11 A. M. PLANICIE",
        "description": "Jr. Ricardo Urbano cuadra 1, frontis del predio N° 101 a 05.00 metros de la intersección con la Av. Santa Rosa del A.A.H.H. Villa Huanta.\n(01) UND. ESTAC."
      }
    },
    {
      "type": "Feature",
      "geometry": {
        "type": "Point",
        "coordinates": [
          -77.00158670134422,
          -11.9795626921465
        ]
      },
      "properties": {
        "name": "P.12 A. M. PLANICIE",
        "description": "Rio Ucayali frontis de la Mz. E Lote 26 a 08.00 metros de la Av. El Parque de la Urb. Canto Rey.\n(02) UND. ESTAC."
      }
    },
    {
      "type": "Feature",
      "geometry": {
        "type": "Point",
        "coordinates": [
          -76.99667387449077,
          -11.98114510448425
        ]
      },
      "properties": {
        "name": "P.13 A. M. PLANICIE",
        "description": "Av. Los Bambúes cdra. 8 frontis del predio N° 800 de la Urb. Canto Grande, II Etapa de la Parcelación Semi-Rustica.\n(02) UND. ESTAC."
      }
    },
    {
      "type": "Feature",
      "geometry": {
        "type": "Point",
        "coordinates": [
          -76.9975541465291,
          -11.98267185432163
        ]
      },
      "properties": {
        "name": "P.14 A. M. PLANICIE",
        "description": "Calle Los Pinos cuadra 4 (margen derecho) a 06.00 metros de la Av. El Parque.\n(02) UND. ESTAC."
      }
    },
    {
      "type": "Feature",
      "geometry": {
        "type": "Point",
        "coordinates": [
          -76.99697297549358,
          -11.98498968266187
        ]
      },
      "properties": {
        "name": "P.15 A. M. PLANICIE",
        "description": "Av. Los Álamos Mz Ñ a 10.00 metros del Jr. Los Dátiles cuadra 9.\n(03) UND. ESTAC."
      }
    },
    {
      "type": "Feature",
      "geometry": {
        "type": "Point",
        "coordinates": [
          -77.00032673371669,
          -11.98048690056433
        ]
      },
      "properties": {
        "name": "P.16 A. M. PLANICIE",
        "description": "berma lateral de la Av. Del Parque en el sentido Este-Oeste, lado Norte, a 20 metros del Jr. Rio Chincha\n(02) UND. ESTAC."
      }
    },
    {
      "type": "Feature",
      "geometry": {
        "type": "Point",
        "coordinates": [
          -76.9951792269431,
          -11.98671303352909
        ]
      },
      "properties": {
        "name": "P.17 A. M. PLANICIE",
        "description": "Jr. Gervasio Santillana frontis de la Mz D Lote 26 a 15.00 metros de la Av. Santa Rosa de Lima del AA.HH. Villa Huanta.\n(03) UND. ESTAC."
      }
    },
    {
      "type": "Feature",
      "geometry": {
        "type": "Point",
        "coordinates": [
          -76.99504463373518,
          -11.98231864478365
        ]
      },
      "properties": {
        "name": "P.18 A. M. PLANICIE",
        "description": "Av. Los Álamos cuadra 5, frontis de la Mz N Lote 01 intersección con la Av. Los Bambúes de la Urb. Canto Grande, II Etapa de la Parcelación Semi-Rustica.\n(03) UND. ESTAC."
      }
    },
    {
      "type": "Feature",
      "geometry": {
        "type": "Point",
        "coordinates": [
          -77.00705863148364,
          -11.9719489600827
        ]
      },
      "properties": {
        "name": "P.1 E.T. JARDINES DE MACHUPICCHU S.A.",
        "description": "Av. Machupicchu con la Av. Canto Grande-Urb. Machupicchu (alt. del paradero 7)\n(08) UND. ESTAC."
      }
    },
    {
      "type": "Feature",
      "geometry": {
        "type": "Point",
        "coordinates": [
          -77.01315568662557,
          -11.96756944264414
        ]
      },
      "properties": {
        "name": "P.2 E.T. JARDINES DE MACHUPICCHU S.A.",
        "description": "Jr. Cajamarca frente de la MZ. 140, lote 01-AA.HH Huascar, grupo 2 (AA.HH San Lorenzo)\n(08) UND. ESTAC."
      }
    },
    {
      "type": "Feature",
      "geometry": {
        "type": "Point",
        "coordinates": [
          -77.01595888373038,
          -11.96509430033446
        ]
      },
      "properties": {
        "name": "P.3 E.T. JARDINES DE MACHUPICCHU S.A.",
        "description": "Costado de la Mz. F del AA.HH. Belen\n(05) UND. ESTAC."
      }
    },
    {
      "type": "Feature",
      "geometry": {
        "type": "Point",
        "coordinates": [
          -77.01159033057598,
          -11.96898296001389
        ]
      },
      "properties": {
        "name": "P.4 E.T. JARDINES DE MACHUPICCHU S.A.",
        "description": "Prolong. de la Av. José Carflos Mariátegui, frente lateral izquierdo del colegio Fe Alegría N° 25 junto al comedor Sarita Colonia a 10.00 m. de la intersección de la Av. Machupicchu\n(05) UND. ESTAC."
      }
    },
    {
      "type": "Feature",
      "geometry": {
        "type": "Point",
        "coordinates": [
          -77.01438744440723,
          -11.96678017577651
        ]
      },
      "properties": {
        "name": "P.5 E.T. JARDINES DE MACHUPICCHU S.A.",
        "description": "Calle s/n frente de la Mz. F, lote 2 del AA.HH. San Marcos, costado del campo deportivo San Marcos\n(05) UND. ESTAC."
      }
    },
    {
      "type": "Feature",
      "geometry": {
        "type": "Point",
        "coordinates": [
          -77.0080788018117,
          -11.97323676272113
        ]
      },
      "properties": {
        "name": "P.1. ASOC. MOTOTAXIS PANORAMA 3 DE JULIO",
        "description": "Pasaje rio Vilcanota a 15 metros de la Calle Ollantaytambo, frontis del predio N° 126, sentido Este-Oeste, lado Norte\n(02) UNIDADES"
      }
    },
    {
      "type": "Feature",
      "geometry": {
        "type": "Point",
        "coordinates": [
          -77.0137503680002,
          -11.96854490017749
        ]
      },
      "properties": {
        "name": "P.2. ASOC. MOTOTAXIS PANORAMA 3 DE JULIO",
        "description": "Pasaje Los Vencedores con Pasaje 28 de Julio, frontis de la Mz. G Lt. 1A (ref: frente al pozo de agua)\n(03) UND. ESTAC."
      }
    },
    {
      "type": "Feature",
      "geometry": {
        "type": "Point",
        "coordinates": [
          -77.01450967272655,
          -11.969712298794
        ]
      },
      "properties": {
        "name": "P.3. ASOC. MOTOTAXIS PANORAMA 3 DE JULIO",
        "description": "Pasaje Los Héroes, frontis de la Mz. J Lote 15 y 16 sentido Este-Oeste, lado norte a 20 metros de la Calle Panorama 3 de Julio\n(02) UND. ESTAC."
      }
    },
    {
      "type": "Feature",
      "geometry": {
        "type": "Point",
        "coordinates": [
          -77.00806130419397,
          -11.96961230589551
        ]
      },
      "properties": {
        "name": "P.1. ASOC. MOTOTAXIS 5 CASUARINAS TERRAZAS",
        "description": "CALLE LANGUI FRONTIS DEL PREDIO MZ. B LOTE 22 A LA ALTURA DEL JR. ATAHUALPA\n(04) UND. ESTAC."
      }
    },
    {
      "type": "Feature",
      "geometry": {
        "type": "Point",
        "coordinates": [
          -77.00163818235262,
          -11.97543275820115
        ]
      },
      "properties": {
        "name": "P.1 A. C. M. LEONES SAN RAFAEL",
        "description": "Av. Las Flores cuadra 3, margen derecha, cruce con la Vía Auxiliar de la Av. Los Proceres de la Independencia Urb. Los Pinos. (Ref. Costado del Supermercado Metro).\n(07) UND. ESTAC."
      }
    },
    {
      "type": "Feature",
      "geometry": {
        "type": "Point",
        "coordinates": [
          -77.00459522609158,
          -11.97257201082693
        ]
      },
      "properties": {
        "name": "P.2 A. C. M. LEONES SAN RAFAEL",
        "description": "Calle Don José de San Martin cuadra 6 cruce con la Calle General Miller cuadra 1de la Urb. San Rafael.\n(02) UND. ESTAC."
      }
    },
    {
      "type": "Feature",
      "geometry": {
        "type": "Point",
        "coordinates": [
          -77.00570739363562,
          -11.97064651241298
        ]
      },
      "properties": {
        "name": "P.3 A. C. M. LEONES SAN RAFAEL",
        "description": "Av. Las Flores cuadra 1 cruce, margen derecha, con la Av. Canto Grande, cuadra 35 de la Urb. San Rafael. (Ref. Alt. Paradero 8 de Canto Grande al lado del Banco de Crédito).\n(03) UND. ESTAC."
      }
    },
    {
      "type": "Feature",
      "geometry": {
        "type": "Point",
        "coordinates": [
          -77.0048885728427,
          -11.97732878967384
        ]
      },
      "properties": {
        "name": "P.4 A. C. M. LEONES SAN RAFAEL",
        "description": "Av. Republica de Polonia cuadra 5, margen derecha, cruce con la Av. El Parque cuadra 3 (Ref. Frente a la Feria de Muebles).\n(05) UND. ESTAC."
      }
    },
    {
      "type": "Feature",
      "geometry": {
        "type": "Point",
        "coordinates": [
          -77.0024706613831,
          -11.97443534576353
        ]
      },
      "properties": {
        "name": "P.5 A. C. M. LEONES SAN RAFAEL",
        "description": "Av. Las Flores cuadra 2, margen derecha, cruce con la Av. Republica de Polonia, sentido de Oeste-Este.\n(04) UND. ESTAC."
      }
    },
    {
      "type": "Feature",
      "geometry": {
        "type": "Point",
        "coordinates": [
          -77.0062017274826,
          -11.97213962733339
        ]
      },
      "properties": {
        "name": "P.6 A. C. M. LEONES SAN RAFAEL",
        "description": "Berma lateral derecho de la Ca. General Córdova, en sentido Este→ Oeste, a 6 metros artes de la Av. Canto Grande.\n(02) UND. ESTAC."
      }
    },
    {
      "type": "Feature",
      "geometry": {
        "type": "Point",
        "coordinates": [
          -77.00086873703324,
          -11.97441332611111
        ]
      },
      "properties": {
        "name": "P.7 A. C. M. LEONES SAN RAFAEL",
        "description": "Jr. Las Camelias cruce con el pasaje Los Heliotropos.\n(03) UND. ESTAC."
      }
    },
    {
      "type": "Feature",
      "geometry": {
        "type": "Point",
        "coordinates": [
          -77.00308297875105,
          -11.97369160985678
        ]
      },
      "properties": {
        "name": "P.8 A. C. M. LEONES SAN RAFAEL",
        "description": "Av. Las Flores N° 256 (margen derecha), a una distancia de 05.00 metros, lineales del Jr. José Gálvez en la Urb. San Rafael.\n(03) UND. ESTAC."
      }
    },
    {
      "type": "Feature",
      "geometry": {
        "type": "Point",
        "coordinates": [
          -77.00544195940935,
          -11.97108604023868
        ]
      },
      "properties": {
        "name": "P.9 A. C. M. LEONES SAN RAFAEL",
        "description": "Jr. Ramón Castilla frontis de la Mz A Lote 2 a una distancia de 05.00 metros, lineales de la Av. Las Flores en la Urb. San Rafael.\n(04) UND. ESTAC."
      }
    },
    {
      "type": "Feature",
      "geometry": {
        "type": "Point",
        "coordinates": [
          -77.00763617068448,
          -11.97366173018552
        ]
      },
      "properties": {
        "name": "P. 10. A.C.M. LEONES SAN RAFAEL",
        "description": "Berma lateral de la Ca. José de la Torre Ugarte Cruce con Av. Canto Grande en el sentido Este-Oeste, lado Norte (referencia a 6.00 metros de la Av. Canto Grande)\n(02) UND. ESTAC."
      }
    },
    {
      "type": "Feature",
      "geometry": {
        "type": "Point",
        "coordinates": [
          -77.00556652274216,
          -11.97345833440939
        ]
      },
      "properties": {
        "name": "P. 11. A.C.M. LEONES SAN RAFAEL",
        "description": "Berma lateral derecho de la Ca. San Martin, en sentido Sur→Norte, a 30, metros después del ingreso del Play Park SJL.\n(11) UND. ESTAC."
      }
    },
    {
      "type": "Feature",
      "geometry": {
        "type": "Point",
        "coordinates": [
          -76.99995096745218,
          -11.97525369068087
        ]
      },
      "properties": {
        "name": "P.1 A. M. CANTO REY II",
        "description": "Av. Canto Rey Cuadra 04 frontis de la vivienda 405 a 05.00 metros lineales del cruce con la Vía Auxiliar de la Av. Proceres de la Independencia.\n(08) UND. ESTAC."
      }
    },
    {
      "type": "Feature",
      "geometry": {
        "type": "Point",
        "coordinates": [
          -76.99570882570684,
          -11.97706467967848
        ]
      },
      "properties": {
        "name": "P.2 A. M. CANTO REY II",
        "description": "Sobre la berma lateral de la Av. Los Ciruelos, frontis de la Mz. R, en el sentido (Sur-Norte) lado Este, a 5.00 metros de la intersección con Calle Las Palmeras.\n(04) UND. ESTAC."
      }
    },
    {
      "type": "Feature",
      "geometry": {
        "type": "Point",
        "coordinates": [
          -76.99825849423704,
          -11.97755054601217
        ]
      },
      "properties": {
        "name": "P.3 A. M. CANTO REY II",
        "description": "Av. Canto Rey entre la cuadra 05 y la cuadra s/n frontis del mercado Canto Rey a 02.00 metros lineales del Jr. Rio Tigre.\n(05) UND. ESTAC."
      }
    },
    {
      "type": "Feature",
      "geometry": {
        "type": "Point",
        "coordinates": [
          -76.99245743717138,
          -11.98242926207729
        ]
      },
      "properties": {
        "name": "P.4 A. M. CANTO REY II",
        "description": "Jr. Loa Sauces frontis de la Mz E Lote 07-F a 5.00 metros lineales de la Av. Santa Rosa.\n(08) UND. ESTAC."
      }
    },
    {
      "type": "Feature",
      "geometry": {
        "type": "Point",
        "coordinates": [
          -76.99496753958172,
          -11.98051036575777
        ]
      },
      "properties": {
        "name": "P.5 A. M. CANTO REY II",
        "description": "Jr. Los Cedrones S/N en el frontis de la Mz. X de la Urb. Semi-Rustica de Canto Grande a 10.00 metros lineales del cruce don la Av. Los Cocaleno (cuadra 18).\n(04) UND. ESTAC."
      }
    },
    {
      "type": "Feature",
      "geometry": {
        "type": "Point",
        "coordinates": [
          -76.99648394916544,
          -11.97703019893036
        ]
      },
      "properties": {
        "name": "P.6 A. M. CANTO REY II",
        "description": "Jr. Rio Chira frontis de la Mz. C lote 02 de la Urb. Canto Rey a 05.00 metros lineales del Jr. Rio Chancay (Ref. altura del Colegio Sor Ana de Los Angeles).\n(05) UND. ESTAC."
      }
    },
    {
      "type": "Feature",
      "geometry": {
        "type": "Point",
        "coordinates": [
          -76.99885634067722,
          -11.97719753094527
        ]
      },
      "properties": {
        "name": "P.7 A. M. CANTO REY II",
        "description": "Jr. Ucayali frontis de la Mz. A lote 20 de la Urb. Canto Rey II Etapa a 08.00 metros lineales de la Av. Canto Rey, en sentido Norte-Sur.\n(04) UND. ESTAC."
      }
    },
    {
      "type": "Feature",
      "geometry": {
        "type": "Point",
        "coordinates": [
          -76.99783294315411,
          -11.97385435992772
        ]
      },
      "properties": {
        "name": "P.8 A. M. CANTO REY II",
        "description": "Jr. Condebamba frontis de la Mz. J-2 Lote 05 a 12.00 metros lineales del Jr. Amazonas, en sentido Oeste-Este.\n(05) UND. ESTAC."
      }
    },
    {
      "type": "Feature",
      "geometry": {
        "type": "Point",
        "coordinates": [
          -76.99600868606254,
          -11.97956198339839
        ]
      },
      "properties": {
        "name": "P.9 A. M. CANTO REY II",
        "description": "Jr. Los Pacaes frente al predio N°900 cruce con el Jr. Cocalenos, III Etapa de Canto\n(08) UND. ESTAC."
      }
    },
    {
      "type": "Feature",
      "geometry": {
        "type": "Point",
        "coordinates": [
          -76.99049391738804,
          -11.98158130339167
        ]
      },
      "properties": {
        "name": "P. 10. A.M. CANTO REY II",
        "description": "Sobre la berma lateral del Jr. Parquisonias, frente a la Mz. D Lt. 10-11 y frontis a la Mz. F Lt. 01 unidad 17 Canto Grande, en sentido (Este- Oeste) lado Sur, a 40.00 metros de la intersección con Calle Los Sauces y a la altura del Penal Castro Castro.\n(04) UND. ESTAC."
      }
    },
    {
      "type": "Feature",
      "geometry": {
        "type": "Point",
        "coordinates": [
          -76.99362469974291,
          -11.98305585375054
        ]
      },
      "properties": {
        "name": "P.11 A. M. CANTO REY II",
        "description": "Berma lateral derecho de la Avenida Los Bambúes N° 957 con sentido de Este-Oeste, perteneciente a la Urbanización Canto Rey, del distrito de San Juan de Lurigancho.\n(03) UND. ESTAC."
      }
    },
    {
      "type": "Feature",
      "geometry": {
        "type": "Point",
        "coordinates": [
          -76.99695985523837,
          -11.97503805452973
        ]
      },
      "properties": {
        "name": "P. 12. A.M. CANTO REY II",
        "description": "Berma lateral derecha del Lote N°11 del Jirón Rio Condebamba con sentido de Oeste - Este, perteneciente a la Urbanización Canto Rey, del distrito de San Juan de Lurigancho.\n(03) UND. ESTAC."
      }
    },
    {
      "type": "Feature",
      "geometry": {
        "type": "Point",
        "coordinates": [
          -77.00930039779551,
          -11.96507810185347
        ]
      },
      "properties": {
        "name": "P.1. ASOC. DE TRANSPORTES LOS MISIONEROS ASTRAMIS",
        "description": "SOBRE LA BERMA LATERAL DE LA AV. SAN MARTIN FRONTIS DE LA MZ. 117A LOTE 14, EN EL SENTIDO DE OESTE A ESTE, ANTES DEL CRUCE CON LA AV. JOSE CARLOS MARIATEGUI \n(07) UND. ESTAC."
      }
    },
    {
      "type": "Feature",
      "geometry": {
        "type": "Point",
        "coordinates": [
          -77.0161379473448,
          -11.96440596445737
        ]
      },
      "properties": {
        "name": "P.3. ASOC. DE TRANSPORTES LOS MISIONEROS ASTRAMIS",
        "description": "UBICADO EN LA BERMA LATERAL DE LA CA. JERUSALEN FRENTE A LA MZ. I LOTE 01 Y 14 AAHH BELEN Y DEL PARQUE N° 02 EN EL SENTIDO DE ESTE A OESTE CON APROXIMACIÓN A LA CALLE NAZARET\n(05) UND. ESTAC."
      }
    },
    {
      "type": "Feature",
      "geometry": {
        "type": "Point",
        "coordinates": [
          -77.0190949358309,
          -11.96345880975345
        ]
      },
      "properties": {
        "name": "P.4. ASOC. DE TRANSPORTES LOS MISIONEROS ASTRAMIS",
        "description": "BERMA LATERAL DE LA CA. LAS BRISAS DE HUASCAR, FRONTIS A LA MZ. F LOTE 01 Y 02 DEL AAHH UNION PROGRESISTA DE LA ESPERANZA, EN EL SENTIDO DE OESTE A ESTE A LA ALTURA DEL PASAJE JOSE GALVEZ\n(04) UND. ESTAC."
      }
    },
    {
      "type": "Feature",
      "geometry": {
        "type": "Point",
        "coordinates": [
          -77.01275844453313,
          -11.96275468102987
        ]
      },
      "properties": {
        "name": "P.2. ASOC. DE TRANSPORTES LOS MISIONEROS ASTRAMIS",
        "description": "SOBRE LA BERMA LATERAL DE LA CA. 2 FRONTIS A LA ,Z. 13 LOTE 01 Y 02 P.J. 19 DE ABRIL SENTIDO DE NORTE A SUR Y ANTES DEL CRUCE POR EL PASAJE N° 03\n(03) UND. ESTAC."
      }
    },
    {
      "type": "Feature",
      "geometry": {
        "type": "Point",
        "coordinates": [
          -77.00584239423641,
          -11.96709057114546
        ]
      },
      "properties": {
        "name": "P.1 A T. T. .M. HUASCAR",
        "description": "Jr. Huascar a 05 metros de la Av. San Martin de Porres Oeste lado impar de acuerdo al sentido de transito \n(03) UND. ESTAC."
      }
    },
    {
      "type": "Feature",
      "geometry": {
        "type": "Point",
        "coordinates": [
          -77.00710552496176,
          -11.96628464733573
        ]
      },
      "properties": {
        "name": "P.2 A.T. M. M. HUASCAR",
        "description": "Av. Prolongacion frontis de la Mz 45 lote 16 a 05 metros de la Av. San Martin de Porres Oeste en el AAHH Upis Huascar\n(03) UND. ESTAC."
      }
    },
    {
      "type": "Feature",
      "geometry": {
        "type": "Point",
        "coordinates": [
          -77.00458242962458,
          -11.96793657459074
        ]
      },
      "properties": {
        "name": "P.1 A.M. BLUE STAR CANTO GRANDE",
        "description": "Av. San Martin de Porres Oeste (Altura mercado valle sagrado)\n(04) UND. ESTAC."
      }
    },
    {
      "type": "Feature",
      "geometry": {
        "type": "Point",
        "coordinates": [
          -77.00538283189903,
          -11.96744569488127
        ]
      },
      "properties": {
        "name": "P.2 A.M. BLUE STAR CANTO GRANDE",
        "description": "Pasaje S/N entre la Zona Comercial B y la Zona Comercial Los Artesanos a 10 metros de la Av. San Martín\n(05) UND. ESTAC."
      }
    },
    {
      "type": "Feature",
      "geometry": {
        "type": "Point",
        "coordinates": [
          -77.0053634109392,
          -11.96556485745773
        ]
      },
      "properties": {
        "name": "P.1 A.M. HUASCAR CALLE 12",
        "description": "Jr. Sullana frontis a la Mz. 38 lote 7 del Grupo 8 Sector A del AA. HH. Huáscar intersección con el Jr. R. de Mendoza (Alt. Del Parque España).\n(03) UND. ESTAC."
      }
    },
    {
      "type": "Feature",
      "geometry": {
        "type": "Point",
        "coordinates": [
          -77.00452371071438,
          -11.9646060156485
        ]
      },
      "properties": {
        "name": "P.2 A.M. HUASCAR CALLE 12",
        "description": "Calle Jauja frontis a la Mz. 34 Lote 16 del Grupo 8 Sector A del AA. HH. Huascar a 2 metros lineales del cruce con el Jr. Huáscar.\n(02) UND. ESTAC."
      }
    },
    {
      "type": "Feature",
      "geometry": {
        "type": "Point",
        "coordinates": [
          -77.00344690966791,
          -11.96355954535528
        ]
      },
      "properties": {
        "name": "P.3 A.M. HUASCAR CALLE 12",
        "description": "Jr. Bongara (Antes Av. Santa Rosa cuadra 3) con frontis a la Mz. D-2 Lote 1 del AA. HH. Villa Hermosa a 2 metros lineales del Jr. Huáscar (Alt. Del campo deportivo).\n(03) UND. ESTAC."
      }
    },
    {
      "type": "Feature",
      "geometry": {
        "type": "Point",
        "coordinates": [
          -77.0014171919197,
          -11.96004044771259
        ]
      },
      "properties": {
        "name": "P.4 A.M. HUASCAR CALLE 12",
        "description": "Av. 20 de Enero con frontis a la Mz. 108 lote 18 del Grupo 14 Sector B del AA.HH. Huascar a 2 metros lineales del Jr. Huáscar (Alt. Del mercado José Carlos Mariátegui).\n(03) UND. ESTAC."
      }
    },
    {
      "type": "Feature",
      "geometry": {
        "type": "Point",
        "coordinates": [
          -76.9995280249764,
          -11.95722303391668
        ]
      },
      "properties": {
        "name": "P.5 A.M. HUASCAR CALLE 12",
        "description": "Jr. Huáscar con frontis a la Mz. 116 Lote 5 del Grupo 14 Sector B del AA. HH. Huáscar a 02 metros lineales del Jr. Corongo (Entre los AA. HH. Huáscar y el AA. HH. 10 de Febrero)\n(02) UND. ESTAC."
      }
    },
    {
      "type": "Feature",
      "geometry": {
        "type": "Point",
        "coordinates": [
          -77.0004498583979,
          -11.96207950128366
        ]
      },
      "properties": {
        "name": "P.6 A.M. HUASCAR CALLE 12",
        "description": "Lote 15 de la Mz. CH Jr. Camaná del AA. HH. 9 de octubre a 5 metros de la Av.Canto Grande\n(03) UND. ESTAC."
      }
    },
    {
      "type": "Feature",
      "geometry": {
        "type": "Point",
        "coordinates": [
          -77.00489794539807,
          -11.96238898480043
        ]
      },
      "properties": {
        "name": "P.7 A.M. HUASCAR CALLE 12",
        "description": "Frontis de la Mz. 73 Lote 36 Grupo 10 en el AA. HH. Huáscar a 5 metros de la Av. Prolongación\n(02) UND. ESTAC."
      }
    },
    {
      "type": "Feature",
      "geometry": {
        "type": "Point",
        "coordinates": [
          -77.00167865240849,
          -11.96040653199006
        ]
      },
      "properties": {
        "name": "P.8 A.M. HUASCAR CALLE 12",
        "description": "frontis de la Mz. 9 Lote 9 Sector A - Huáscar a 05.00 metros lineales del Jr.Huascar\n(02) UND. ESTAC."
      }
    },
    {
      "type": "Feature",
      "geometry": {
        "type": "Point",
        "coordinates": [
          -77.00311643280553,
          -11.95916855475021
        ]
      },
      "properties": {
        "name": "P.9 A.M. HUASCAR CALLE 12",
        "description": "frontis de la Mz. 92 Lote 15 Grupo 11 Sector B - Huáscar a 05.00 metros lineales de la Av. 20 de Enero\n(02) UND. ESTAC."
      }
    },
    {
      "type": "Feature",
      "geometry": {
        "type": "Point",
        "coordinates": [
          -77.0043358181936,
          -11.95850326772593
        ]
      },
      "properties": {
        "name": "P.10 A.M. HUASCAR CALLE 12",
        "description": "Frontis de la Mz. 93 Lote 2 Grupo 11 - Huáscar a 05.00 metros lineales de la Av.20 de Enero \n(02) UND. ESTAC."
      }
    },
    {
      "type": "Feature",
      "geometry": {
        "type": "Point",
        "coordinates": [
          -77.00347281224914,
          -11.96700057119066
        ]
      },
      "properties": {
        "name": "P.1 A.M. VALLE SAGRADO",
        "description": "Calle 01 a la altura del paradero once de la Av. Canto Grande a 20 metros de la Av. Canto grande entre el Mercado Valle Sagrado y el Centro Materno infantil"
      }
    },
    {
      "type": "Feature",
      "geometry": {
        "type": "Point",
        "coordinates": [
          -77.00371073637781,
          -11.96747871810574
        ]
      },
      "properties": {
        "name": "P.2 A.M. VALLE SAGRADO",
        "description": "A la altura del paradero 10 de la av. Canto Grande a 20 metros de la Mz. \"B\" del AA. HH. Upis Huáscar en el frontis del Mercado Valle Sagrado\n(03) UND. ESTAC."
      }
    },
    {
      "type": "Feature",
      "geometry": {
        "type": "Point",
        "coordinates": [
          -77.00347526655871,
          -11.96765131355188
        ]
      },
      "properties": {
        "name": "P.3 A.M. VALLE SAGRADO",
        "description": "Cruce de la Av. Canto Grande s/n con el Jr. Rio Rimac en el frontis de la Mz. \"B\" del Jr. Rímac a 10 metros de la av. Canto Grande en el AA. HH. Jesús Oropeza Chonta\n(02) UND. ESTAC."
      }
    },
    {
      "type": "Feature",
      "geometry": {
        "type": "Point",
        "coordinates": [
          -77.0033481194026,
          -11.9668902169892
        ]
      },
      "properties": {
        "name": "P.4 A.M. VALLE SAGRADO",
        "description": "cruce de la Av. Canto Grande s/n con el Jr. Río Pampamarca al frente de la Mz. \"M° de la Asociación Los Álamos 3ra. Etapa a 10 metros de la Av. Canto Grande a la altura del paradero 12\n(03) UND. ESTAC."
      }
    },
    {
      "type": "Feature",
      "geometry": {
        "type": "Point",
        "coordinates": [
          -77.00168237936215,
          -11.96444537955036
        ]
      },
      "properties": {
        "name": "P.5 A.M. VALLE SAGRADO",
        "description": "Av. Canto Grande a la altura del paradero 11 de la mencionada avenida en el frontis del Hospital Materno Infantil \"Canto Grande\" a 10 metros de la puerta principal del mencionado \n(03) UND. ESTAC."
      }
    },
    {
      "type": "Feature",
      "geometry": {
        "type": "Point",
        "coordinates": [
          -77.00327827783818,
          -11.96725578698436
        ]
      },
      "properties": {
        "name": "P.6 A.M. VALLE SAGRADO",
        "description": "Rio Moche frontis de la Mz. B Lote 5 del AA. HH. Jesús Oropeza Chonta con la Av. Canto Grande con sentido Oeste-Este."
      }
    },
    {
      "type": "Feature",
      "geometry": {
        "type": "Point",
        "coordinates": [
          -77.00069518077815,
          -11.96901540715506
        ]
      },
      "properties": {
        "name": "P. 7. A.M. VALLE SAGRADO",
        "description": "Esquina del Jr. Rio Marañón con la av. San Martin de Porres entre el AA. HH. Jesús Oropeza Chonta y Cooperativa Mariscal Luzuriaga."
      }
    },
    {
      "type": "Feature",
      "geometry": {
        "type": "Point",
        "coordinates": [
          -76.9999232237626,
          -11.96736730842499
        ]
      },
      "properties": {
        "name": "P. 8 A. M. VALLE SAGRADO",
        "description": "Esquina del Jr. Río Tumbes con el Jr. Río Mantaro frontis de la Mz. T Lote 34 Cooperativa Mariscal Luzuriaga."
      }
    },
    {
      "type": "Feature",
      "geometry": {
        "type": "Point",
        "coordinates": [
          -76.99783722987509,
          -11.96756551994998
        ]
      },
      "properties": {
        "name": "P. 9. A.M. VALLE SAGRADO",
        "description": "Esquina del Río Santa y el Río Santa Martha frontis de la Mz. G de la Cooperativa Mariscal Luzuriaga."
      }
    },
    {
      "type": "Feature",
      "geometry": {
        "type": "Point",
        "coordinates": [
          -77.00166824407998,
          -11.96870625290412
        ]
      },
      "properties": {
        "name": "P. 10. A.M. VALLE SAGRADO",
        "description": "Esquina del Jr. Río Chillón y la Av. San Martin frontis de la Mz. E del AA. HH. Jesús de Oropeza Chonta."
      }
    },
    {
      "type": "Feature",
      "geometry": {
        "type": "Point",
        "coordinates": [
          -77.00231351779328,
          -11.96662718146152
        ]
      },
      "properties": {
        "name": "P.11 A.M. VALLE SAGRADO",
        "description": "Esquina del Río Tumbes con el Jr. Rio Azul costado del parque del AA. HH. Jesús Oropeza Chonta."
      }
    },
    {
      "type": "Feature",
      "geometry": {
        "type": "Point",
        "coordinates": [
          -76.99999773608829,
          -11.96597580130427
        ]
      },
      "properties": {
        "name": "P. 12. A.M. VALLE SAGRADO",
        "description": "Mz. L lote 03 APV Los Álamos Jr. Río Pampamarca esquina con el Jr. Rio Marañón."
      }
    },
    {
      "type": "Feature",
      "geometry": {
        "type": "Point",
        "coordinates": [
          -77.00406920098752,
          -11.96833039841313
        ]
      },
      "properties": {
        "name": "P.1 A. M. CANTO GRANDE",
        "description": "BERMA LATERAL EN EL FRONTIS AV. SAN MARTIN 103 A UNA DISTANCIA DE 8 METROS DE LA INTERSECCION AV. CANTO GRANDE URB. LOS JAZMINES SENTIDO NORTE A SUR\n(05) UND. ESTAC."
      }
    },
    {
      "type": "Feature",
      "geometry": {
        "type": "Point",
        "coordinates": [
          -77.00266017570243,
          -11.97179259597972
        ]
      },
      "properties": {
        "name": "P.2 A. M. CANTO GRANDE",
        "description": "JR. LAS GARDENIAS CUADRA 06 FRONTIS DE I.E.I. N° 039 JOSE MARIA ARGUEDAS A 5 METROS DEL JR. HORTENCIAS URB. LOS JAZMINES SUR A NORTE\n(03) UND. ESTAC."
      }
    },
    {
      "type": "Feature",
      "geometry": {
        "type": "Point",
        "coordinates": [
          -77.00184780805168,
          -11.97054338436693
        ]
      },
      "properties": {
        "name": "P.3 A. M. CANTO GRANDE",
        "description": "JR. GARDENIAS FRENTE A PREDIO 741 A 8 METROS DEL CRUCE CON JR. MADRESELVAS URB. LOS JAZMINES SUR A NORTE\n(08) UND. ESTAC."
      }
    },
    {
      "type": "Feature",
      "geometry": {
        "type": "Point",
        "coordinates": [
          -76.99952865576167,
          -11.97380826475111
        ]
      },
      "properties": {
        "name": "P.1. C.I.S.T.R.I. \"LOS HERALDOS NEGROS\"",
        "description": "\"Ubicado en la berma lateral del Jr. Los Mirtos frente a lo MZ. C1 Lte. 01, en el sentido Oeste-Este, lado Sur, a 8m. de la intersección con la via auxiliar de la Av. Próceres de la independencia.\"\n(03) UND. ESTAC."
      }
    },
    {
      "type": "Feature",
      "geometry": {
        "type": "Point",
        "coordinates": [
          -76.99965951943315,
          -11.96729636501062
        ]
      },
      "properties": {
        "name": "P.2. C.I.S.T.R.I. \"LOS HERALDOS NEGROS\"",
        "description": "\"Ubicado en la berma lateral del Ir. Rio Montaro en el sentido Norte-Sur, lado Oeste, a 5m. de lo intersección con el Jr. Río Tumbes.\"\n(03) UND. ESTAC."
      }
    },
    {
      "type": "Feature",
      "geometry": {
        "type": "Point",
        "coordinates": [
          -76.9968239938784,
          -11.97196387469356
        ]
      },
      "properties": {
        "name": "P.3. C.I.S.T.R.I. \"LOS HERALDOS NEGROS\"",
        "description": "\"Ubicado en la berma lateral de la Av. San Martin de Porras Deste, frente o la Mz. Al Lte. 48 en el sentido Oeste-Este, lado Sur, a 8m. de la intersección con la Auxiliar de la Av. Próceres de la Independencia.\"\n(03) UND. ESTAC"
      }
    },
    {
      "type": "Feature",
      "geometry": {
        "type": "Point",
        "coordinates": [
          -76.99869790902868,
          -11.96976578121073
        ]
      },
      "properties": {
        "name": "P.4. C.I.S.T.R.I. \"LOS HERALDOS NEGROS\"",
        "description": "\"Ubicado en la berma lateral de la Av. República de Polonia, en el sentido Norte-Sur, lado Oeste, a 5m. de la Intersección de lo Av. San Martin de Porras.\"\n(03) UND. ESTAC."
      }
    },
    {
      "type": "Feature",
      "geometry": {
        "type": "Point",
        "coordinates": [
          -76.99551968426786,
          -11.9701573209043
        ]
      },
      "properties": {
        "name": "P.5 C.I.S.T.R.I. \"LOS HERALDOS NEGROS\"",
        "description": "Ubicado en la berma lateral del Jr. Tumbes, frente a la Mz. B Lt. 01, en el sentido Oeste-Este, lado Sur a 8m. de la intersección con la Auxiliar de la Av. Próceres de lo Independencia.\n(02) UND. ESTAC."
      }
    },
    {
      "type": "Feature",
      "geometry": {
        "type": "Point",
        "coordinates": [
          -76.99703430034107,
          -11.96644125198273
        ]
      },
      "properties": {
        "name": "P.6 C.I.S.T.R.I. \"LOS HERALDOS NEGROS\"",
        "description": "\"Ubicado en la berma lateral del Jr. Río Santa, frente a la Mz. LL Ite. 18, en el sentido Sur - Norte, lado Este a 5m. Intersección con la Av. Santa Roso.\"\n(02) UND. ESTAC."
      }
    },
    {
      "type": "Feature",
      "geometry": {
        "type": "Point",
        "coordinates": [
          -76.99953718587211,
          -11.96498252590249
        ]
      },
      "properties": {
        "name": "P.7. C.I.S.T.R.I. \"LOS HERALDOS NEGROS\"",
        "description": "Ubicado en la berma lateral del Jr. Marañón en el sentido Sur - Norte, lado Este, a 5m. de la intersección con el Jr. Río Majes.\n(03) UND. ESTAC."
      }
    },
    {
      "type": "Feature",
      "geometry": {
        "type": "Point",
        "coordinates": [
          -76.99633354290316,
          -11.97245045910534
        ]
      },
      "properties": {
        "name": "P.1. EMPRESA CANTO REY II ETAPA SRL",
        "description": "AV. SAN MARTIN DE PORRES ESTE CRUCE CON AV. PROCERES DE LA INDEPENDENCIA (ASOC. CANTO REY)\n(02) UND. ESTAC."
      }
    },
    {
      "type": "Feature",
      "geometry": {
        "type": "Point",
        "coordinates": [
          -76.99285746141365,
          -11.98004305046208
        ]
      },
      "properties": {
        "name": "P.2. EMPRESA CANTO REY II ETAPA SRL",
        "description": "UBICADO EN LA URB. CANTO REY, EN EL JR. LAS PALMERAS EN EL FRONTIS DEL PREDIO 871 A 8 METROS DE LA AV. SANTA ROSA CUADRA 06, EN EL SENTIDO ESTE-OESTE\n(03) UND. ESTAC."
      }
    },
    {
      "type": "Feature",
      "geometry": {
        "type": "Point",
        "coordinates": [
          -76.99140235124372,
          -11.97381974032299
        ]
      },
      "properties": {
        "name": "P.1. ASOC. MOTOTAXIS EL BANCHERO",
        "description": "Ubicado en el Jr. Los Escritores frontis a la Mz. J, lote 24 a una distancia de 15.00 mts. de la Av. Santa Rosa de Lima cdra. 15 de la Asoc. De vivienda El Porvenir.\n(03) UND. ESTAC."
      }
    },
    {
      "type": "Feature",
      "geometry": {
        "type": "Point",
        "coordinates": [
          -76.99132924230476,
          -11.97565849191994
        ]
      },
      "properties": {
        "name": "P.2. ASOC. MOTOTAXIS EL BANCHERO",
        "description": "Ubicado en la Ca. Los Molles frontis de la Mz. A lote 10 cruce con la Av. Santa Rosa de Lima Sur (A.A.H.H. El Porvenir) de la Urb. Semi Rustica Canto Grande.\n(03) UND. ESTAC."
      }
    },
    {
      "type": "Feature",
      "geometry": {
        "type": "Point",
        "coordinates": [
          -76.99271333225997,
          -11.97627883057554
        ]
      },
      "properties": {
        "name": "P.3. ASOC. MOTOTAXIS EL BANCHERO",
        "description": "\"Ubicado en la Calle la Capilla frontis de la Mz. F lote 11 de la V Etapa Urb. Canto Grande semirústica cruce con el Jr. El Rosario.\n(03) UND. ESTAC."
      }
    },
    {
      "type": "Feature",
      "geometry": {
        "type": "Point",
        "coordinates": [
          -76.98760689691798,
          -11.9759050442207
        ]
      },
      "properties": {
        "name": "P.4. ASOC. MOTOTAXIS EL BANCHERO",
        "description": "Ubicado en el Jr. Los Molles frontis de la Mz. D lote 4 de la Asoc. de Vivienda Israel.\n(02) UND. ESTAC."
      }
    },
    {
      "type": "Feature",
      "geometry": {
        "type": "Point",
        "coordinates": [
          -76.9884265535695,
          -11.97582533865084
        ]
      },
      "properties": {
        "name": "P.5. ASOC. MOTOTAXIS EL BANCHERO",
        "description": "Ubicado en el Jr. Los Molles frontis de la Mz. D lote 16 de la Asoc. de Vivienda Israel.\n(04) UND. ESTAC."
      }
    },
    {
      "type": "Feature",
      "geometry": {
        "type": "Point",
        "coordinates": [
          -76.99144124110488,
          -11.97740875093713
        ]
      },
      "properties": {
        "name": "P.6. ASOC. MOTOTAXIS EL BANCHERO",
        "description": "Ubicado en la Calle Los Granados frontis de la Mz A lote 06 de la Urb. Canto Grande.\n(02) UND. ESTAC."
      }
    },
    {
      "type": "Feature",
      "geometry": {
        "type": "Point",
        "coordinates": [
          -76.98756257308935,
          -11.97542350301778
        ]
      },
      "properties": {
        "name": "P.7. ASOC. MOTOTAXIS EL BANCHERO",
        "description": "Ubicado en la Asoc. de Vivienda Israel frontis de la Mz. D lote 42 margen derecho.\n(02) UND. ESTAC."
      }
    },
    {
      "type": "Feature",
      "geometry": {
        "type": "Point",
        "coordinates": [
          -76.98848112060986,
          -11.97525941442923
        ]
      },
      "properties": {
        "name": "P.8. ASOC. MOTOTAXIS EL BANCHERO",
        "description": "Ubicado en la Asoc, de Vivienda Israel frontis de la Mz. E lote 1 frente al I.E.I N° 107 UGEL 5.\n(02) UND. ESTAC."
      }
    },
    {
      "type": "Feature",
      "geometry": {
        "type": "Point",
        "coordinates": [
          -76.98894707481074,
          -11.97405165278524
        ]
      },
      "properties": {
        "name": "P.9. ASOC. MOTOTAXIS EL BANCHERO",
        "description": "Ubicado en la Asoc. de Vivienda El Porvenir frontis de la Mz. C lote 15.\n(02) UND. ESTAC."
      }
    },
    {
      "type": "Feature",
      "geometry": {
        "type": "Point",
        "coordinates": [
          -76.9936988338672,
          -11.96890611746689
        ]
      },
      "properties": {
        "name": "P.1 A. M. PIONEROS SARITA COLONIA",
        "description": "Av. Santa Rosa en el sentido (Este - Oeste) cruce con la Av. Próceres de la Independencia en el AA. HH. Eduardo de la Pinella.\n(04) UND. ESTAC."
      }
    },
    {
      "type": "Feature",
      "geometry": {
        "type": "Point",
        "coordinates": [
          -76.99314927326154,
          -11.96944615904755
        ]
      },
      "properties": {
        "name": "P.2 A. M. PIONEROS SARITA COLONIA",
        "description": "Jr. Los Ingenieros a 5.00 metros lineales de la Av. Santa Rosa en el AA. HH. Eduardo de la Pinella, frente al Mercado Sarita Colonia, en el sentido del tránsito.\n(03) UND. ESTAC."
      }
    },
    {
      "type": "Feature",
      "geometry": {
        "type": "Point",
        "coordinates": [
          -76.99306700364333,
          -11.96800679103975
        ]
      },
      "properties": {
        "name": "P.3 A. M. PIONEROS SARITA COLONIA",
        "description": "Calle Mercado a 5.00 metros lineales de la Av. Próceres de la Independencia frontis del Poder Judicial y el \"Mercado Sarita Colonia\" en el AA. HH. Eduardo de la Pinella, en el sentido del tránsito.\n(03) UND. ESTAC."
      }
    },
    {
      "type": "Feature",
      "geometry": {
        "type": "Point",
        "coordinates": [
          -76.99247984288141,
          -11.96916141706615
        ]
      },
      "properties": {
        "name": "P.4 A. M. PIONEROS SARITA COLONIA",
        "description": "Frontis de la Mz. C a 5.00 metros lineales de la Alameda del Reportero AA. H. Eduardo de la Pinella, en el sentido del tránsito.\n(03) UND. ESTAC."
      }
    },
    {
      "type": "Feature",
      "geometry": {
        "type": "Point",
        "coordinates": [
          -76.98681374395474,
          -11.97187506420995
        ]
      },
      "properties": {
        "name": "P. 5. A.M. PIONEROS SARITA COLONIA",
        "description": "Mz. A-6 a 5.00 metros lineales de la Av. Liberación del AA. HH. Liberación, en el sentido del tránsito.\n(03) UND. ESTAC."
      }
    },
    {
      "type": "Feature",
      "geometry": {
        "type": "Point",
        "coordinates": [
          -76.98632208834871,
          -11.97310625790042
        ]
      },
      "properties": {
        "name": "P.6 A. M. PIONEROS SARTA COLONIA",
        "description": "Frontis de la Mz. \"E\" a 10.00 metros lineales de la Av. Liberación AA. HH.\nLiberación, en el sentido del tránsito.\n(03) UND. ESTAC."
      }
    },
    {
      "type": "Feature",
      "geometry": {
        "type": "Point",
        "coordinates": [
          -76.98654278057951,
          -11.97345647645406
        ]
      },
      "properties": {
        "name": "P.7 A. M. PIONEROS SARITA COLONIA",
        "description": "Mz. \"A\" frente a la Mz. \"|\" cruce con la Prolongación Av. Liberación en la\nAsociación Vivienda Israel, en el sentido del tránsito.\n(03) UND. ESTAC."
      }
    },
    {
      "type": "Feature",
      "geometry": {
        "type": "Point",
        "coordinates": [
          -76.99217944490395,
          -11.97124097067448
        ]
      },
      "properties": {
        "name": "P.1 A. M. CRUZ DE ISRAEL",
        "description": "berma lateral de la Av. Santa Rosa frontis de la Mz A Lote 01 (sentido: Este-Oeste), a 25.00 metros lineales de la Av. Central del AA.HH. Villa Mercedes.\n(02) UND. ESTAC."
      }
    },
    {
      "type": "Feature",
      "geometry": {
        "type": "Point",
        "coordinates": [
          -76.9916882916762,
          -11.97290026033975
        ]
      },
      "properties": {
        "name": "P.2 A. M. CRUZ DE ISRAEL",
        "description": "Berma lateral de la Av. Santa Rosa frontis de la Mz E Lote 01 (sentido: Este-Oeste), a 05.00 metros lineales de la Av. Los Navegantes del AA.HH. Villa Mercedes.\n(05) UND. ESTAC."
      }
    },
    {
      "type": "Feature",
      "geometry": {
        "type": "Point",
        "coordinates": [
          -76.9887224871489,
          -11.97247152562634
        ]
      },
      "properties": {
        "name": "P.3 A. M. CRUZ DE ISRAEL",
        "description": "berma lateral de la Calle 13 frontis de la Mz. F Lote 28 intersección con el Jr. Los Publicistas Norte-Sur)\n(03) UND. ESTAC."
      }
    },
    {
      "type": "Feature",
      "geometry": {
        "type": "Point",
        "coordinates": [
          -76.9884311038819,
          -11.97394944903921
        ]
      },
      "properties": {
        "name": "P.4 A. M. CRUZ DE ISRAEL",
        "description": "Berma lateral de la calle 12 frontis a la Mz F Lote 01 con aproximación al Jr. Los Orfebres (sentido: Norte - Sur), de la Asociación de -Vivienda Israel.\n(03) UND. ESTAC."
      }
    },
    {
      "type": "Feature",
      "geometry": {
        "type": "Point",
        "coordinates": [
          -76.98912135393455,
          -11.9705938638284
        ]
      },
      "properties": {
        "name": "P.5 A. M. CRUZ DE ISRAEL",
        "description": "Berma lateral del Jr. Los Sociólogos frontis a la Mz B5 Lote 12 (sentido: Oeste - Este), a 05.00 metros lineales del Jr. Contadores.\n(03) UND. ESTAC."
      }
    },
    {
      "type": "Feature",
      "geometry": {
        "type": "Point",
        "coordinates": [
          -76.99054063126201,
          -11.96944105650486
        ]
      },
      "properties": {
        "name": "P.6 A. M. CRUZ DE ISRAEL",
        "description": "Berma lateral de la Av. Central frontis a la Mz C8 Lote 01 (sentido: Norte- Sur) a 05.00 metros lineales del J Sociólogos.\n(04) UND. ESTAC."
      }
    },
    {
      "type": "Feature",
      "geometry": {
        "type": "Point",
        "coordinates": [
          -76.98804829141349,
          -11.97193763731711
        ]
      },
      "properties": {
        "name": "P.7 A. M. CRUZ DE ISRAEL",
        "description": "Berma lateral de la Av. Liberación (antes Av. A), frontis de la Mz A2 Lote 04 (sentido: Este-Oeste) a 05.00 metros lineales del pasaje 01 en el AA.HH. Liberación.\n(03) UND. ESTAC."
      }
    },
    {
      "type": "Feature",
      "geometry": {
        "type": "Point",
        "coordinates": [
          -76.98871000633883,
          -11.97639311245819
        ]
      },
      "properties": {
        "name": "P.1. E.T.M. ARENAL ALTO S.A.",
        "description": "Ubicado en la berma lateral de la Calle 1 (sentido oeste-este), lado sur a una distancia de 05.00 metros de la intersección con la Calle A (Jr. Almirante Grau), referencia frente a la Mz. A de la Cooperativa de Vivienda Sagrada Familia\n(04) UND. ESTAC."
      }
    },
    {
      "type": "Feature",
      "geometry": {
        "type": "Point",
        "coordinates": [
          -76.98361699078819,
          -11.97934541573789
        ]
      },
      "properties": {
        "name": "P.2. E.T.M. ARENAL ALTO S.A.",
        "description": "Ubicado en la calle s/n lado lateral del predio frontis de la Mz. V lote 14 (sentido norte-sur) lado este a una distancia de 07.00 metros de la intersección con la Calle 19 en el AAHH Juan Pablo II primera etapa.\n(03) UND. ESTAC."
      }
    },
    {
      "type": "Feature",
      "geometry": {
        "type": "Point",
        "coordinates": [
          -76.98858882936057,
          -11.97964170363941
        ]
      },
      "properties": {
        "name": "P.3. E.T.M. ARENAL ALTO S.A.",
        "description": "Ubicado en la Calle s/n lado lateral del predio de la Mz. F-2 lote 04 (sentido norte-sur) lado oeste a una distancia de 07.00 metros de la intersección con la prolongación de la Av. San Martín en el AAHH Arena Alto\n(03) UND. ESTAC."
      }
    },
    {
      "type": "Feature",
      "geometry": {
        "type": "Point",
        "coordinates": [
          -76.99292251810168,
          -11.96686004457001
        ]
      },
      "properties": {
        "name": "P.1 A. T.S.E. BUENOS AIRES",
        "description": "Av. Buenos Aires frente a la Mz. A lote 19, frontis a la Mz. E lote 16 a 5 mts. lineales de la Av. Proceres de la Independencia en la Asoc. de Vivienda Buenos Aires.\n(05) UND. ESTAC."
      }
    },
    {
      "type": "Feature",
      "geometry": {
        "type": "Point",
        "coordinates": [
          -76.99421935322228,
          -11.96868920634003
        ]
      },
      "properties": {
        "name": "P.2 A. T.S.E. BUENOS AIRES",
        "description": "Av. Santa Rosa cdra. 1, frontis del N° 100, a 5 mts. lineales de la Av. Proceres de la Independencia cdra. 36 en la Urb. Los Pinos ref. Polleria Ronald's.\n(04) UND. ESTAC."
      }
    },
    {
      "type": "Feature",
      "geometry": {
        "type": "Point",
        "coordinates": [
          -77.00004030844094,
          -11.96214819159525
        ]
      },
      "properties": {
        "name": "P.3 A. T.S.E. BUENOS AIRES",
        "description": "Jr. Rio Santiago frontis de la Mz. C lote 1, (Ex. Av. Prolongacion de la Av. Buenos Aires), a 5 mts. lineales de la Av. Canto Grande en el A.A.H.H. Proyectos Especiales.\n(04) UND. ESTAC."
      }
    },
    {
      "type": "Feature",
      "geometry": {
        "type": "Point",
        "coordinates": [
          -76.99525870573542,
          -11.96514577359262
        ]
      },
      "properties": {
        "name": "P.4 A. T.S.E. BUENOS AIRES",
        "description": "Av. Republica de Polonia frente de la Mz. B lote 32 Los Alamos / Etapa.\n(04) UND. ESTAC."
      }
    },
    {
      "type": "Feature",
      "geometry": {
        "type": "Point",
        "coordinates": [
          -76.9967767565083,
          -11.96611282596962
        ]
      },
      "properties": {
        "name": "P.5 A. T.S.E. BUENOS AIRES",
        "description": "Jr. Rio Santa cara. 2 frontis de la Mz. B-1 lote 4, frente al predio de la Mz. A-1 lote 1 de la Asoc. Los Alamos a 5 mts. lineales de la Av. Santa Rosa.\n(03) UND. ESTAC."
      }
    },
    {
      "type": "Feature",
      "geometry": {
        "type": "Point",
        "coordinates": [
          -76.99492384516789,
          -11.96885712944668
        ]
      },
      "properties": {
        "name": "P.6 A. T.S.E. BUENOS AIRES",
        "description": "Jr. Rio Capiyune frente a la Mz. A lote 38 esquina con el Jr. Rio Majes de la Asoc. Los Pinos, referencia Hospital ESSALUD Diaz Ufano.\n(05) UND. ESTAC."
      }
    },
    {
      "type": "Feature",
      "geometry": {
        "type": "Point",
        "coordinates": [
          -77.0006260466293,
          -11.96295029665196
        ]
      },
      "properties": {
        "name": "P.7 A. T.S.E. BUENOS AIRES",
        "description": "frontis de la Mz. I lote 1,2 de la Av. Santa Rosa de Lima a 15 mts. lineales de la Av. Canto Grande en sentido Este a Oeste, en el frente de los lotes 17 y 18 de la Mz. J de la Asoc. de Vivienda Los Alamos / Etapa Ref. Grifo Santa Rosa.\n(04) UND. ESTAC."
      }
    },
    {
      "type": "Feature",
      "geometry": {
        "type": "Point",
        "coordinates": [
          -76.99294197390337,
          -11.96200135666707
        ]
      },
      "properties": {
        "name": "P.8 A. T.S.E. BUENOS AIRES",
        "description": "frente de la Mz M-1 lote 16 a 5 mts. lineales de la Av. Republica de Polonia en el A.A.H.H. Horacio Zevallos referencia frente a la I.E. Alejandro Sanchez Arteaga.\n(03) UND. ESTAC."
      }
    },
    {
      "type": "Feature",
      "geometry": {
        "type": "Point",
        "coordinates": [
          -76.99007279703478,
          -11.96267466743686
        ]
      },
      "properties": {
        "name": "P.9 A. T.S.E. BUENOS AIRES",
        "description": "Jr. Roma cara. 1 frontis de la Mz. M-7 lote 37 a 5 mts. lineales de la Via auxiliar de la Av. Proceres de la Independencia en el A.A.H.H. Horacio Zevallos Gamez.\n(03) UND. ESTAC."
      }
    },
    {
      "type": "Feature",
      "geometry": {
        "type": "Point",
        "coordinates": [
          -76.99113829249686,
          -11.96441340651735
        ]
      },
      "properties": {
        "name": "P.10 A. T.S.E. BUENOS AIRES",
        "description": "Jr. Valencia cdra. 1 frontis de la Mz. A lote 4 frente a la Mz. M-7 lote 26-B del A.A.H.H. Las Delicias en sentido Este-Oeste, ref. a 5.00 metros lineales de la Av. Proceres de la Independencia.\n(03) UND. ESTAC."
      }
    },
    {
      "type": "Feature",
      "geometry": {
        "type": "Point",
        "coordinates": [
          -76.99681248386933,
          -11.96438240581885
        ]
      },
      "properties": {
        "name": "P.11 A. T.S.E. BUENOS AIRES",
        "description": "Calle Rio Sama a 10 mts. del Jr. Rio Santiago en el frontis de la Mz. C-1 lote 19 ll Etapa a la altura del mercado Modelo Los Alamos.\n(03) UND. ESTAC."
      }
    },
    {
      "type": "Feature",
      "geometry": {
        "type": "Point",
        "coordinates": [
          -76.99365965943558,
          -11.96271169901789
        ]
      },
      "properties": {
        "name": "P.12 A. T.S.E. BUENOS AIRES",
        "description": "Pasaje ULM a 05.00 metros de la Av. Republica de Polonia, frontis de la Mz. W Lote 5 en el AA.HH. Proyectos Especiales (referencia altura del I.E. Alejandro Sanchez Arteaga).\n(05) UND. ESTAC."
      }
    },
    {
      "type": "Feature",
      "geometry": {
        "type": "Point",
        "coordinates": [
          -76.99896348450795,
          -11.96296725183493
        ]
      },
      "properties": {
        "name": "P.13 A. T.S.E. BUENOS AIRES",
        "description": "Jr. Rio Chillon a 05.00 metros de la Av. Los Alamos (Rio Santiago), frente de la Mz. G1 Lote 12 en la Urb. los Alamos /| Etapa (referencia costado del parque los Alamos).\n(02) UND. ESTAC."
      }
    },
    {
      "type": "Feature",
      "geometry": {
        "type": "Point",
        "coordinates": [
          -76.99212676259286,
          -11.96802775066176
        ]
      },
      "properties": {
        "name": "P.1 A. M. SANTA FE",
        "description": "Jr. Los Sociólogos frontis de la Mz D8 lote 7 cruce con el Jr. Los Ingenieros de la Asociación Los Artesanos de acuerdo al sentido del tránsito.\n(05) UND. ESTAC."
      }
    },
    {
      "type": "Feature",
      "geometry": {
        "type": "Point",
        "coordinates": [
          -76.99069770266084,
          -11.96485080400009
        ]
      },
      "properties": {
        "name": "P.2 A. M. SANTA FE",
        "description": "Av. Centro Cívico frontis de la Mz FS Lote 36 cruce con la Vía Auxiliar de la Av. Próceres de la Independencia cuadra 39 de acuerdo al sentido del tránsito\n(10) UND. ESTAC."
      }
    },
    {
      "type": "Feature",
      "geometry": {
        "type": "Point",
        "coordinates": [
          -76.98539210065066,
          -11.96817513723023
        ]
      },
      "properties": {
        "name": "P.3 A. M. SANTA FE",
        "description": "Jr. Las Violetas frontis Mz A Lote 17 rcuce con la Av. Circuvalación del AA.HH. Señor de los Milagros (Ref. Frente al Mercado 4 de Agosto\n(02) UND. ESTAC."
      }
    },
    {
      "type": "Feature",
      "geometry": {
        "type": "Point",
        "coordinates": [
          -76.9916092794137,
          -11.96598908546338
        ]
      },
      "properties": {
        "name": "P.4 A. M. SANTA FE",
        "description": "Jr. Los Magistrados frontis de la Mz. F5 Lote 20 cruce con la Vía Auxiliar de la Av. Próceres de la Independencia. (Ref. Al lado de la polleria Leña & Carbón)\n(06) UND. ESTAC."
      }
    },
    {
      "type": "Feature",
      "geometry": {
        "type": "Point",
        "coordinates": [
          -76.9848893398089,
          -11.97081555959924
        ]
      },
      "properties": {
        "name": "P.5 A. M. SANTA FE",
        "description": "Jr. Jazmines frente a la Mz N Lote 02 cruce con el Jr. Los Lirios del AA. HH. Señor de los Milagros (Frente a la loza deportiva Señor de los Milagros)\n(03) UND. ESTAC."
      }
    },
    {
      "type": "Feature",
      "geometry": {
        "type": "Point",
        "coordinates": [
          -76.99251884380055,
          -11.96724512725248
        ]
      },
      "properties": {
        "name": "P.6 A. M. SANTA FE",
        "description": "Jr. Los Antropólogos Nº 105 frontis de la Mz. D1 Lote 23 cruce con la Vía Auxiliar de la Av. Próceres de la Independencia cuadra 38 (Alt. Pdro Nº 12)\n(03) UND. ESTAC."
      }
    },
    {
      "type": "Feature",
      "geometry": {
        "type": "Point",
        "coordinates": [
          -76.9847486111253,
          -11.96911357768168
        ]
      },
      "properties": {
        "name": "P.7 A. M. SANTA FE",
        "description": "Jr. Las Orquídeas frontis de la Mz J-2 lote 07 cruce con el pasaje s/n ingreso a la entrada del AA.HH. 5 de Julio entre la Mz J lote 14.\n(02) UND. ESTAC."
      }
    },
    {
      "type": "Feature",
      "geometry": {
        "type": "Point",
        "coordinates": [
          -76.98479332180673,
          -11.96766331335925
        ]
      },
      "properties": {
        "name": "P.8 A. M. SANTA FE",
        "description": "A 10.00 metros lineales de la Mz W1 Lote 07 cruce con el Jr. Circunvalación pertenecientes a la Cooperativa de Vivienda Santa Martha"
      }
    },
    {
      "type": "Feature",
      "geometry": {
        "type": "Point",
        "coordinates": [
          -76.98369758958042,
          -11.97195425091337
        ]
      },
      "properties": {
        "name": "P. 9 A. M. SANTA FE",
        "description": "Frente a la Mz O Lote 7 al lado del pasaje peatonal Iquitos del AA.HH. 05 de Julio.\n(03) UND. ESTAC."
      }
    },
    {
      "type": "Feature",
      "geometry": {
        "type": "Point",
        "coordinates": [
          -76.99056573308393,
          -11.96932799122452
        ]
      },
      "properties": {
        "name": "P.10 A. M. SANTA FE",
        "description": "Jr. Los Sociólogos frontis de la Mz B lote 05 a 10.00 metros de la Av. Central de a Cooperativa de Vivienda Huancaray.\n(03) UND. ESTAC."
      }
    },
    {
      "type": "Feature",
      "geometry": {
        "type": "Point",
        "coordinates": [
          -76.98613664483543,
          -11.96757967690042
        ]
      },
      "properties": {
        "name": "P.11 A. M. SANTA FE",
        "description": "Jr. Las Violetas frente a la Mz A lote 07 del AA.HH. Señor de los Milagros a 10.00 metros de la Av. Circunvalación al lado del ultimo paradero de la línea 23.\n(05) UND. ESTAC."
      }
    },
    {
      "type": "Feature",
      "geometry": {
        "type": "Point",
        "coordinates": [
          -76.98905814943936,
          -11.97049050583531
        ]
      },
      "properties": {
        "name": "P.12 A. M. SANTA FE",
        "description": "Jr. Los Sociólogos frontis de la Mz E lote 04 cruce con la Av. Circunvalación de la cooperativa La Unión.\n(04) UND. ESTAC."
      }
    },
    {
      "type": "Feature",
      "geometry": {
        "type": "Point",
        "coordinates": [
          -76.98978496153414,
          -11.96354904200797
        ]
      },
      "properties": {
        "name": "P.13 A. M. SANTA FE",
        "description": "Berma lateral de Calle Los Químicos en el sentido Este-Oeste lado sur, a 5.00 metros de la Av. Fernando Wiesse.\n(03) UND. ESTAC."
      }
    },
    {
      "type": "Feature",
      "geometry": {
        "type": "Point",
        "coordinates": [
          -76.98840878320277,
          -11.96695810511361
        ]
      },
      "properties": {
        "name": "P.14 A. M. SANTA FE",
        "description": "berma lateral de la Calle II frontis a la Mz H Lote 26 en el sentido Oeste-Este, lado norte, a 5.00 metros de la Av. Central cruce con Av. Central.\n(03) UND. ESTAC."
      }
    },
    {
      "type": "Feature",
      "geometry": {
        "type": "Point",
        "coordinates": [
          -76.98554425219783,
          -11.96999497891179
        ]
      },
      "properties": {
        "name": "P.1 A.M. SEÑOR DE LOS MILAGROS 5 DE JULIO",
        "description": "Jr. Los Lirios y Jr. Las Orquídeas (a 10 metros de la Capilla lado derecho).\n(02) UND. ESTAC."
      }
    },
    {
      "type": "Feature",
      "geometry": {
        "type": "Point",
        "coordinates": [
          -76.98417538680103,
          -11.97165709315883
        ]
      },
      "properties": {
        "name": "P.2 A.M. SEÑOR DE LOS MILAGROS 5 DE JULIO",
        "description": "Jr. Los Lirios altura del campo de futbol ubicado en el AA. HH. 5 de Julio.\n(03) UND. ESTAC."
      }
    },
    {
      "type": "Feature",
      "geometry": {
        "type": "Point",
        "coordinates": [
          -76.98635693773282,
          -11.96731410270357
        ]
      },
      "properties": {
        "name": "P.3 A.M. SEÑOR DE LOS MILAGROS 5 DE JULIO",
        "description": "Berma lateral del Jr. Los Rosales frontis de la Mz. A, margen derecha, a una distancia de 5.00 metros de la Av. Los Navegantes perteneciente a la Cooperativa \"La Unión\"\n(04) UND. ESTAC."
      }
    },
    {
      "type": "Feature",
      "geometry": {
        "type": "Point",
        "coordinates": [
          -76.98939174257588,
          -11.96755868045954
        ]
      },
      "properties": {
        "name": "P.4 A.M. SEÑOR DE LOS MILAGROS 5 DE JULIO",
        "description": "Berma lateral del Jr. Los Magistrados frontis de la Mz \"F\", , margen derecha, a una distancia de 5.00 metros de la Av. Central.\n(03) UND. ESTAC."
      }
    },
    {
      "type": "Feature",
      "geometry": {
        "type": "Point",
        "coordinates": [
          -76.99160841888605,
          -11.96847589265473
        ]
      },
      "properties": {
        "name": "P.5 A.M. SEÑOR DE LOS MILAGROS 5 DE JULIO",
        "description": "Jr. Los Sociólogos costado de la Mz. A Lote 23 Coop. Vivienda Huancaray costado del Parque N° 1 frente a la Mz. C4 Lt. 5 del AA. HH. Eduardo de la Piniella.\n(02) UND. ESTAC."
      }
    },
    {
      "type": "Feature",
      "geometry": {
        "type": "Point",
        "coordinates": [
          -76.98401236052528,
          -11.96887358988723
        ]
      },
      "properties": {
        "name": "P.6 A.M. SEÑOR DE LOS MILAGROS 5 DE JULIO",
        "description": "Jr. Las Violetas costado de la Mz. A Lt. 1 del AA. HH. 5 de Julio frontis con el AA.- HH. Señor de los Milagros.\n(02) UND. ESTAC."
      }
    },
    {
      "type": "Feature",
      "geometry": {
        "type": "Point",
        "coordinates": [
          -76.9844580858533,
          -11.96944880792776
        ]
      },
      "properties": {
        "name": "P.7 A.M. SEÑOR DE LOS MILAGROS 5 DE JULIO",
        "description": "Jr. Las Dalias frente a la Mz. J lote 1AA. HH. Señor de los milagros frontis del AA. HH, 5 de Julio \n(02) UND. ESTAC."
      }
    },
    {
      "type": "Feature",
      "geometry": {
        "type": "Point",
        "coordinates": [
          -76.98942049168572,
          -11.96310142959129
        ]
      },
      "properties": {
        "name": "P.1 A.M. LA FRAGATA",
        "description": "\"Jr. Los Filósofos frontis de la (Miz. A, Lte. 01) a 05 mis lineales de la Av. Wiesse (Paradero 15) en la Asoc. Ramon Castilla, Ref. Centro de Salud Jaime Zubieta.\"\n(02) UND. ESTAC."
      }
    },
    {
      "type": "Feature",
      "geometry": {
        "type": "Point",
        "coordinates": [
          -76.98404070150066,
          -11.96611368706381
        ]
      },
      "properties": {
        "name": "P.2 A.M. LA FRAGATA",
        "description": "\"Jr. Los Ebanistas con la Av. Circunvalación frontis de la Mz. P-2 Lte. 14 Cdra 40, Cooperativa de Vivienda Santa Martha.\"\n(04) UND. ESTAC."
      }
    },
    {
      "type": "Feature",
      "geometry": {
        "type": "Point",
        "coordinates": [
          -76.98271846823805,
          -11.96466107715538
        ]
      },
      "properties": {
        "name": "P.3 A.M. LA FRAGATA",
        "description": "Jr. Nueva Venecia frente a la Mz. J-16 Lte.01 de la Cooperativa de Vivienda Urpi.\n(04) UND. ESTAC."
      }
    },
    {
      "type": "Feature",
      "geometry": {
        "type": "Point",
        "coordinates": [
          -76.98197190165985,
          -11.967615290628
        ]
      },
      "properties": {
        "name": "P.4 A.M. LA FRAGATA",
        "description": "\"Frontis de los Lotes 09 y 10 de la Mz. F, colindante a la loza deportiva de la Cooperativa de vivienda La Fragata. Sentido Este-Oeste\"\n(04) UND. ESTAC."
      }
    },
    {
      "type": "Feature",
      "geometry": {
        "type": "Point",
        "coordinates": [
          -76.98380054417053,
          -11.96632229369064
        ]
      },
      "properties": {
        "name": "P.5 A.M. LA FRAGATA",
        "description": "Av. Circunvalación con los Ebanistas frente a la Mz. J-16 Lte.01 del AA.HH. José Gálvez\n(04) UND. ESTAC."
      }
    },
    {
      "type": "Feature",
      "geometry": {
        "type": "Point",
        "coordinates": [
          -76.98458149981448,
          -11.96707436542009
        ]
      },
      "properties": {
        "name": "P.6 A.M. LA FRAGATA",
        "description": "\"Jr. Las Dalias frontis de la Mz. P-2 Lte, 26 con la Av. Circunvalación de la Cooperativa Santa Martha. Sentido Oeste-Este.\"\n(03) UND. ESTAC."
      }
    },
    {
      "type": "Feature",
      "geometry": {
        "type": "Point",
        "coordinates": [
          -76.98130811528446,
          -11.9666895706544
        ]
      },
      "properties": {
        "name": "P.7 A.M. LA FRAGATA",
        "description": "\"Frente a la Mz. D Lte. 13 de la Cooperativa de Vivienda La Fragata. Referencia I.E.I. Huellitas de Jesus. Sentido Oeste-Este.\"\n(02) UND. ESTAC."
      }
    },
    {
      "type": "Feature",
      "geometry": {
        "type": "Point",
        "coordinates": [
          -76.98093847031316,
          -11.97081658475978
        ]
      },
      "properties": {
        "name": "P. 8 A. M. LA FRAGATA",
        "description": "\"Frontis del predio ubicado en la Mz. R Lte, 01 de la Mz. O Lte.01, Cooperativa PNP La Fragata. Sentido del tránsito.\"\n(03) UND. ESTAC."
      }
    },
    {
      "type": "Feature",
      "geometry": {
        "type": "Point",
        "coordinates": [
          -76.98970083011736,
          -11.96355568998705
        ]
      },
      "properties": {
        "name": "P.9 A.M. LA FRAGATA",
        "description": "\"Jr. Los Quimicos a 05 mts lineales de la Vía Auxiliar de la Av. Wiesse (Av. Proceres de la Independencia), frontis de la Mz. F1 Lte. 08, de la Asociación de Vivienda Ramón Castilla (Ref. Altura del paradero 14\n½ de la Av. Proceres de la Independencia) Sentido Este-Oeste.\"\n(02) UND. ESTAC."
      }
    },
    {
      "type": "Feature",
      "geometry": {
        "type": "Point",
        "coordinates": [
          -76.97895748494157,
          -11.97261084595953
        ]
      },
      "properties": {
        "name": "P. 10 A. M. LA FRAGATA",
        "description": "\"Frontis de la Mz. W Lte. 25 Referencia Casa Pre Fabricada, Ampliación Cooperativa de Vivienda La Fragata. Sentido del tránsito.\"\n(02) UND. ESTAC."
      }
    },
    {
      "type": "Feature",
      "geometry": {
        "type": "Point",
        "coordinates": [
          -76.9810888351155,
          -11.97007526886756
        ]
      },
      "properties": {
        "name": "P. 11 A. M. LA FRAGATA",
        "description": "Frontis de la Mz.P Lte. 01 Cooperativa de Vivienda La Fragata. Sentido del tránsito\n(02) UND. ESTAC."
      }
    },
    {
      "type": "Feature",
      "geometry": {
        "type": "Point",
        "coordinates": [
          -76.9803676646258,
          -11.96984036098663
        ]
      },
      "properties": {
        "name": "P. 12 A. M. LA FRAGATA",
        "description": "Frontis a la Mz. Q1, Lte.06 Agrupación Familiar \"Los Leones\", Referencia Cooperativa de Vivienda de Policías La Fragata, Sentido del tránsito.\n(02) UND. ESTAC."
      }
    },
    {
      "type": "Feature",
      "geometry": {
        "type": "Point",
        "coordinates": [
          -76.98144609125643,
          -11.9687859175417
        ]
      },
      "properties": {
        "name": "P. 1 E.T. M. LOS COMANDOS S.A.",
        "description": "LINDERO FINAL DE LA COOPERATIVA DE VIVIENDA LA FRAGATA MZ. K LT 01 \n(02) UND. ESTAC."
      }
    },
    {
      "type": "Feature",
      "geometry": {
        "type": "Point",
        "coordinates": [
          -76.98919328772742,
          -11.96395166508638
        ]
      },
      "properties": {
        "name": "P.2 E.T.M. LOS COMANDOS S.A.",
        "description": "JR. LOS QUIMICOS A 10 METROS DEL JR. LOS ECONOMISTAS JUNTO AL LT. 06 DE LA MZ. F-2 ASOC. VIVIENDA RAMON CASTILLA\n(02) UND. ESTAC."
      }
    },
    {
      "type": "Feature",
      "geometry": {
        "type": "Point",
        "coordinates": [
          -76.98220499139275,
          -11.96727364996967
        ]
      },
      "properties": {
        "name": "P.3 E.T.M. LOS COMANDOS S.A.",
        "description": "BERMA LATERAL MARGEN DERECHO FRONTIS MZ. B LT. 32 COOP. VIVIENDA LA FRAGATA \n(04) UND. ESTAC."
      }
    },
    {
      "type": "Feature",
      "geometry": {
        "type": "Point",
        "coordinates": [
          -76.98268328104656,
          -11.96459526839884
        ]
      },
      "properties": {
        "name": "P.4 E.T.M. LOS COMANDOS S.A.",
        "description": "CALLE LA AMAPOLA FRONTIS DE LA MZ. M LT. 16 ESQUINA CON LA AV. CIRCUNVALACION EN COOP. URPIS\n(02) UND. ESTAC."
      }
    },
    {
      "type": "Feature",
      "geometry": {
        "type": "Point",
        "coordinates": [
          -76.9870027668966,
          -11.96500082837531
        ]
      },
      "properties": {
        "name": "P. 5. E.T.M. LOS COMANDOS S.A.",
        "description": "BERMA LATERAL DE LA AV. CENTRAL FRONTIS DE LA MZ. LOTE 19 AAHH LOS HERALDES SENTIDO SUR A NORTE, CRUCE CON PSJE. LIVAS/CA. FILOSOFOS\n(03) UND. ESTAC."
      }
    },
    {
      "type": "Feature",
      "geometry": {
        "type": "Point",
        "coordinates": [
          -76.98484446417267,
          -11.96198111557791
        ]
      },
      "properties": {
        "name": "P.1 E.M. VILLA EXPRESS S.A.C.",
        "description": "berma lateral Jr. Los Diplomáticos en el sentido (Oeste - Este) frente a la Mz. I Lt. 21 a 5.00 metros de la Av. Central.\n(03) UND. ESTAC."
      }
    },
    {
      "type": "Feature",
      "geometry": {
        "type": "Point",
        "coordinates": [
          -76.97776173403956,
          -11.96901124744139
        ]
      },
      "properties": {
        "name": "P. 2 E. M. VILLA EXPRESS S.A.C.",
        "description": "berma lateral frontis de la Mz. Z-2 Lt. 02 Agrupación Familiar 28 de Febrero en el sentido (Norte - Sur).\n(03) UND. ESTAC."
      }
    },
    {
      "type": "Feature",
      "geometry": {
        "type": "Point",
        "coordinates": [
          -76.97649473118882,
          -11.9704478756795
        ]
      },
      "properties": {
        "name": "P. 3 E. M. VILLA EXPRESS S.A.C.",
        "description": "berma lateral frontis de la Mz. I Lt. 14 Asentamiento Villa 2 de Enero en el sentido (Sur - Norte)\n(03) UND. ESTAC."
      }
    },
    {
      "type": "Feature",
      "geometry": {
        "type": "Point",
        "coordinates": [
          -76.97808912537712,
          -11.96785994463625
        ]
      },
      "properties": {
        "name": "P. 4 E. M. VILLA EXPRESS S.A.C",
        "description": "Berma lateral frente de la Mz. P Lt. 18 Agrupación Familiar Combate de\nAngamos.\n(03) UND. ESTAC."
      }
    },
    {
      "type": "Feature",
      "geometry": {
        "type": "Point",
        "coordinates": [
          -76.98804139005918,
          -11.96253114875501
        ]
      },
      "properties": {
        "name": "P. 5. E.M. VILLA EXPRESS S.A.C.",
        "description": "Berma lateral de la Ca. Los Ingenieros, frente a la Mz. \"A\" Lote 15, a 5.00 metros de la Ca. Los Cirujanos, en el sentido del tránsito de Sur-Norte, lado Este, AA. HH. Los Heraldos (referencia: Loza deportiva).\n(03) UND. ESTAC."
      }
    },
    {
      "type": "Feature",
      "geometry": {
        "type": "Point",
        "coordinates": [
          -76.98147067782521,
          -11.96586770768138
        ]
      },
      "properties": {
        "name": "P. 6. E.M. VILLA EXPRESS S.A.C.",
        "description": "Pasaje 2, frontis a la Mz. \"D\" Lote 04, en el sentido al tránsito de Oeste-Este, lado Sur, AA. HH. Señor de Los Milagros.\n(02) UND. ESTAC."
      }
    },
    {
      "type": "Feature",
      "geometry": {
        "type": "Point",
        "coordinates": [
          -76.97724348132351,
          -11.96835050649112
        ]
      },
      "properties": {
        "name": "P. 7. E.M. VILLA EXPRESS S.A.C.",
        "description": "Pasaje 07 con Av. Huarochiri, frontis a la Mz. \"U\" Lote 08 en el sentido al tránsito Norte-Sur, lado Oeste, AA. HH. Villa 2 de Enero."
      }
    },
    {
      "type": "Feature",
      "geometry": {
        "type": "Point",
        "coordinates": [
          -76.99184078721657,
          -11.95597841482575
        ]
      },
      "properties": {
        "name": "P.1 LA UNION",
        "description": "Frontis del Pasaje Málaga cruce con la Av. Héroes del Cenepa Oeste (Frente al Mercado de la Asociación de Comerciantes Progresistas del Perú ACOPPER) del AA.HH Proyectos Especiales.\n(10) UND. ESTAC."
      }
    },
    {
      "type": "Feature",
      "geometry": {
        "type": "Point",
        "coordinates": [
          -76.98707730806959,
          -11.95850946546318
        ]
      },
      "properties": {
        "name": "P.2 LA UNION",
        "description": "Av. Héroes del Cenepa Oeste (sentido Este-Oeste) a una distancia de 07.00 metros de la Av. Proceres de la Independencia.\n(10) UND. ESTAC."
      }
    },
    {
      "type": "Feature",
      "geometry": {
        "type": "Point",
        "coordinates": [
          -76.98900244207721,
          -11.96060642965162
        ]
      },
      "properties": {
        "name": "P.3 LA UNION",
        "description": "Jr. Viena frontis de la Mz N7, Lote 30 a una Distancia de 05.00 metros del Jr. Moscú del AA.HH. 5 de Noviembre.\n(05) UND. ESTAC."
      }
    },
    {
      "type": "Feature",
      "geometry": {
        "type": "Point",
        "coordinates": [
          -76.99226038093727,
          -11.95674921660758
        ]
      },
      "properties": {
        "name": "P.4 LA UNION",
        "description": "costado de la cancha deportiva \"la Unión\" del AA.HH. Proyectos Especiales // Etapa, frente al Mercado Asociación de Comerciantes Progresistas del Perú ACOPPER. Convenio de Trabajo para compartir con la Asociación de Mototaxis ARRIBA PERU por encontrarse dentro del límite de la zona 48.\n(05) UND. ESTAC."
      }
    },
    {
      "type": "Feature",
      "geometry": {
        "type": "Point",
        "coordinates": [
          -76.99082099941685,
          -11.95908040882143
        ]
      },
      "properties": {
        "name": "P.5 LA UNION",
        "description": "Cruce de la Av. Polonia frontis de la Mz. 56 lote 24y 25 a una distancia de 05.00 metros del cruce con la Av. Naciones Unidas en el AA.HH. Proyectos Especiales /I Etapa. Convenio de Trabajo para compartir con la Asociación de Mototaxis ARRIBA PERU por encontrarse dentro del límite de la zona 47.\n(04) UND. ESTAC."
      }
    },
    {
      "type": "Feature",
      "geometry": {
        "type": "Point",
        "coordinates": [
          -76.99264475752784,
          -11.95814083523098
        ]
      },
      "properties": {
        "name": "P.6 LA UNION",
        "description": "Pasaje Murcia cuadra 16 frontis de la Mz. 51, Lote 01 cruce con la Av. Naciones Unidas (Ref. Colegio Victor Hugo Haya de la Torre)\n(03) UND. ESTAC."
      }
    },
    {
      "type": "Feature",
      "geometry": {
        "type": "Point",
        "coordinates": [
          -76.99025447025319,
          -11.95614583032495
        ]
      },
      "properties": {
        "name": "P. 7. LA UNION",
        "description": "Jr. La Salud frontis de la Mz I-12 lote 16 cruce con la Av.\nHéroes del Cenepa Oeste de la Urb. Mariscal Cáceres.\n(04) UND. ESTAC."
      }
    },
    {
      "type": "Feature",
      "geometry": {
        "type": "Point",
        "coordinates": [
          -76.98775886114787,
          -11.95183481198602
        ]
      },
      "properties": {
        "name": "P.8. LA UNION",
        "description": "Av. Proceres de la Independencia en el sentido: norte-sur (Ref. Frontis de la Plaza Vea) a una distancia de 30.00 metros de la Av. José Carlos Mariátegui de la Urb. Mariscal Cáceres.\n(05) UND. ESTAC."
      }
    },
    {
      "type": "Feature",
      "geometry": {
        "type": "Point",
        "coordinates": [
          -76.99049801296125,
          -11.95436812601785
        ]
      },
      "properties": {
        "name": "P.9. LA UNION",
        "description": "Av. Jose Carlos Mariategui frontis a la Mz I-9 Lote 03 sentido sur a norte a una distancia de 08 metros del Jr. Manuel Prado  \n(03) UND. ESTAC."
      }
    },
    {
      "type": "Feature",
      "geometry": {
        "type": "Point",
        "coordinates": [
          -76.99333084123035,
          -11.9560859797374
        ]
      },
      "properties": {
        "name": "P.1 ARRIBA PERU",
        "description": "A una distancia de 50.00 metros lineales del Colegio IE N° 148 Maestro Víctor Raúl Haya de la Torre (parte posterior de la Asociación Comercio del Mercado Union).\n(07) UND. ESTAC."
      }
    },
    {
      "type": "Feature",
      "geometry": {
        "type": "Point",
        "coordinates": [
          -76.99820344753249,
          -11.95787094181613
        ]
      },
      "properties": {
        "name": "P.2. ARRIBA PERU",
        "description": "Av. Naciones Unidas a 20.00 metros del cruce de la Av. Canto Grande en el AAHH Arriba Peru (referencia a una distancia de 6.00 metros de la Capilla Familia de Nazareth)\n(02) UND. ESTAC."
      }
    },
    {
      "type": "Feature",
      "geometry": {
        "type": "Point",
        "coordinates": [
          -76.99290431112784,
          -11.95840751194574
        ]
      },
      "properties": {
        "name": "P.3 ARRIBA PERU",
        "description": "Av Naciones Unidas frontis de la Mz 40ª a una distancia de 10 metros lineales del pasaje Rotterdam ( Referencia final del Colegio lE N° 148) en el AAHH Arriba Peru.\n(03) UND. ESTAC."
      }
    },
    {
      "type": "Feature",
      "geometry": {
        "type": "Point",
        "coordinates": [
          -76.9976420858502,
          -11.95753304132054
        ]
      },
      "properties": {
        "name": "P.4. ARRIBA PERU",
        "description": "Frontis de la Mz 1 lote 19, frente a la Mz 1ª del AAHH Arriba Peru (Referencia Espalda de la Estación de Serenazgo.\n(04) UND. ESTAC."
      }
    },
    {
      "type": "Feature",
      "geometry": {
        "type": "Point",
        "coordinates": [
          -76.9950095017242,
          -11.95636089296385
        ]
      },
      "properties": {
        "name": "P.5. ARRIBA PERU",
        "description": "Jr. Arriba Perú frontis de la Mz 9 lote 01 a una distancia de 7.00 metros lineales de la Av. José Carlos Mariátegui del PPJJ Arriba Peru.\n(04) UND. ESTAC."
      }
    },
    {
      "type": "Feature",
      "geometry": {
        "type": "Point",
        "coordinates": [
          -76.99211129092794,
          -11.95588231312518
        ]
      },
      "properties": {
        "name": "P.1 E.T. SERV. ESP. BAYOVAR SAC",
        "description": "Av. José Carlos Mariátegui a 10.00 metros de la intersección con la Av. Héroes del Cenepa (fuera de la carpeta asfáltica), en sentido Sur-Norte.\n(05) UND. ESTAC."
      }
    },
    {
      "type": "Feature",
      "geometry": {
        "type": "Point",
        "coordinates": [
          -76.99259008843477,
          -11.95597120489726
        ]
      },
      "properties": {
        "name": "P.2 E.T. SERV. ESP. BAYOVAR SAC",
        "description": "Pasaje Ginebra a 05.00 metros de intersección con la Av. José Carlos Mariátegui referencia entre la posta médica \"Proyecto Especial\" y el mercado la Unión, en sentido de Este\n(03) UND. ESTAC."
      }
    },
    {
      "type": "Feature",
      "geometry": {
        "type": "Point",
        "coordinates": [
          -76.99428197781138,
          -11.95063744344749
        ]
      },
      "properties": {
        "name": "P.3 E.T. SERV. ESP. BAYOVAR SAC",
        "description": "Frontis Mz. P-1lote 06 del AA.HH. Santa Rosa de lima, en sentido de Sur-Norte (fuera de la carpeta asfáltica)\n(02) UND. ESTAC."
      }
    },
    {
      "type": "Feature",
      "geometry": {
        "type": "Point",
        "coordinates": [
          -76.99541831988732,
          -11.95122224346465
        ]
      },
      "properties": {
        "name": "P.4 E.T. SERV. ESP. BAYOVAR SAC",
        "description": "Frontis de la Mz. 46 lote 15 del AA.HH. Bayovar referencia de la Mz. N-1 delAA.HH. Santa Rosa de lima, en sentido Sur a Norte (fuera de la carpeta asfaltada).\n(03) UND. ESTAC."
      }
    },
    {
      "type": "Feature",
      "geometry": {
        "type": "Point",
        "coordinates": [
          -76.99399176024114,
          -11.95619806551333
        ]
      },
      "properties": {
        "name": "P.5 E.T. SERV. ESP. BAYOVAR SAC",
        "description": "Frontis Mz. 11lote 5 AA.HH. Arriba Perú a 05.00 metros de la Av. José Carlos Mariátegui (fuera de la carpeta asfaltada) en sentido Este-Oeste\n(02) UND. ESTAC."
      }
    },
    {
      "type": "Feature",
      "geometry": {
        "type": "Point",
        "coordinates": [
          -76.99466472398873,
          -11.95628996527486
        ]
      },
      "properties": {
        "name": "P.6 E.T. SERV. ESP. BAOVAR SAC",
        "description": "Frontis de la Mz. 09 lote 05 del AA.HH. Arriba Perú a 05.00 metros de la Av. José Carlos Mariátegui (fuera de la carpeta asfáltica) en sentido Este-Oeste.\n(05) UND. ESTAC."
      }
    },
    {
      "type": "Feature",
      "geometry": {
        "type": "Point",
        "coordinates": [
          -76.99773838736081,
          -11.95668651157866
        ]
      },
      "properties": {
        "name": "P.7 E.T. SERV. ESP. BAYOVAR SAC",
        "description": "Frontis Mz.01lote 01deAA.HH. Arriba Perú a 05.00 metros de la Av. José Carlos Mariátegui y la Av. Canto Grande (fuera de la carpeta de asfalto), en sentido Sur a Norte.\n(02) UND. ESTAC."
      }
    },
    {
      "type": "Feature",
      "geometry": {
        "type": "Point",
        "coordinates": [
          -76.98837316396674,
          -11.95158047605658
        ]
      },
      "properties": {
        "name": "P.8 E.T. SERV. ESP. BAYOVAR SAC",
        "description": "Frontis de la Mz.25 lote 11 en la zona de Bayovar a 10.00 metros de la Av. José Carlos Mariátegui, al costado de la Loza Deportiva (referencia altura de la intersección de la Av. José Carlos Mariátegui con la Av. Fernando Wiesse), en sentido Oeste-Este.\n(02) UND. ESTAC."
      }
    },
    {
      "type": "Feature",
      "geometry": {
        "type": "Point",
        "coordinates": [
          -76.99334861250556,
          -11.95624108127929
        ]
      },
      "properties": {
        "name": "P. 9. E.T. SERV. ESP. BAYOVAR SAC",
        "description": "Frontis de la Mz. 13 lote 6 y 7 del Pasaje Rotterdam del AA.HH. Arriba Perú.\n(05) UND. ESTAC."
      }
    },
    {
      "type": "Feature",
      "geometry": {
        "type": "Point",
        "coordinates": [
          -76.99208278605172,
          -11.95558998882017
        ]
      },
      "properties": {
        "name": "P.1. LOS TIGRES DE SJL S.R.L",
        "description": "Av. El Amauta con Av. José Carlos Mariátegui (costado del parque Hiroito-A.A.H.H. Bayóvar), en el sentido Norte-Sur.\n(02) UND. ESTAC."
      }
    },
    {
      "type": "Feature",
      "geometry": {
        "type": "Point",
        "coordinates": [
          -76.99161572643315,
          -11.95531451510077
        ]
      },
      "properties": {
        "name": "P.2. LOS TIGRES DE SJL S.R.L",
        "description": "Berma lateral de la Av. Ampliación Héroes del Cenepa s/n con la Av. José Carlos Mariátegui s/n, frontis del Parque Hiroito a 10 mts. lineales de la Av. José Carlos Mariátegui en el frente de la Mz. 1 de la 2da Zona del AA.HH. Bayóvar, en el sentido Norte-Sur.\n(04) UND. ESTAC."
      }
    },
    {
      "type": "Feature",
      "geometry": {
        "type": "Point",
        "coordinates": [
          -76.9931315275151,
          -11.9557280796122
        ]
      },
      "properties": {
        "name": "P.3 LOS TIGRES DE SJL S.R.L",
        "description": "Mz. O lote 17 frente a la Mz. P del A.A.H.H Bayóvar II zona a 5 mts. de la Av. José Carlos Mariátegui, en el sentido Oeste-Este.\n(02) UND. ESTAC."
      }
    },
    {
      "type": "Feature",
      "geometry": {
        "type": "Point",
        "coordinates": [
          -76.99950277777778,
          -11.95094444444444
        ]
      },
      "properties": {
        "name": "P. 4. LOS TIGRES DE SJL S.R.L",
        "description": "Ovalo de las inmediaciones de los A.A.H.H. Cruz Blanca y Señor de los Milagros, frontis a la Mz. F3 lote 2, en el sentido Norte-Sur.\n(02) UND. ESTAC."
      }
    },
    {
      "type": "Feature",
      "geometry": {
        "type": "Point",
        "coordinates": [
          -76.99034166666667,
          -11.95379722222222
        ]
      },
      "properties": {
        "name": "P.5 LOS TIGRES DE SJL S.R.L",
        "description": "Berma lateral del Jr. Valle de Chancay a 10 metros de la Av. José Carlos Mariátegui, frontis de la Mz. 13 lote 19 de la Il zona de Bayóvar, en sentido Norte-Sur.\n(02) UND. ESTAC."
      }
    },
    {
      "type": "Feature",
      "geometry": {
        "type": "Point",
        "coordinates": [
          -76.99733019360023,
          -11.95249071107747
        ]
      },
      "properties": {
        "name": "P. 6. LOS TIGRES DE SJL S.R.L",
        "description": "Berma lateral, al frente de la Mz. E lote 03 a la altura de la Loza Deportiva Tihiunza, en el sentido Norte-Sur.\n(02) UND. ESTAC."
      }
    },
    {
      "type": "Feature",
      "geometry": {
        "type": "Point",
        "coordinates": [
          -76.99170039648044,
          -11.952614484275
        ]
      },
      "properties": {
        "name": "P.7. LOS TIGRES DE SJL S.R.L",
        "description": "Berma lateral del Jr. Valle de Chancay a 5 metros de la Av. 1 de Mayo frontis de la Mz. 6 lote 15, en sentido Este-Oeste.\n(02) UND. ESTAC."
      }
    },
    {
      "type": "Feature",
      "geometry": {
        "type": "Point",
        "coordinates": [
          -76.99048423981208,
          -11.95091049611674
        ]
      },
      "properties": {
        "name": "P.1 E.T. NUEVA AMERICA BRILLA S.A.",
        "description": "BERMA LATERAL DE LA CALLE K FRENTE A LA MZ. 32 LT. 2 LADO SUR, SENTIDO SUR A NORTE A 15 METROS DE LA AV. 1 DE MAYO Y ALTURA DE LA CA. 03 AAHH BAYOVAR\n(04) UND. ESTAC."
      }
    },
    {
      "type": "Feature",
      "geometry": {
        "type": "Point",
        "coordinates": [
          -76.99974867617873,
          -11.9567114489426
        ]
      },
      "properties": {
        "name": "P.1 A.M. UPIS HUASCAR",
        "description": "AV. RIO MISSISIPI (BERMA LATERAL) CON AV. JOSE CARLOS MARIATEGUI\n(06) UND. ESTAC."
      }
    },
    {
      "type": "Feature",
      "geometry": {
        "type": "Point",
        "coordinates": [
          -77.00677777777778,
          -11.96111022514679
        ]
      },
      "properties": {
        "name": "P.2 A.M. UPIS HUASCAR",
        "description": "AAHH HUASCAR, SECTOR A, GRUPO 05 MZ. 135, LOTE 22, PASAJE BONGARA A 10 METROS DE LA AV. JOSE CARLOS MARIATEGUI\n(06) UND. ESTAC."
      }
    },
    {
      "type": "Feature",
      "geometry": {
        "type": "Point",
        "coordinates": [
          -77.001286810242,
          -11.95654602782866
        ]
      },
      "properties": {
        "name": "P.3 A.M. UPIS HUASCAR",
        "description": "JR. RIO GRANDE (BERMA LATERAL) FRENTE A MZ. 128, LT. 02, ALTURA PARADERO 09 A 10 METROS DE LA AV. JOSE CARLOS MARIATEGUI\n(08) UND. ESTAC."
      }
    },
    {
      "type": "Feature",
      "geometry": {
        "type": "Point",
        "coordinates": [
          -77.003,
          -11.95390499786714
        ]
      },
      "properties": {
        "name": "P.4 A.M. UPIS HUASCAR",
        "description": "JR. RIO MISSISIPI (BERMA LATERAL) FRENTE A MZ 141, 142 LOTE 14 \n(08) UND. ESTAC."
      }
    },
    {
      "type": "Feature",
      "geometry": {
        "type": "Point",
        "coordinates": [
          -77.00584722222223,
          -11.95416573412977
        ]
      },
      "properties": {
        "name": "P.5 A.M. UPIS HUASCAR",
        "description": "CALLE S/N (BERMA LATERAL) INTERSECCION CON PASAJE 2, FRONTIS MZ. 186-A LOTE 2, EN ROSAL SECTOR DEL AAHH TRES CRUCES\n(05) UND. ESTAC."
      }
    },
    {
      "type": "Feature",
      "geometry": {
        "type": "Point",
        "coordinates": [
          -77.00514589596972,
          -11.95854764349782
        ]
      },
      "properties": {
        "name": "P. 1. A.M. GRUPO 12 HUASCAR",
        "description": "SECTOR A GRUPO 12 CALLE CELENDIN FRENTE A LA MZ. 176 LOTE 15 A 10 METROS DE LA AV. JOSE CARLOS MARIATEGUI PARADERO 07 AAHH HUSCAR \n(03) UND. ESTAC."
      }
    },
    {
      "type": "Feature",
      "geometry": {
        "type": "Point",
        "coordinates": [
          -77.00561152793972,
          -11.95930291657564
        ]
      },
      "properties": {
        "name": "P.2. A.M. GRUPO 12 HUASCAR",
        "description": "GRUPO 14 CALLE S/N FRENTE MZ 175 LOTE 14 A 10 METROS DE LA AV. JOSE CARLOS MARIATEGUI PARADERO 06 AAHH HUSCAR, SENTIDO ESTE A OESTE\n(03) UND. ESTAC."
      }
    },
    {
      "type": "Feature",
      "geometry": {
        "type": "Point",
        "coordinates": [
          -77.00972473217298,
          -11.95716119018205
        ]
      },
      "properties": {
        "name": "P. 3. A.M. GRUPO 12 HUASCAR",
        "description": "CALLE SIN NOMBRE FRONTIS DE LA MZ. 195 LOTE 15 AAHH LOS PEDREGALES, SENTIDO SUR A NORTE \n(02) UND. ESTAC."
      }
    },
    {
      "type": "Feature",
      "geometry": {
        "type": "Point",
        "coordinates": [
          -77.0103499222136,
          -11.95778178210637
        ]
      },
      "properties": {
        "name": "P.4 A.M. GRUPO 12 HUASCAR",
        "description": "FRONTIS DE LA MZ. B LOTE 13 DEL AAHH NUEVA JERUSALEN, A 15 METROS DE LA MZ. D SENTIDO SUR A NORTE \n(02) UND. ESTAC."
      }
    },
    {
      "type": "Feature",
      "geometry": {
        "type": "Point",
        "coordinates": [
          -77.0101185941004,
          -11.95536394557055
        ]
      },
      "properties": {
        "name": "P. 5. A.M. GRUPO 12 HUASCAR",
        "description": "FRENTE DE LA .MZ. N1 LOTE 3 DEL AAHH NUEVA JERUSALEN REFERENCIA A 5 METROS DE LA MZ N 4TA SENTIDO SUR A NORTE \n(02) UND. ESTAC."
      }
    },
    {
      "type": "Feature",
      "geometry": {
        "type": "Point",
        "coordinates": [
          -77.00878055555556,
          -11.95627327252858
        ]
      },
      "properties": {
        "name": "P.6 A.M. GRUPO 12 HUASCAR",
        "description": "FRONTIS DE LA MZ B LOTE 1 AAHH NUEVA JUVENTUD, A 60 METROS DE LA MZ. 195B SENTIDO NORTE A SUR\n(02) UND. ESTAC."
      }
    },
    {
      "type": "Feature",
      "geometry": {
        "type": "Point",
        "coordinates": [
          -77.0073388888889,
          -11.94971388888889
        ]
      },
      "properties": {
        "name": "P.1 E.T. M. EPSIBA",
        "description": "CALLE 1 OESTE A ESTE LADO SUR A 10 MEROS DEL PASAJE LOS NARANJOS, FRONTIS DE LA MZ. 11 LOTE 10 Y 11 DEL PPJJ UPIS HUASCAR SANTA ROSA GRUPO 19\n(03) UND. ESTAC."
      }
    },
    {
      "type": "Feature",
      "geometry": {
        "type": "Point",
        "coordinates": [
          -77.00520688876955,
          -11.95038479138891
        ]
      },
      "properties": {
        "name": "P.2 E.T. M. EPSIBA",
        "description": "AV. ALMIRANTE GRAU SENTIDO OESTE A ESTE LADO SUR A 4 METROS DE LA INTERSECCION CON EL PPJJ LOS JAZMINES EN EL PPJJ UPIS HUASCAR SECTOR B\n(03) UND. ESTAC."
      }
    },
    {
      "type": "Feature",
      "geometry": {
        "type": "Point",
        "coordinates": [
          -77.00878280804592,
          -11.94734494352988
        ]
      },
      "properties": {
        "name": "P. 3. E.T. M. EPSIBA",
        "description": "CALLE 2 FRENTE A MZ B LOTE 30 SENTIDO ESTE A OESTE LADO NORTE AAHH MANOS DE DIOS \n(02) UND. ESTAC."
      }
    },
    {
      "type": "Feature",
      "geometry": {
        "type": "Point",
        "coordinates": [
          -77.0052861111111,
          -11.95156111111111
        ]
      },
      "properties": {
        "name": "P. 4. E.T. M. EPSIBA",
        "description": "AV INTEGRACION CON EL PSJE MARGARITAS FRONTIS DEL MERCADO INTEGRAL GUADALUPE  SENTIDO NORTE A SUR LADO OESTE AAHH SANTA ROSA\n(02) UND. ESTAC."
      }
    },
    {
      "type": "Feature",
      "geometry": {
        "type": "Point",
        "coordinates": [
          -76.98670664989847,
          -11.95909114593967
        ]
      },
      "properties": {
        "name": "P.1 A.M. EL COMPLEJO",
        "description": "Héroes del Cenepa Este cruce con la Av. Próceres de la Independencia cuadra 42 del AA. HH. Atusparia.\n(03) UND. ESTAC."
      }
    },
    {
      "type": "Feature",
      "geometry": {
        "type": "Point",
        "coordinates": [
          -76.97027540713322,
          -11.96672035873465
        ]
      },
      "properties": {
        "name": "P.2 A.M. EL COMPLEJO",
        "description": "Costado de la Loza deportiva del A.A.H.H. Ampliación Santa Maria Mz. V-2 lote 19 cruce con el pasaje s/n.\n(04) UND. ESTAC."
      }
    },
    {
      "type": "Feature",
      "geometry": {
        "type": "Point",
        "coordinates": [
          -76.98801566649624,
          -11.96106312072203
        ]
      },
      "properties": {
        "name": "P.3 A.M. EL COMPLEJO",
        "description": "Jr. Republicana (Jr. Los Embajadores) Mz. I - 15 Lote 4 y Mz. K-15 Lote 01 del AA.HH. Jesús Páez a 05.00 metros lineales de la Av. Próceres de la Independencia.\n(04) UND. ESTAC."
      }
    },
    {
      "type": "Feature",
      "geometry": {
        "type": "Point",
        "coordinates": [
          -76.98612188671466,
          -11.95904449556025
        ]
      },
      "properties": {
        "name": "P.4 A.M. EL COMPLEJO",
        "description": "Frontis del Jr. Este Mz. A-1 de Urb. Mariscal A. Cáceres (Al costado de la Iglesia Mormona) a 10.00 metros lineales de la Av. Héroes del Cenepa, sentido Sur-Norte.\n(04) UND. ESTAC."
      }
    },
    {
      "type": "Feature",
      "geometry": {
        "type": "Point",
        "coordinates": [
          -76.97708593570115,
          -11.96820717688169
        ]
      },
      "properties": {
        "name": "P. 5 A. M. EL COMPLEJO",
        "description": "Frontis de la Mz. A Lote 8 de la Agrupación Familiar 28 de Febrero del AA.HH. Santa María.\n(03) UND. ESTAC."
      }
    },
    {
      "type": "Feature",
      "geometry": {
        "type": "Point",
        "coordinates": [
          -76.96599976978574,
          -11.96909819485544
        ]
      },
      "properties": {
        "name": "P.6 A.M. EL COMPLEJO",
        "description": "Prolongación de la Av. Héroes del Cenepa frontis de la Mz M Lote 04 entre los pasajes 8 y 7 del AA.H H. Ampliación Santa María - Parcela 2.\n(03) UND. ESTAC."
      }
    },
    {
      "type": "Feature",
      "geometry": {
        "type": "Point",
        "coordinates": [
          -76.98677825026968,
          -11.96184799425118
        ]
      },
      "properties": {
        "name": "P.7 A.M. EL COMPLEJO",
        "description": "Berma lateral del Jr. Los Escritores frontis a la Mz. K-12 Lote 1 en el sentido (Norte-Sur) intersección con Jr. Los Embajadores (Jr. Republicana).\n(03) UND. ESTAC."
      }
    },
    {
      "type": "Feature",
      "geometry": {
        "type": "Point",
        "coordinates": [
          -76.96966474375107,
          -11.96874735856555
        ]
      },
      "properties": {
        "name": "P.8 A.M. EL COMPLEJO",
        "description": "Berma lateral del Parque, frente a la Mz. E-3 Lote 42 en el sentido (Oeste-Este) a 3.00 metros lineales de la Ca. 3, en el Sector Ampliación Santa María- Parcela 1.\n(03) UND. ESTAC."
      }
    },
    {
      "type": "Feature",
      "geometry": {
        "type": "Point",
        "coordinates": [
          -76.96365623599118,
          -11.96797654711983
        ]
      },
      "properties": {
        "name": "P.9 A.M. EL COMPLEJO",
        "description": "Frente a la Mz. L-1 Lote 1 en el sentido (Sur-Norte), Segunda Etapa de la Agrupación Familiar Lumbreras.\n(03) UND. ESTAC."
      }
    },
    {
      "type": "Feature",
      "geometry": {
        "type": "Point",
        "coordinates": [
          -76.98661953146129,
          -11.95900450072114
        ]
      },
      "properties": {
        "name": "P.10. A.M. EL COMPLEJO",
        "description": "Ubicado en el separador lateral de la Av. Heroes del cenepa, sentido de Oeste a Este (bahia segregada para el estacionamniento temporal de vehiculos) altura de la MZ K15 Lt. 16 con aproximación a la Av. Proceres de la Independencia, sentido de sur a norte AAHH ATUSPARIA\n(14) UND. ESTAC."
      }
    },
    {
      "type": "Feature",
      "geometry": {
        "type": "Point",
        "coordinates": [
          -76.96654444444445,
          -11.96285555555555
        ]
      },
      "properties": {
        "name": "P. 1 EMP. PARCELA II",
        "description": "A 10.00 metros de la Av. Héroes del Cenepa Pasaje s/n frontis Mz. M-3 Lote 17 de la Ampliación de Santa María de Parcela I \n(03) UND. ESTAC."
      }
    },
    {
      "type": "Feature",
      "geometry": {
        "type": "Point",
        "coordinates": [
          -76.97199908572269,
          -11.96591702677053
        ]
      },
      "properties": {
        "name": "P.2 EMP. PARCELA II",
        "description": "A 10.00 metros de la Av. Héroes del Cenepa frente de la Mz. P2 Lote 13 del AA. HH. Santa María de acuerdo al sentido del tránsito\n(03) UND. ESTAC."
      }
    },
    {
      "type": "Feature",
      "geometry": {
        "type": "Point",
        "coordinates": [
          -76.97822763557662,
          -11.96418839377285
        ]
      },
      "properties": {
        "name": "P.3 EMP. PARCELA II",
        "description": "A 10.00 metros de la Av. Héroes del Cenepa frontis de la Mz. Q1 Lote 16 del AA. HH. Santa María\n(03) UND. ESTAC."
      }
    },
    {
      "type": "Feature",
      "geometry": {
        "type": "Point",
        "coordinates": [
          -76.98412020277217,
          -11.96091402390961
        ]
      },
      "properties": {
        "name": "P.4 EMP. PARCELA II",
        "description": "Av. Central a 15.00 metros lineales de la Av. Héroes del Cenepa cuadra 3\n(06) UND. ESTAC."
      }
    },
    {
      "type": "Feature",
      "geometry": {
        "type": "Point",
        "coordinates": [
          -76.985187179759,
          -11.96017855169014
        ]
      },
      "properties": {
        "name": "P.1 E.T. ESCOBEDO SAC ETESCO SAC",
        "description": "Jr. Los Astronomos frontis de la Mz. k5, Lt.01 a una distancia de 5 metros de la pista auxiliar de la Av. Héroes del Cenepa (ex. Av. Bayóvar) Mariscal Cáceres\n(02) UND. ESTAC."
      }
    },
    {
      "type": "Feature",
      "geometry": {
        "type": "Point",
        "coordinates": [
          -76.98179172574216,
          -11.96243118861019
        ]
      },
      "properties": {
        "name": "P.2 E.T. ESCOBEDO SAC ETESCO SAC",
        "description": "Jr. Los Artistas frontis de la Mz. J6, Lt.18 con la pista auxiliar de la Av.\nHéroes del Cenepa (ex. Av. Bayóvar) en el AA.HH San Miguel (Ref. de la Pollería D'Granja.\n(04) UND. ESTAC."
      }
    },
    {
      "type": "Feature",
      "geometry": {
        "type": "Point",
        "coordinates": [
          -76.98208948918733,
          -11.96374968084749
        ]
      },
      "properties": {
        "name": "P.3 E.T. ESCOBEDO SAC ETESCO SAC",
        "description": "Jr. Los Diplomáticos frontis de la Mz. J20 a una distancia de 8.00 de la Av. Circunvalación correspondiente a la ciudad Mariscal Cáceres\n(05) UND. ESTAC."
      }
    },
    {
      "type": "Feature",
      "geometry": {
        "type": "Point",
        "coordinates": [
          -76.983366341359,
          -11.96153572613759
        ]
      },
      "properties": {
        "name": "P.4 E.T. ESCOBEDO SAC ETESCO SAC",
        "description": "Jr. Los Músicos frontis de la Mz. J1, Lt.17 a una distancia de 5 metros de\nla pista auxiliar de la Av. Héroes del Cenepa (ex. Av. Bayóvar) en el AA.HH San Miguel\n(03) UND. ESTAC."
      }
    },
    {
      "type": "Feature",
      "geometry": {
        "type": "Point",
        "coordinates": [
          -76.97576796791674,
          -11.96546412600737
        ]
      },
      "properties": {
        "name": "P.1 E. T. GRUTA EXPRESS S.A.C.",
        "description": "Prolongación del Jr. Canteras frontis de la Mz. I-2 Lote 01, entre la Mz. C-2 a una distancia de 10.00 metros de la Av. Héroes del Cenepa del AA. HH. Santa María de la Ciudad Mariscal Cáceres.\n(07) UND. ESTAC."
      }
    },
    {
      "type": "Feature",
      "geometry": {
        "type": "Point",
        "coordinates": [
          -76.97547717741027,
          -11.96736112012165
        ]
      },
      "properties": {
        "name": "P. 2 E. T. GRUTA EXPRESS S.A.C.",
        "description": "Calle Manantial frontis a la Mz. A-2 Lote 1 de la Ampliación La Gruta de Santa María.\n(05) UND. ESTAC."
      }
    },
    {
      "type": "Feature",
      "geometry": {
        "type": "Point",
        "coordinates": [
          -76.96583609443421,
          -11.97280110624955
        ]
      },
      "properties": {
        "name": "P.3 E.T. GRUTA EXPRESS S.A.C.",
        "description": "Calle San Juan Bautista frontis de la Mz. K Lote 16 al lado de la loza deportiva del AA. HH. San Juan Bautista.\n(05) UND. ESTAC."
      }
    },
    {
      "type": "Feature",
      "geometry": {
        "type": "Point",
        "coordinates": [
          -76.97458818251542,
          -11.96494990864571
        ]
      },
      "properties": {
        "name": "P.4 E.T. GRUTA EXPRESS S.A.C.",
        "description": "Pasaje 16 frente a la Mz. H2 Lote 28 en el sentido (Sur - Norte) a 3.00 metros lineales del pasaje F y a 7.00 metros lineales de la Av. Héroes del Cenepa.\n(03) UND. ESTAC."
      }
    },
    {
      "type": "Feature",
      "geometry": {
        "type": "Point",
        "coordinates": [
          -76.97541486686866,
          -11.96469585812514
        ]
      },
      "properties": {
        "name": "P.5 E.T. GRUTA EXPRESS S.A.C.",
        "description": "Pasaje 14 en el sentido (Sur - Norte) a 3.00 metros lineales del Jr. Canteras frente a la Mz. G2 (referencia: espalda del Mercado Santa Maria).\n(04) UND. ESTAC."
      }
    },
    {
      "type": "Feature",
      "geometry": {
        "type": "Point",
        "coordinates": [
          -76.97583047739494,
          -11.96512968546569
        ]
      },
      "properties": {
        "name": "P.1 ASOC. LA GRUTA",
        "description": "berma lateral de la prolongacion canteras frontis de la Mz. D2 a una distancia de 3mts. de la Av. Heroes del Cenepa en sentido Norte-Sur\n(al lado del Centro de Salud Santa Maria).\n(05) UND. ESTAC."
      }
    },
    {
      "type": "Feature",
      "geometry": {
        "type": "Point",
        "coordinates": [
          -76.97359166666666,
          -11.96754166666667
        ]
      },
      "properties": {
        "name": "P. 2. ASOC. LA GRUTA",
        "description": "Av. Virgen frontis de la Mz. E1, lote 04 a una distancia de 3 mts. De la calle El Manantial en el AA.HH. Ampliacion La Gruta Santa Maria en el sentido Este-Oeste.\n(05) UND. ESTAC."
      }
    },
    {
      "type": "Feature",
      "geometry": {
        "type": "Point",
        "coordinates": [
          -76.98144708754631,
          -11.96112655842983
        ]
      },
      "properties": {
        "name": "P.2. EMPRESA DE MOTOTAXIS PROGRESO S.A.C.",
        "description": "UBICADO EN LA BERMA LATERAL DEL JR. ENRIQUE PALACIOS (ANTES C. 22) FRONTIS DE LA MZ. B16 LOTE 04 EN EL SENTIDO AL TRÁNSITO OESTE-ESTE LADO NORTE (REF: PARQUE) A 5.00 METROS DEL JR. JOSE ABELARDO QUIÑONES (ANTES V. 02)\n(03) UND. ESTAC."
      }
    },
    {
      "type": "Feature",
      "geometry": {
        "type": "Point",
        "coordinates": [
          -76.98587748578625,
          -11.95046320967708
        ]
      },
      "properties": {
        "name": "P.1 A. M. CASA BLANCA",
        "description": "Jr. Miguel Carcomo a una distancia de 30.00 metros del cruce con la Av. Proceres de la independencia.\n(02) UND. ESTAC."
      }
    },
    {
      "type": "Feature",
      "geometry": {
        "type": "Point",
        "coordinates": [
          -76.98716084760954,
          -11.95130119146596
        ]
      },
      "properties": {
        "name": "P.2 M. CASA BLANCA",
        "description": "Jr. Pozo Seco frontis de la Mz E1 Lote 16 a una distancia de 05.00 metros de la Vía Auxiliar de la Av. Proceres de la independencia de la Urb. Mariscal Cáceres, (Ref. Al costada de la tienda Elektra)\n(06) UND. ESTAC."
      }
    },
    {
      "type": "Feature",
      "geometry": {
        "type": "Point",
        "coordinates": [
          -76.98648649471443,
          -11.95048843195253
        ]
      },
      "properties": {
        "name": "P.3 A. M. CASA BLANCA",
        "description": "Jr. Guerra frontis de la Mz J15 Lote 24 a una distancia de 05 metros de la Via Auxiliar de la Av. Proceres de la independencia de la Urb. Mariscal Cáceres (Ref. Tienda colchones Lexus).\n(05) UND. ESTAC."
      }
    },
    {
      "type": "Feature",
      "geometry": {
        "type": "Point",
        "coordinates": [
          -76.97627701468703,
          -11.95685652687371
        ]
      },
      "properties": {
        "name": "P.4 A. M. CASA BLANCA",
        "description": "Frontis del parque Tupac Amaru en la sección del retiro frente a la Mz K lote 3 del AA.HH. Tupac Amaru.\n(04) UND. ESTAC."
      }
    },
    {
      "type": "Feature",
      "geometry": {
        "type": "Point",
        "coordinates": [
          -76.96975265942318,
          -11.95555913299734
        ]
      },
      "properties": {
        "name": "P.5 A. M. CASA BLANCA",
        "description": "Costado del mercado \"Asociación de Comerciantes San Juan Bautista\" - Andrés A. Cáceres // Etapa Mz C2 Lote 2 entrada de la 2da Etapa de Javier Pérez de Cuellar."
      }
    },
    {
      "type": "Feature",
      "geometry": {
        "type": "Point",
        "coordinates": [
          -76.96840631452822,
          -11.95510388266429
        ]
      },
      "properties": {
        "name": "P.6 A. M. CASA BLANCA",
        "description": "Pasaje s/n entre las Mz R1 Lote 01 y la Mz. T1 Lote 04 del AA. HH. Pérez de Cuellar II Etapa.\n(03) UND. ESTAC."
      }
    },
    {
      "type": "Feature",
      "geometry": {
        "type": "Point",
        "coordinates": [
          -76.97707539635846,
          -11.95619302487738
        ]
      },
      "properties": {
        "name": "P.7 A. M. CASA BLANCA",
        "description": "Av. Circunvalación frontis de la Mz H Lote 05 el AA.HH. Tupac Amaru (Ref. Ferretería Gabriel).\n(02) UND. ESTAC."
      }
    },
    {
      "type": "Feature",
      "geometry": {
        "type": "Point",
        "coordinates": [
          -76.97672247450062,
          -11.95814650805482
        ]
      },
      "properties": {
        "name": "P.8 A. M. CASA BLANCA",
        "description": "Frontis de la Mz B Lote 09 y al frente a la Mz. A Lote 13 del AA.HH. Santa Rosa (Ref. a unos metros del Comedor Andrés A Cáceres).\n(02) UND. ESTAC."
      }
    },
    {
      "type": "Feature",
      "geometry": {
        "type": "Point",
        "coordinates": [
          -76.98078803337367,
          -11.95600190565333
        ]
      },
      "properties": {
        "name": "P.9 A. M. CASA BLANCA",
        "description": "Frontis del Mercado Santa Rosa, frente a la Mz H-1 Lote 14 de la Urb. Mariscal Cáceres.\n(02) UND. ESTAC."
      }
    },
    {
      "type": "Feature",
      "geometry": {
        "type": "Point",
        "coordinates": [
          -76.97408377723855,
          -11.96050505386221
        ]
      },
      "properties": {
        "name": "P.10 A. M. CASA BLANCA",
        "description": "Frontis de la Mz C Lote 01 de la Agrupación Familiar Las Lomas de 27 de Marzo (Ref. frente al campo deportivo).\n(03) UND. ESTAC."
      }
    },
    {
      "type": "Feature",
      "geometry": {
        "type": "Point",
        "coordinates": [
          -76.96198716389054,
          -11.9539870895675
        ]
      },
      "properties": {
        "name": "P.11 A. M. CASA BLANCA",
        "description": "Frontis de la Mz J Lote 01 del AA.HH. Virgen del Carmen y frente a la Mz. N lote\n10 (Ref. lado de la cruz).\n(02) UND. ESTAC."
      }
    },
    {
      "type": "Feature",
      "geometry": {
        "type": "Point",
        "coordinates": [
          -76.9781606106315,
          -11.95795170204284
        ]
      },
      "properties": {
        "name": "P.12 A. M. CASA BLANCA",
        "description": "Jr. Circunvalación frontis de la Mz H-10 Lote 16 una distancia de 05.00 metros de la Av. Circunvalación de la Urb. Mariscal Cáceres.\n(06) UND. ESTAC."
      }
    },
    {
      "type": "Feature",
      "geometry": {
        "type": "Point",
        "coordinates": [
          -76.98640212470232,
          -11.95361887633174
        ]
      },
      "properties": {
        "name": "P.13 M. CASA BLANCA",
        "description": "Jr. Intermedio Frontis de la Mz. F-11 Lote 01 a una distancia de 05.00 metros de la Vía Auxiliar de la Av. Proceres de la independencia cuadra 47, frente a la Mz. E-8 lote 32.\n(04) UND. ESTAC."
      }
    },
    {
      "type": "Feature",
      "geometry": {
        "type": "Point",
        "coordinates": [
          -76.98623666401191,
          -11.95078801680291
        ]
      },
      "properties": {
        "name": "P.14 A. M. CASA BLANCA",
        "description": "Jr. Pérez de Tudela frontis de Mz E-1 Lote 02 de la Urb. Mariscal Cáceres.\n(03) UND. ESTAC."
      }
    },
    {
      "type": "Feature",
      "geometry": {
        "type": "Point",
        "coordinates": [
          -76.97666666666667,
          -11.95873611111111
        ]
      },
      "properties": {
        "name": "P.15 A. M. CASA BLANCA",
        "description": "Pasaje s/n frontis a la Mz B Lote 12 del AA.HIH. Andrés A. Cáceres en el sentido\nNorte-Sur, frente a la Mz G Lote 01.\n(04) UND. ESTAC."
      }
    },
    {
      "type": "Feature",
      "geometry": {
        "type": "Point",
        "coordinates": [
          -76.9854729986537,
          -11.95810792773518
        ]
      },
      "properties": {
        "name": "P.1. A.M. SAN FRANCISCO DE ASIS",
        "description": "JR. ESTE CRUCE CON PSJE. S/N (BERMA LATERAL)FRENTE A MZ A1 LT 15, COSTADO DE LA MZ. A2 LT 19\n(02) UND. ESTAC."
      }
    },
    {
      "type": "Feature",
      "geometry": {
        "type": "Point",
        "coordinates": [
          -76.9802019159508,
          -11.96051256969767
        ]
      },
      "properties": {
        "name": "P.2 A. SAN FRANCISCO DE ASIS",
        "description": "JR. CANTERAS ALTURA DEL JR. CIRCUNVALACION FRONTIS DE MZ. B12 LT. 14 Y FRENTE D14 URB. MARISCAL CACERES, BERMA LATERAL DEL JR. CANTERAS\n(02) UND. ESTAC."
      }
    },
    {
      "type": "Feature",
      "geometry": {
        "type": "Point",
        "coordinates": [
          -76.97553888888889,
          -11.96145784249544
        ]
      },
      "properties": {
        "name": "P.3 A. SAN FRANCISCO DE ASIS",
        "description": "AAHH 27 DE MARZO II ETAPA ENTRE MZ Y Y LA BONBA DE AGUA, FRONTIS MZ. D LT 1 CALLE VIRGENES DEL SOL PSJE 4 \n(02) UND. ESTAC."
      }
    },
    {
      "type": "Feature",
      "geometry": {
        "type": "Point",
        "coordinates": [
          -76.98515149689561,
          -11.95606478680698
        ]
      },
      "properties": {
        "name": "P.4 A. SAN FRANCISCO DE ASIS",
        "description": "JR. EDUCACION A 10 METROS DE LA AV. WIESSE, FRONTIS DE LA MZ. F11 LT. 38\n(02) UND. ESTAC."
      }
    },
    {
      "type": "Feature",
      "geometry": {
        "type": "Point",
        "coordinates": [
          -76.97284909171545,
          -11.95608160055529
        ]
      },
      "properties": {
        "name": "P.5 A.M. SAN FRANCISCO DE ASIS",
        "description": "CALLE PEREZ DE CUELLAR FRENTE A MZ. H LT 1 Y FRENTE A LA I.E. 0171-8 PRIMAR AMENORES \n(02) UND. ESTAC."
      }
    },
    {
      "type": "Feature",
      "geometry": {
        "type": "Point",
        "coordinates": [
          -76.97763694056903,
          -11.95714507441679
        ]
      },
      "properties": {
        "name": "P.6 A.M. SAN FRANCISCO DE ASIS",
        "description": "MZ. F DEL AAHH TUPAC AMARU, FRONTIS MZ. H10 LT 1 (AV. CIRCUNVALACION CRUCE CON CALLE 12 URB. MARISCAL CACERES)\n(02) UND ESTAC."
      }
    },
    {
      "type": "Feature",
      "geometry": {
        "type": "Point",
        "coordinates": [
          -76.97007831571824,
          -11.95570283061865
        ]
      },
      "properties": {
        "name": "P.7 A.M. SAN FRANCISCO DE ASIS",
        "description": "AAHH PEREZ DE CUELLAR MZ. F LT 23 \n(02) UND. ESTAC."
      }
    },
    {
      "type": "Feature",
      "geometry": {
        "type": "Point",
        "coordinates": [
          -76.97910635440124,
          -11.95914462664576
        ]
      },
      "properties": {
        "name": "P.8. A. SAN FRANCISCO DE ASIS",
        "description": "CALLE 34 CRUCE CON JR. CIRCUNVALACION FRENTE MZ. D12 LT. 28, FRENTE A MZ. D13 LT. 28 \n(02) UND. ESTAC."
      }
    },
    {
      "type": "Feature",
      "geometry": {
        "type": "Point",
        "coordinates": [
          -76.97067777777778,
          -11.96138888888889
        ]
      },
      "properties": {
        "name": "P. 1 E. T. S. SERPENTIN DE PRIMAVERA",
        "description": "CALLE S/N FRONTIS DE LA MZ. A LT 01 SENTIDO SUR A NORTE DE LA AGRUPACION FAMILIAR 27 DE MARZO 3ERA ETAPA\n(05) UND. ESTAC."
      }
    },
    {
      "type": "Feature",
      "geometry": {
        "type": "Point",
        "coordinates": [
          -76.97522476040714,
          -11.96394415498316
        ]
      },
      "properties": {
        "name": "P.2 E.T.S SERPENTIN DE PRIMAVERA",
        "description": "CALLE S/N FRENTE A LA MZ. K LT. 04 ESTE A OESTE ASOCIACION PARAISO DE SANTA MARIA\n(05) UND. ESTAC."
      }
    },
    {
      "type": "Feature",
      "geometry": {
        "type": "Point",
        "coordinates": [
          -76.98244918610293,
          -11.96008612462152
        ]
      },
      "properties": {
        "name": "P.3 E.T.S. SERPENTIN DE PRIMAVERA",
        "description": "C-23 CRUCE CON JR. Q. DONAVAN FRENTE A MZ. B6 LOTE 15 Y 16 MARISCAL CACERES (PARQUE ALAMEDA)\n(02) UND. ESTAC."
      }
    },
    {
      "type": "Feature",
      "geometry": {
        "type": "Point",
        "coordinates": [
          -76.9723090737356,
          -11.96426250968462
        ]
      },
      "properties": {
        "name": "P. 4 E.T.S. SERPENTIN DE PRIMAVERA",
        "description": "CALLE S/N FRENTE A MZ. K LOTE 07 ASOCIACION VIVIENDA EL PARAISO DE SANTA MARIA \n(02) UND. ESTAC."
      }
    },
    {
      "type": "Feature",
      "geometry": {
        "type": "Point",
        "coordinates": [
          -76.9757714735067,
          -11.96359246153873
        ]
      },
      "properties": {
        "name": "P.5 E.T.S SERPENTIN DE PRIMAVERA",
        "description": "CALLE S/N FRENTE A MZ I LT 04 AH VILLA SOLIDARIDAD SECTOR SANTA MARIA\n(03) UND. ESTAC."
      }
    },
    {
      "type": "Feature",
      "geometry": {
        "type": "Point",
        "coordinates": [
          -76.97366330560857,
          -11.96379908673705
        ]
      },
      "properties": {
        "name": "P. 1 A.M. 27 DE MARZO",
        "description": "AA. HH. 27 de Marzo Ampliación II Etapa Calle S/N costado lateral derecho de la Mz. F frente a la M. G\n(04) UND. ESTAC."
      }
    },
    {
      "type": "Feature",
      "geometry": {
        "type": "Point",
        "coordinates": [
          -76.9764128755197,
          -11.96150672290833
        ]
      },
      "properties": {
        "name": "P.2 A.M. 27 DE MARZO",
        "description": "Frontis a la Mz. A Lote 1 del AA. HH. 27 de Marzo Ampliación Il Etapa Las Rocas distrito de San Juan de Lurigancho (frente a la Mz. B) \n(03) UND. ESTAC."
      }
    },
    {
      "type": "Feature",
      "geometry": {
        "type": "Point",
        "coordinates": [
          -76.98139775732189,
          -11.96057521922266
        ]
      },
      "properties": {
        "name": "P. 3. A.M. 27 DE MARZO",
        "description": "Jr. O. Connor (V3) cruce |Ca. C23 (alameda) frente a la Mz. B10, lote 18, Mariscal Cáceres\n(02) UND. ESTAC."
      }
    },
    {
      "type": "Feature",
      "geometry": {
        "type": "Point",
        "coordinates": [
          -76.97877890262896,
          -11.96140430353797
        ]
      },
      "properties": {
        "name": "P. 4. A.M. 27 DE MARZO",
        "description": "Jr. Canteras, Frente a la Mz. D lote 01 AA. HH. 27 de Marzo y frente a la Mz. 11 lote 13 Mariscal Cáceres\n(03) UND. ESTAC."
      }
    },
    {
      "type": "Feature",
      "geometry": {
        "type": "Point",
        "coordinates": [
          -76.96143901524626,
          -11.95364184960835
        ]
      },
      "properties": {
        "name": "P. 1. ASOC. MOT. JAVIER PEREZ DE CUELLAR AMPLIACIÓN",
        "description": "FRENTE A LA MZ. L1 LT 18 DE LA AGRUPACION FAMILIAR VIRGEN DEL CARMEN \n(10) UND. ESTAC."
      }
    },
    {
      "type": "Feature",
      "geometry": {
        "type": "Point",
        "coordinates": [
          -76.9811691605588,
          -11.96218135156028
        ]
      },
      "properties": {
        "name": "P.2. ASOC. MOT. JAVIER PEREZ DE CUELLAR AMPLIACIÓN",
        "description": "UBICADO SOBRE LA BERMA LATERAL DE LA AV. CIRCUNVALACIÓN SENTIDO DE OESTE A ESTE, COLINDNATE A LA MZ. B13 LOTE 35 Y 36 A 10 METROS DE LA AV. HEROES DEL CENEPA\n(04) UND. ESTAC."
      }
    },
    {
      "type": "Feature",
      "geometry": {
        "type": "Point",
        "coordinates": [
          -76.98314281679794,
          -11.94576556268789
        ]
      },
      "properties": {
        "name": "P. 1. A.M. PARADERO 5 MARISCAL CACERES",
        "description": "Berma lateral del Jr. Del Cruce Este, frontis de la Mz. P16 - Lte. 18 en sentido Este a Oeste Intersección con la Av. Próceres de la Independencia (AA.HH. Mariscal Cáceres).\n(05) UND. ESTAC."
      }
    },
    {
      "type": "Feature",
      "geometry": {
        "type": "Point",
        "coordinates": [
          -76.98474740774236,
          -11.94783973871415
        ]
      },
      "properties": {
        "name": "P. 2. A.M. PARADERO 5 MARISCAL CACERES",
        "description": "Berma lateral de la Av. Del Muro Este, frontis de la Mz. J1- Lte. 01, a cinco (05) metros de la auxiliar de la Av. Próceres de la Independencia (AA.HH. Mariscal Cáceres), con sentido Oeste a Este.\n(05) UND. ESTAC."
      }
    },
    {
      "type": "Feature",
      "geometry": {
        "type": "Point",
        "coordinates": [
          -76.97750612882841,
          -11.94957621073415
        ]
      },
      "properties": {
        "name": "P. 3. A.M. PARADERO 5 MARISCAL CACERES",
        "description": "Jr. Del Cruce Este frontis de la Mz. L - Lte. 01, (Familia Palacios), AA.HH. Ciudad de los Constructores a dos (02) metros del Jr. Circunvalación.\n(05) UND. ESTAC."
      }
    },
    {
      "type": "Feature",
      "geometry": {
        "type": "Point",
        "coordinates": [
          -76.97902893755885,
          -11.95172050170438
        ]
      },
      "properties": {
        "name": "P. 4. A.M. PARADERO 5 MARISCAL CACERES",
        "description": "Berma lateral de la Av. el Muro Este frontis de la Mz. M Lte. 18, del AA.HH. Ciudad de los Constructores a dos (02) metros del Jr. Circunvalación.\n(05) UND. ESTAC."
      }
    },
    {
      "type": "Feature",
      "geometry": {
        "type": "Point",
        "coordinates": [
          -76.98127839968049,
          -11.94931033301104
        ]
      },
      "properties": {
        "name": "P. 5 A.M. PARADERO 5 MARISCAL CACERES",
        "description": "Alameda Coronel Althaus frontis de la Mz. N-8, del AA.HH Mariscal Cáceres a treinta (30) metros de la Av. El Muro Este (referencia del mercado principal Mariscal Cáceres, puerta N° 3, puesto de Salud Mariscal Cáceres).\n(05) UND. ESTAC."
      }
    },
    {
      "type": "Feature",
      "geometry": {
        "type": "Point",
        "coordinates": [
          -76.97836917411998,
          -11.95293301093034
        ]
      },
      "properties": {
        "name": "P. 6 A.M. PARADERO 5 MARISCAL CACERES",
        "description": "Frente a la Mz. W, Lte. 11 y 12 del AA.HH. Ciudad de los Constructores (1ra Etapa) a setenta (70) metros del Colegio Maria Reiche, frontis del comedor, cancha de fulbito.\n(04) UND. ESTAC."
      }
    },
    {
      "type": "Feature",
      "geometry": {
        "type": "Point",
        "coordinates": [
          -76.97677353832171,
          -11.95053358149011
        ]
      },
      "properties": {
        "name": "P. 7 A.M. PARADERO 5 MARISCAL CACERES",
        "description": "Frontis a la Mz. I Lte. 12 del AA.HH. Ciudad de los Constructores (2da. Etapa).\n(03) UND. ESTAC."
      }
    },
    {
      "type": "Feature",
      "geometry": {
        "type": "Point",
        "coordinates": [
          -76.98547619237802,
          -11.94911315557257
        ]
      },
      "properties": {
        "name": "P. 8 A.M. PARADERO 5 MARISCAL CACERES",
        "description": "Berma lateral de la Calle 45, frontis de la Mz. J-1, Lte. 22, del AA.HH. Mariscal Cáceres a diez (10) metros lineales de la Av. Próceres de la Independencia en el sentido Este a Oeste.\n(05) UND. ESTAC."
      }
    },
    {
      "type": "Feature",
      "geometry": {
        "type": "Point",
        "coordinates": [
          -76.98096883158968,
          -11.950391692322
        ]
      },
      "properties": {
        "name": "P. 9 A.M. PARADERO 5 MARISCAL CACERES",
        "description": "Berma lateral de la Av. Del Muro Frontis de la Mz. K-2, Lte. 15 a cinco (05) metros lineales de la Av. Central de la Urb. Mariscal Cáceres.\n(03) UND. ESTAC."
      }
    },
    {
      "type": "Feature",
      "geometry": {
        "type": "Point",
        "coordinates": [
          -76.98253096556034,
          -11.94905664215514
        ]
      },
      "properties": {
        "name": "P. 10 A.M. PARADERO 5 MARISCAL CACERES",
        "description": "Berma lateral del Jr. Intermedio frontis de la Mz. N-7 y frente av Mz. M-8, Lte. 17 a cinco (05) metros lineales de la Av. El Muro en la Urb. Mariscal Cáceres."
      }
    },
    {
      "type": "Feature",
      "geometry": {
        "type": "Point",
        "coordinates": [
          -76.97821881705919,
          -11.95219281669494
        ]
      },
      "properties": {
        "name": "P. 11 A.M. PARADERO 5 MARISCAL CACERES",
        "description": "Frente a la Mz. N, Lte. 12 de la Ampliación Ciudad de los Constructores (referencia entrada al AA.HH. Landázuri), frente a la Capilla, final de la Av. El Muro en sentido Oeste - Este.\n(05) UND. ESTAC."
      }
    },
    {
      "type": "Feature",
      "geometry": {
        "type": "Point",
        "coordinates": [
          -76.98128282578725,
          -11.94876563973497
        ]
      },
      "properties": {
        "name": "P. 12 A.M. PARADERO 5 MARISCAL CACERES",
        "description": "Berma lateral del Jr. Augusto B. Leguía, frontis de la Mz. N-5 Lte. 17 de la Urb. Mariscal Caceres a doce (12) metros de la puerta N° 5 del mercado mayorista Mariscal Cáceres en sentido Norte - Sur.\n(06) UND. ESTAC."
      }
    },
    {
      "type": "Feature",
      "geometry": {
        "type": "Point",
        "coordinates": [
          -76.97674771934659,
          -11.95287022848618
        ]
      },
      "properties": {
        "name": "P.1 A.M. SOMOS PERU",
        "description": "frontis de la Mz. C It. 14 y 15 en el AA.HH. Landázuri en sentido Este - Oeste.\n(02) UND. ESTAC."
      }
    },
    {
      "type": "Feature",
      "geometry": {
        "type": "Point",
        "coordinates": [
          -76.97761111111112,
          -11.95358654156755
        ]
      },
      "properties": {
        "name": "P.2 A.M. SOMOS PERU",
        "description": "Frente a los Lotes 15 y 16 de la Mz. X en el AA.HH. Ciudad de los Constructores en sentido Norte - Sur.\n(02) UND. ESTAC."
      }
    },
    {
      "type": "Feature",
      "geometry": {
        "type": "Point",
        "coordinates": [
          -76.978225,
          -11.95077777777778
        ]
      },
      "properties": {
        "name": "P.3 A.M. SOMOS PERU",
        "description": "Frente a la Mz. LL Lt. 3 I ETAPA DE LA CIUDAD DE LOS CONSTRUCTORES\n(02) UND. ESTAC."
      }
    },
    {
      "type": "Feature",
      "geometry": {
        "type": "Point",
        "coordinates": [
          -76.97914851590649,
          -11.95365639161343
        ]
      },
      "properties": {
        "name": "P.4 A.M. SOMOS PERU",
        "description": "frontis de la Mz. Q Lote 04 y 05 de la Ciudad los Constructores I Etapa (a 10 Metros de la Intersección Jr. Santiago Antúnez de Mayolo con Jr. E sentido Norte - Sur).\n(02) UND. ESTAC."
      }
    },
    {
      "type": "Feature",
      "geometry": {
        "type": "Point",
        "coordinates": [
          -76.98377791067999,
          -11.94683827580914
        ]
      },
      "properties": {
        "name": "P.5 A.M. SOMOS PERU",
        "description": "Frontis de la Mz. M-15 Lt. 17 del AA. HH. Mariscal Cáceres a 10 metros lineales de la Av. Próceres de la Independencia. \n(03) UND. ESTAC."
      }
    },
    {
      "type": "Feature",
      "geometry": {
        "type": "Point",
        "coordinates": [
          -76.97555277777778,
          -11.95183503566517
        ]
      },
      "properties": {
        "name": "P. 6 A. M. SOMOS PERU",
        "description": "Frente a la Mz. L Lt. 04 de la agrupación Familiar CERRITO ALEGRE (Ref. Altura de la Agrupación Familiar Alberto Fujimori II) en sentido Este - Oeste\n(03) UND. ESTAC."
      }
    },
    {
      "type": "Feature",
      "geometry": {
        "type": "Point",
        "coordinates": [
          -76.97603809484211,
          -11.9512300724546
        ]
      },
      "properties": {
        "name": "P.7 A.M. SOMOS PERU",
        "description": "Frontis de la Mz. K Lt. 07 de la Ciudad de los Constructores II ETAPA (Ref. entrada a la Agrupación Familiar Alberto Fujimori I) en sentido Este - Oeste. \n(03) UND. ESTAC."
      }
    },
    {
      "type": "Feature",
      "geometry": {
        "type": "Point",
        "coordinates": [
          -77.01210833333333,
          -11.93872222222222
        ]
      },
      "properties": {
        "name": "P. 1 E.T.M. CRISTO REY",
        "description": "Frente de la Mz. C Lote 1 de la Agrupación Familiar Nueva Luz\n(02) UND. ESTAC."
      }
    },
    {
      "type": "Feature",
      "geometry": {
        "type": "Point",
        "coordinates": [
          -77.01390307485667,
          -11.93899411015305
        ]
      },
      "properties": {
        "name": "P. 2 E.T.M. CRISTO REY",
        "description": "Frontis de la Mz. N Lote 7 de la Agrupación Familiar María de Jesús\n(02) UND. ESTAC."
      }
    },
    {
      "type": "Feature",
      "geometry": {
        "type": "Point",
        "coordinates": [
          -77.01181944444444,
          -11.94009444444444
        ]
      },
      "properties": {
        "name": "P. 3 E.T.M. CRISTO REY",
        "description": "Frontis a la Mz. A Lote 1 de la Agrupación Familiar Nuevo Amanecer.\n(02) UND. ESTAC."
      }
    },
    {
      "type": "Feature",
      "geometry": {
        "type": "Point",
        "coordinates": [
          -77.0120173475332,
          -11.9414822273697
        ]
      },
      "properties": {
        "name": "P. 4 E.T.M. CRISTO REY",
        "description": "Frontis de la Mz. B Lote 2 de la Agrupación Familiar Ampliación 5 Cristo Rey.\n(03) UND. ESTAC."
      }
    },
    {
      "type": "Feature",
      "geometry": {
        "type": "Point",
        "coordinates": [
          -76.99598055555556,
          -11.94342777777778
        ]
      },
      "properties": {
        "name": "P. 5 E.T.M. CRISTO REY",
        "description": "Pasaje 16 frente a la Mz. 26 Lote 5 del AA. HH. Integrando Solidaridad y Progreso Sector 9 de Febrero\n(02) UND. ESTAC."
      }
    },
    {
      "type": "Feature",
      "geometry": {
        "type": "Point",
        "coordinates": [
          -77.00288611111111,
          -11.93498769762158
        ]
      },
      "properties": {
        "name": "P. 6 T. M. CRISTO REY",
        "description": "Frente a la Mz. B Lote 19 del AA. HH. Proyecto Integral Nuevo San Juan 14 de septiembre\n(02) UND. ESTAC."
      }
    },
    {
      "type": "Feature",
      "geometry": {
        "type": "Point",
        "coordinates": [
          -76.99260819892329,
          -11.94458963389784
        ]
      },
      "properties": {
        "name": "P. 7 E.T.M. CRISTO REY",
        "description": "Frente de la Mz. B Lote 1 y Mz. A Lote 14 del AA. HH. Naciones Unidas.\n(02) UND. ESTAC."
      }
    },
    {
      "type": "Feature",
      "geometry": {
        "type": "Point",
        "coordinates": [
          -76.99222894985618,
          -11.94255362786074
        ]
      },
      "properties": {
        "name": "P. 8 E.T.M. CRISTO REY",
        "description": "Berma lateral de la Av. Del Mercado en el sentido (Sur-Norte), frente a la Mz. E10 Lote 01, a 05.00 metros lineales de la Av. El Muro Oeste.\n(04) UND. ESTAC."
      }
    },
    {
      "type": "Feature",
      "geometry": {
        "type": "Point",
        "coordinates": [
          -76.99623611111112,
          -11.93817385599475
        ]
      },
      "properties": {
        "name": "P. 9 E.T.M. CRISTO REY",
        "description": "Ca. Nazareth en el sentido (Norte-Sur) frente a la Mz. D Lote 2 en el Asentamiento Humano Jesus de Nazareth. \n(03) UND. ESTAC."
      }
    },
    {
      "type": "Feature",
      "geometry": {
        "type": "Point",
        "coordinates": [
          -76.99658333333333,
          -11.93792222222222
        ]
      },
      "properties": {
        "name": "P. 10 E.T.M. CRISTO REY",
        "description": "Pasaje Nuevo Progreso en el sentido (Oeste-Este) frente a la Mz. C Lote 8 a 3.00 metros lineales del pasaje S/N en la Agrupación Familiar Nuevo Amanecer.\n(03) UND. ESTAC."
      }
    },
    {
      "type": "Feature",
      "geometry": {
        "type": "Point",
        "coordinates": [
          -77.00959176258306,
          -11.93921536389369
        ]
      },
      "properties": {
        "name": "P. 11 E.T.M. CRISTO REY",
        "description": "Berma lateral de la Av. Saúl Cantoral en el sentido (Sur-Norte) frente a la Mz. E Lote 11 a 5 metros lineales de la Ca. 3, referencia \"Ovalo Cristo Rey\".\n(04) UND. ESTAC."
      }
    },
    {
      "type": "Feature",
      "geometry": {
        "type": "Point",
        "coordinates": [
          -76.98980252270482,
          -11.94386431120849
        ]
      },
      "properties": {
        "name": "P. 1 A.M. 10 DE OCTUBRE 15 DE AGOSTO",
        "description": "Mz F6 costado del Mercado 10 de Octubre II Etapa a una distancia de 06.00 metros lineales del cruce con el Jr. El Paso.\n(05) UND. ESTAC."
      }
    },
    {
      "type": "Feature",
      "geometry": {
        "type": "Point",
        "coordinates": [
          -76.98884265882168,
          -11.94471122409494
        ]
      },
      "properties": {
        "name": "P. 2 A.M. 10 DE OCTUBRE 15 DE AGOSTO",
        "description": "Frontis de la Mz F-4 Lote 01 frente a la puerta principal del mercado 10 de Octubre a una distancia de 05.00 metros lineales cruce con la Av. El Muro.\n(02) UND. ESTAC."
      }
    },
    {
      "type": "Feature",
      "geometry": {
        "type": "Point",
        "coordinates": [
          -76.98691091014311,
          -11.9493611404133
        ]
      },
      "properties": {
        "name": "P. 3 A.M. 10 DE OCTUBRE 15 DE AGOSTO",
        "description": "Frontis de la Mz B Lote 01 del Jr. Peñon a una distancia de 05.00 metros lineales del cruce con la Av. Próceres de la Independencia en el AAHH. Somos Libres.\n(02) UND. ESTAC."
      }
    },
    {
      "type": "Feature",
      "geometry": {
        "type": "Point",
        "coordinates": [
          -76.99210555555555,
          -11.94578333333333
        ]
      },
      "properties": {
        "name": "P. 4 A.M. 10 DE OCTUBRE 15 DE AGOSTO",
        "description": "Frontis de la Mz D6 Lote 6 de la Ampliación 10 de Octubre.\n(02) UND. ESTAC."
      }
    },
    {
      "type": "Feature",
      "geometry": {
        "type": "Point",
        "coordinates": [
          -76.99070528316958,
          -11.94034963605217
        ]
      },
      "properties": {
        "name": "P. 5 A.M. 10 DE OCTUBRE 15 DE AGOSTO",
        "description": "Frontis de la Mz E-1 Lote 04 a una distancia de 05.00 metros lineales del cruce con el Jr. Del Cerrito el AA.HH. Su Santidad Juan Pablo II.\n(03) UND. ESTAC."
      }
    },
    {
      "type": "Feature",
      "geometry": {
        "type": "Point",
        "coordinates": [
          -76.99399012223734,
          -11.93892037557175
        ]
      },
      "properties": {
        "name": "P. 6 A.M. 10 DE OCTUBRE 15 DE AGOSTO",
        "description": "Frente a la Mz B lote 1 de la ampliación Q-17 (Ref. frente de la loza deportiva).\n(02) UND. ESTAC."
      }
    },
    {
      "type": "Feature",
      "geometry": {
        "type": "Point",
        "coordinates": [
          -77.00013319087657,
          -11.93761079960743
        ]
      },
      "properties": {
        "name": "P. 7 A.M. 10 DE OCTUBRE 15 DE AGOSTO",
        "description": "Frente a la Mz A lote 20 al costado de la loza deportiva Lomas de Casablanca del AAHH. Chavin de Huántar.\n(03) UND. ESTAC."
      }
    },
    {
      "type": "Feature",
      "geometry": {
        "type": "Point",
        "coordinates": [
          -77.0017953182213,
          -11.93961108355529
        ]
      },
      "properties": {
        "name": "P. 8 A.M. 10 DE OCTUBRE 15 DE AGOSTO",
        "description": "Frente a la Mz N lote 24, frontis del Colegio Saúl Cantoral Huamani a una distancia de 05.00 metros lineales de la intersección con la Av. Saúl Cantoral Nuevo San Juan.\n(03) UND. ESTAC."
      }
    },
    {
      "type": "Feature",
      "geometry": {
        "type": "Point",
        "coordinates": [
          -76.99434807813707,
          -11.94213884770101
        ]
      },
      "properties": {
        "name": "P. 9 A.M. 10 DE OCTUBRE 15 DE AGOSTO",
        "description": "Frente a la Mz L-9 lote 03, frontis de la Mz M-8 lote 14 a una distancia de 10.00 metros lineales de la Av. El Muro Oeste del AA.HH Juan Pablo II.\n(02) UND. ESTAC."
      }
    },
    {
      "type": "Feature",
      "geometry": {
        "type": "Point",
        "coordinates": [
          -76.99891944444444,
          -11.94155
        ]
      },
      "properties": {
        "name": "P. 10 A.M. 10 DE OCTUBRE 15 DE AGOSTO",
        "description": "Jr. Gama frontis de la Mz. O6 lote 23 cruce con la Av. El Muro Oeste del AA.HH Casablanca\nActa de acuerdo conciliatorio para compartir con la Empresa de Transporte de Mototaxis CRISTO REY SAC\n(02) UND. ESTAC."
      }
    },
    {
      "type": "Feature",
      "geometry": {
        "type": "Point",
        "coordinates": [
          -77.00107787651007,
          -11.94147500953446
        ]
      },
      "properties": {
        "name": "P. 11 A.M. 10 DE OCTUBRE 15 DE AGOSTO",
        "description": "calle 48 frontis de la Mz 011 Lote 02 a una distancia de 60.00 metros de la Av. De la Amistad del AA.HH. Casablanca.\n(04) UND. ESTAC."
      }
    },
    {
      "type": "Feature",
      "geometry": {
        "type": "Point",
        "coordinates": [
          -77.0035653015276,
          -11.939475
        ]
      },
      "properties": {
        "name": "P. 12 A.M. 10 DE OCTUBRE 15 DE AGOSTO",
        "description": "Calle 10 frontis de la Mz. K lote 04 a una distancia de 06.00 metros de la Av. Saul Cantoral Huamani.\n(02) UND. ESTAC."
      }
    },
    {
      "type": "Feature",
      "geometry": {
        "type": "Point",
        "coordinates": [
          -77.00627505074578,
          -11.93831660078925
        ]
      },
      "properties": {
        "name": "P. 13 A.M. 10 DE OCTUBRE 15 DE AGOSTO",
        "description": "Pasaje 12 frontis de la Mz. U2 Lote 01 a una distancia de 06.00 metros de la Av. Saul Cantoral Huamani del AA.HH. Juan Valer Sandoval.\n(03) UND. ESTAC."
      }
    },
    {
      "type": "Feature",
      "geometry": {
        "type": "Point",
        "coordinates": [
          -76.98529294115623,
          -11.94748791684917
        ]
      },
      "properties": {
        "name": "P. 1 E.T. LA FE ACTIVA",
        "description": "El Muro Oeste (Berma Lateral en el sentido: Oeste - Este), en el frontis del predio Mz. A-15 Lote 01 con aproximación al Pasaje Somos Libres del AA. HH. 10 de Octubre\n(02) UND. ESTAC."
      }
    },
    {
      "type": "Feature",
      "geometry": {
        "type": "Point",
        "coordinates": [
          -76.98953459688308,
          -11.94814711708396
        ]
      },
      "properties": {
        "name": "P. 2 E.T. LA FE ACTIVA",
        "description": "Jr. Grande (Berma Lateral en el sentido: Sur - Norte), en el frontis del predio Mz. B-10 Lote 4 con aproximación al Jr. José Vizcardo y Guzmán del AA. HH. 10 de Octubre\n(02) UND. ESTAC."
      }
    },
    {
      "type": "Feature",
      "geometry": {
        "type": "Point",
        "coordinates": [
          -76.99111180213525,
          -11.94339336615587
        ]
      },
      "properties": {
        "name": "P. 3. E.T. LA FE ACTIVA",
        "description": "Berma lateral de la Ca. Famacia (antes V-28), frente de la Mz. \"D1P.\" Lote 20 (Urb. Juan Pablo Segundo), en el sentido del tránsito Sur-Norte, lado Este, a 5.00 metros de la Av. Del Muro Oeste.\n(02) UND. ESTAC."
      }
    },
    {
      "type": "Feature",
      "geometry": {
        "type": "Point",
        "coordinates": [
          -77.00614175067629,
          -11.93720085954946
        ]
      },
      "properties": {
        "name": "P. 4. E.T. LA FE ACTIVA",
        "description": "Calle Los Claveles frente a la Mz \"D\", Lote 15, AA. HH. Juan Valer Sandoval, en el sentido Oeste-Este, referencia Loza deportiva (AA. HH. PI Nuevo San Juan Parcela).\n(01) UND. ESTAC."
      }
    },
    {
      "type": "Feature",
      "geometry": {
        "type": "Point",
        "coordinates": [
          -77.000810383871,
          -11.93683732904482
        ]
      },
      "properties": {
        "name": "P. 1. E. DIVINA INTE. OBJ. SOLDARIO EMDIOSA",
        "description": "Berma lateral del Pasaje los Tulipanes frontis de la Mz D Lote 5 sentido Este a Oeste a 3 metros lineales de la intersección de las margaritas, en la agrupación familiar 7 de junio\n(02) UND. ESTAC."
      }
    },
    {
      "type": "Feature",
      "geometry": {
        "type": "Point",
        "coordinates": [
          -76.99781100928907,
          -11.93804508912521
        ]
      },
      "properties": {
        "name": "P.1. E.M. 28 DE MARZO S.A.C.",
        "description": "UBICADO EN LA AV. SAUCES MZ. A FRONTIS LOTE 2 LADO SUR\n(03) UND. ESTAC."
      }
    },
    {
      "type": "Feature",
      "geometry": {
        "type": "Point",
        "coordinates": [
          -77.00247126695848,
          -11.93568902778071
        ]
      },
      "properties": {
        "name": "P.2. E.M. 28 DE MARZO S.A.C.",
        "description": "UBICADO EN LA PROLONGACION DE LA AV. PERU (BIFURCACIÓN VIAL) FRENTE A LA MZ. A LOTE 11 DE LA AGRUPACION FAMILIAR NUEVA JUVENTUD DE LAS LOMAS\n(03) UND. ESTAC."
      }
    },
    {
      "type": "Feature",
      "geometry": {
        "type": "Point",
        "coordinates": [
          -76.9965023836374,
          -11.94168111411304
        ]
      },
      "properties": {
        "name": "P.3. E.M. 28 DE MARZO S.A.C.",
        "description": "UBICADO EN LA PROLONGACION DE LA CALLE MARTINEZ CAMPOS FRONTIS DE LA MZ 10 LOTE 1 DE LA AGRUPACIÓN FAMILIAR SU SANTIDAD JUAN PABLO II 2DA ETAPA\n(02) UND. ESTAC."
      }
    },
    {
      "type": "Feature",
      "geometry": {
        "type": "Point",
        "coordinates": [
          -76.99637686126148,
          -11.94182271413894
        ]
      },
      "properties": {
        "name": "P.4. E.M. 28 DE MARZO S.A.C.",
        "description": "UBICADO SOBRE LA BERMA LATERAL DE LA AV. EL MURO SENTIDO DE SUR A NORTE COLINDANTE A LA MZ. M10 LT. 01 CON APROXIMACIÓN AL JR. ARSENIO MARTINEZ CAMPOS - URBANIZACIÓN MARISCAL ANDRES AVELINO CACERES\n(04) UND. ESTAC."
      }
    },
    {
      "type": "Feature",
      "geometry": {
        "type": "Point",
        "coordinates": [
          -76.9801750547766,
          -11.9412746978609
        ]
      },
      "properties": {
        "name": "P. 1 E.T.M. SERV. AGUILAS NEGRAS",
        "description": "Jr. El Final a 05.00 metros del cruce con la Av, Próceres de la Independencia.\n(04) UND. ESTAC."
      }
    },
    {
      "type": "Feature",
      "geometry": {
        "type": "Point",
        "coordinates": [
          -76.97694336867492,
          -11.94859302650331
        ]
      },
      "properties": {
        "name": "P. 2. E.T.M. SERV. AGUILAS NEGRAS",
        "description": "Jr. Belisario Suarez a 01 cuadra de la Av. Circunvalación sentido Este AA. HH. Ciudad de los Constructores."
      }
    },
    {
      "type": "Feature",
      "geometry": {
        "type": "Point",
        "coordinates": [
          -76.98157857648737,
          -11.94385181516041
        ]
      },
      "properties": {
        "name": "P.3 E.T.M. SERV. AGUILS NEGRAS",
        "description": "Av. Ampliación Este frontis de la Mz. P-15 Lote 02 cruce con la Av, Próceres de la Independencia.\n(03) UND. ESTAC."
      }
    },
    {
      "type": "Feature",
      "geometry": {
        "type": "Point",
        "coordinates": [
          -76.97788714021839,
          -11.94631930181253
        ]
      },
      "properties": {
        "name": "P. 4 E.T.M. SERV. AGUILAS NEGRAS",
        "description": "\"Av. Ampliación cruce con la Av. Central junto a los lotes 4 y 5 de la Mz, R-01 (a 10.00 metros de la Av, Central) en sentido Oeste-Este\"\n(04) UND. ESTAC."
      }
    },
    {
      "type": "Feature",
      "geometry": {
        "type": "Point",
        "coordinates": [
          -76.97386543995572,
          -11.94841210738626
        ]
      },
      "properties": {
        "name": "P. 5 E.T.M. SERV. AGUILAS NEGRAS",
        "description": "\"frontia a los lotes 09 y 10 de la Mz. L 4to Sector (San José Obrero) de la Urb. Mariscal Cáceres en sentido Sur-Norte,\"\n(04) UND. ESTAC."
      }
    },
    {
      "type": "Feature",
      "geometry": {
        "type": "Point",
        "coordinates": [
          -76.97484314023696,
          -11.94477538440778
        ]
      },
      "properties": {
        "name": "P. 6 E.T.M. SERV. AGUILAS NEGRAS",
        "description": "Av, Circunvalación con el Jr. El Final junto a los lotes 04 y 05 de la Mz. L del AA, HH. Señor de Muruhuay, en sentido Sur-Norte.\n(03) UND. ESTAC."
      }
    },
    {
      "type": "Feature",
      "geometry": {
        "type": "Point",
        "coordinates": [
          -76.97401031051467,
          -11.95001679847916
        ]
      },
      "properties": {
        "name": "P. 7 E.T.M. SERV. AGUILAS NEGRAS",
        "description": "\"frontis a los lotes 12 y 13 de la Mz. E-1 del AA. HH. Ampliación de la Cludad de Los Constructores, sentido de Oeste-Este.\"\n(03) UND. ESTAC."
      }
    },
    {
      "type": "Feature",
      "geometry": {
        "type": "Point",
        "coordinates": [
          -76.97529080091086,
          -11.95020070532953
        ]
      },
      "properties": {
        "name": "P. 8 E.T.M. SERV. AGUILAS NEGRAS",
        "description": "Frontis del Pasaje Loreto, Mz. \"B2\"Lote \"01\" y la Mz, \"B1\" Lote 01, en el AA HH Agrupación Familiar Unidos al Desarrollo Ampliación de Constructores II Etapa.\n(02) UND. ESTAC."
      }
    },
    {
      "type": "Feature",
      "geometry": {
        "type": "Point",
        "coordinates": [
          -76.97181111111111,
          -11.95068611111111
        ]
      },
      "properties": {
        "name": "P. 9 E.T.M. SERV. AGUILAS NEGRAS",
        "description": "\"Frontis del lote 01 de la Mz. A.4 en el AA, HH. Agrupación Familiar Unidos al Desarrollo Ampliación de Constructores Il Etapa - San Juan de Lurigancho.\"\n(03) UND. ESTAC."
      }
    },
    {
      "type": "Feature",
      "geometry": {
        "type": "Point",
        "coordinates": [
          -76.9824325184801,
          -11.94479178600447
        ]
      },
      "properties": {
        "name": "P.10 E.T.M. SERV. AGUILS NEGRAS",
        "description": "frontis del lote 01 de la Mz. P-16 de la Urb. Mariscal Cáceres a 05.00 metros de la Av. Wiesse.\n(03) UND. ESTAC."
      }
    },
    {
      "type": "Feature",
      "geometry": {
        "type": "Point",
        "coordinates": [
          -76.97595,
          -11.94897777777778
        ]
      },
      "properties": {
        "name": "P. 11 E.T.M. SERV. AGUILAS NEGRAS",
        "description": "Frontis del lote 35 de la Mz. E de la Ciudad de los Constructores /| Etapa.\n(04) UND. ESTAC."
      }
    },
    {
      "type": "Feature",
      "geometry": {
        "type": "Point",
        "coordinates": [
          -76.97630762341001,
          -11.9498393927753
        ]
      },
      "properties": {
        "name": "P. 12 E.T.M. SERV. AGUILAS NEGRAS",
        "description": "\"Frente de la Mz.D, Lote 04, Ciudad de los Constructores Il Etapa, en sentido de sur a norte.\"\n(02) UND. ESTAC."
      }
    },
    {
      "type": "Feature",
      "geometry": {
        "type": "Point",
        "coordinates": [
          -76.97663801583116,
          -11.94363976960665
        ]
      },
      "properties": {
        "name": "P. 13 E.T.M. SERV. AGUILAS NEGRAS",
        "description": "Jr. Final en la Mz. T2 en el frontis del lote 12 y 13.\n(02) UND. ESTAC."
      }
    },
    {
      "type": "Feature",
      "geometry": {
        "type": "Point",
        "coordinates": [
          -76.97813442228615,
          -11.94268387293424
        ]
      },
      "properties": {
        "name": "P. 14 E.T.M. SERV. AGUILAS NEGRAS",
        "description": "Jr. Intermedio entre las Mz. S2 en el lote 15, en sentido de Norte a Sur.\n(02) UND. ESTAC."
      }
    },
    {
      "type": "Feature",
      "geometry": {
        "type": "Point",
        "coordinates": [
          -76.97990334008502,
          -11.94522898393522
        ]
      },
      "properties": {
        "name": "P. 15 E.T.M. SERV. AGUILAS NEGRAS",
        "description": "Jr. Intermedio entre las Mz. P2 lote 18 frontis de la Mz. Q1 lote 01, sentido de Norte a Sur.\n(02) UND. ESTAC."
      }
    },
    {
      "type": "Feature",
      "geometry": {
        "type": "Point",
        "coordinates": [
          -76.9764435187538,
          -11.94706124064294
        ]
      },
      "properties": {
        "name": "P. 16 E.T.M. SERV. AGUILAS NEGRAS",
        "description": "Jr. Circunvalación en la Mz. V10 lote 13 en el frontis de la Mz. V9 lote 25, en sentido de Norte a Sur.\n(03) UND. ESTAC."
      }
    },
    {
      "type": "Feature",
      "geometry": {
        "type": "Point",
        "coordinates": [
          -76.97828984795709,
          -11.94557151517453
        ]
      },
      "properties": {
        "name": "P. 17. E.T.M. SERV. AGUILAS NEGRAS",
        "description": "Av. Ampliación este s/n Mz. T9 Lt 29 y 30 Urb. Mariscal Cáceres\n(03) UND. ESTAC."
      }
    },
    {
      "type": "Feature",
      "geometry": {
        "type": "Point",
        "coordinates": [
          -76.97236397267638,
          -11.94712970259064
        ]
      },
      "properties": {
        "name": "P.1. E.T.S. SAN JOSE OBRERO S.A.",
        "description": "UBICADO EN LA CALLE LOS INCAS CRUCE CON EL PASAJE MACHUPICCHU, FRENTE A LA MZ. B2 LOTE 15 Y 16 - AGRUPACIÓN FAMNILIAR RINCONADA DEL SOL DE MARISCAL CACERES\n(03) UND. ESTAC."
      }
    },
    {
      "type": "Feature",
      "geometry": {
        "type": "Point",
        "coordinates": [
          -76.97967868456368,
          -11.94284242165407
        ]
      },
      "properties": {
        "name": "P.2. E.T.S. SAN JOSE OBRERO S.A.",
        "description": "UBICADO EN EL FRONTIS DE LA MZ. S15 LOTE 17 CRUCE CON CALLE 65 (JR. DOMINGO NIETO) MARINO DE LOS SANTOS (FRENTE A LA MZ. T9 MARISCAL CACERES)\n(01) UND. ESTAC."
      }
    },
    {
      "type": "Feature",
      "geometry": {
        "type": "Point",
        "coordinates": [
          -76.98859166666666,
          -11.94413055555556
        ]
      },
      "properties": {
        "name": "P. 1 A.M. AMOMA MARIATEGUI",
        "description": "Frontis de la Mz F-7 lote 23 del AA.HH. 10 de Octubre II Etapa.\n(04) UND. ESTAC."
      }
    },
    {
      "type": "Feature",
      "geometry": {
        "type": "Point",
        "coordinates": [
          -76.98975,
          -11.93832777777778
        ]
      },
      "properties": {
        "name": "P. 2 A.M. AMOMA MARIATEGUI",
        "description": "Frontis de la Mz P-1 lote 27 (Ref. Botica Sagrado Corazón de Jesús) del AA.HH. Jose Carlos Mariátegui.\n(04) UND. ESTAC."
      }
    },
    {
      "type": "Feature",
      "geometry": {
        "type": "Point",
        "coordinates": [
          -76.9933618283233,
          -11.93854543773249
        ]
      },
      "properties": {
        "name": "P. 3 A.M. AMOMA MARIATEGUI",
        "description": "Av. El Cerrito Frente a la Mz. Q-17 lote 11 del AA.HH. Las Galeras -José Carlos Mariátegui.\n(04) UND. ESTAC."
      }
    },
    {
      "type": "Feature",
      "geometry": {
        "type": "Point",
        "coordinates": [
          -76.98720598100084,
          -11.94311011812725
        ]
      },
      "properties": {
        "name": "P. 4 A.M. AMOMA MARIATEGUI",
        "description": "Frente de la Mz 1-08 lote 32 AA.HH. José Carlos Mariátegui.\n(06) UND. ESTAC."
      }
    },
    {
      "type": "Feature",
      "geometry": {
        "type": "Point",
        "coordinates": [
          -76.98380073997328,
          -11.9453518387105
        ]
      },
      "properties": {
        "name": "P. 5 A.M. AMOMA MARIATEGUI",
        "description": "Frontis de la Mz G-8 lote 34 del AA.HH. José Carlos Mariátegui.\n(03) UND. ESTAC."
      }
    },
    {
      "type": "Feature",
      "geometry": {
        "type": "Point",
        "coordinates": [
          -76.98679955453603,
          -11.94338249286368
        ]
      },
      "properties": {
        "name": "P. 6 A.M. AMOMA MARIATEGUI",
        "description": "Av. Del Cruce frontis de la Mz 1-09 lote 03 a una distancia de 15.00 metros de la puerta del mercado La Feria del AA.HH. José Carlos Mariátegui en el sentido Oeste-Este.\n(03) UND. ESTAC."
      }
    },
    {
      "type": "Feature",
      "geometry": {
        "type": "Point",
        "coordinates": [
          -76.98239567412465,
          -11.94311886861832
        ]
      },
      "properties": {
        "name": "P. 7 A.M. AMOMA MARIATEGUI",
        "description": "Av. Ampliación frontis de la Mz K-19 lote 21-B del AA. HH. José Carlos Mariátegui en el sentido Este-Oeste.\n(05) UND. ESTAC."
      }
    },
    {
      "type": "Feature",
      "geometry": {
        "type": "Point",
        "coordinates": [
          -76.99087330408851,
          -11.9298369068379
        ]
      },
      "properties": {
        "name": "P. 8 A.M. AMOMA MARIATEGUI",
        "description": "Mercado El Trebol frontis de la Mz. V-3 lote 4 a una distancia de 10.00 metros de la puerta N° 4, en el sentido Este-Oeste.\n(06) UND. ESTAC."
      }
    },
    {
      "type": "Feature",
      "geometry": {
        "type": "Point",
        "coordinates": [
          -76.9891201724084,
          -11.93504159496888
        ]
      },
      "properties": {
        "name": "P. 9 A.M. AMOMA MARIATEGUI",
        "description": "Jr. El Parque frontis de la Mz S-1 lote 4, frente a la Mz R-1 (altura del Colegio Juan Velasco Alvarado) a una distancia de 15.00 metros de la intersección con la Av. Pampa Alta en el sentido Sur-Norte.\n(04) UND. ESTAC."
      }
    },
    {
      "type": "Feature",
      "geometry": {
        "type": "Point",
        "coordinates": [
          -76.98817342249525,
          -11.93911397341326
        ]
      },
      "properties": {
        "name": "P. 10 A.M. AMOMA MARIATEGUI",
        "description": "Frontis de la Mz P-9 lote 1 del Estadio Monumental José Carlos Mariátegui a una distancia de 15.00 metros de la Av. Ampliación en el sentido Noreste-Sureste.\n(04) UND. ESTAC."
      }
    },
    {
      "type": "Feature",
      "geometry": {
        "type": "Point",
        "coordinates": [
          -76.9854888888889,
          -11.94706111111111
        ]
      },
      "properties": {
        "name": "P. 11 A.M. AMOMA MARIATEGUI",
        "description": "Jr. Canto Grande frontis de la Mz G-2 lote 24 frente a la Mz G-8 lote 14 (altura del paradero 5 Av. Wiesse) en el sentido Noreste-Suroeste.\n(02) UND. ESTAC."
      }
    },
    {
      "type": "Feature",
      "geometry": {
        "type": "Point",
        "coordinates": [
          -76.99342807021199,
          -11.93540221276612
        ]
      },
      "properties": {
        "name": "P. 12 A.M. AMOMA MARIATEGUI",
        "description": "Agrupación Familiar Los Peruanos Unidos Q-26A frente de la Mz A1.\n(05) UND. ESTAC."
      }
    },
    {
      "type": "Feature",
      "geometry": {
        "type": "Point",
        "coordinates": [
          -76.98727063636227,
          -11.94012553816369
        ]
      },
      "properties": {
        "name": "P. 13 A.M. AMOMA MARIATEGUI",
        "description": "Frontis de la Mz J-1, lote 24 del AA.HH. José Carlos Mariátegui.\n(02) UND. ESTAC."
      }
    },
    {
      "type": "Feature",
      "geometry": {
        "type": "Point",
        "coordinates": [
          -76.98657115670014,
          -11.93739258405569
        ]
      },
      "properties": {
        "name": "P. 14 A.M. AMOMA MARIATEGUI",
        "description": "Frontis de la Mz K 21 lote 5 pasaje s/n cruce con el Jr. Pampilla del AA.HH. José Carlos Mariátegui, Ciudad Mariscal Cáceres.\n(05) UND. ESTAC."
      }
    },
    {
      "type": "Feature",
      "geometry": {
        "type": "Point",
        "coordinates": [
          -76.99273055555555,
          -11.93565
        ]
      },
      "properties": {
        "name": "P. 15 A.M. AMOMA MARIATEGUI",
        "description": "Pasaje Q-6 frontis de Mz Q-21 Lote 32 de la Ampliación N° 02 de José Carios Mariátegui\n(05) UND. ESTAC."
      }
    },
    {
      "type": "Feature",
      "geometry": {
        "type": "Point",
        "coordinates": [
          -76.99031364000685,
          -11.93924403024166
        ]
      },
      "properties": {
        "name": "P. 16 A.M. AMOMA MARIATEGUI",
        "description": "Pasaje s/n frontis de la Mz. Q-9 Lote 02 cruce con la Av. El Mercado del AA. HH. José Carlos Mariátegui.\n(04) UND. ESTAC."
      }
    },
    {
      "type": "Feature",
      "geometry": {
        "type": "Point",
        "coordinates": [
          -76.98983996798557,
          -11.93837779364253
        ]
      },
      "properties": {
        "name": "P. 17. A.M. AMOMA MARIATEGUI",
        "description": "Av. Del Mercado en el lado opuesto del frontis de la Mz. Q8- lote 5,6 (referencia antes del cruce con la Av. Ampliación Oeste) con orientación de Sur a Norte\n(05) UND. ESTAC."
      }
    },
    {
      "type": "Feature",
      "geometry": {
        "type": "Point",
        "coordinates": [
          -76.98881094434876,
          -11.93885916879042
        ]
      },
      "properties": {
        "name": "P. 18. A.M. AMOMA MARIATEGUI",
        "description": "15 metros del frontis de la puerta N° 01 del Mercado Modelo José Carlos Mariátegui con orientación de Este a Oeste.\n(04) UND. ESTAC."
      }
    },
    {
      "type": "Feature",
      "geometry": {
        "type": "Point",
        "coordinates": [
          -76.99129961505766,
          -11.93007937122713
        ]
      },
      "properties": {
        "name": "P. 1 E.T. SARMIENTO S.A.C.",
        "description": "Berma lateral de la Av. Prolongación Pampa Alta, frontis con el Mercado El Trébol, y frente a la Mz. X1, Lote 27, 28, y 29, del AA.HH. José Carlos Mariátegui, en el sentido Este - Oeste, Lado Norte.\"\n(05) UND. ESTAC."
      }
    },
    {
      "type": "Feature",
      "geometry": {
        "type": "Point",
        "coordinates": [
          -76.99042380794275,
          -11.92950505001598
        ]
      },
      "properties": {
        "name": "P. 2 E.T. SARMIENTO S.A.C.",
        "description": "Puerta N° 5, del Mercado El Trébol, en el pasaje 16, frontis de la Mz. U 1, entre los lotes 24 y 25, en el AA.HH. José Carlos Mariátegui, de la Ampliación V Etapa.\n(02) UND. ESTAC."
      }
    },
    {
      "type": "Feature",
      "geometry": {
        "type": "Point",
        "coordinates": [
          -76.99481944444445,
          -11.9212
        ]
      },
      "properties": {
        "name": "P. 3 E.T. SARMIENTO S.A.C.",
        "description": "Av. Central, frontis de la Mz. K, Lote 5, frente a la Mz. M, Lote 5, del AA.HH. José Carlos Mariátegui, V Etapa, Parcela 2, de la Agrupación Familiar Los Álamos, Sector 1.\n(02) UND. ESTAC."
      }
    },
    {
      "type": "Feature",
      "geometry": {
        "type": "Point",
        "coordinates": [
          -76.99230833333334,
          -11.92908075028983
        ]
      },
      "properties": {
        "name": "P. 4 E.T. SARMIENTO S.A.C.",
        "description": "Frente a la Mz. A, Lote 12 (Ref. lado de la loza deportiva), de la Agrupación Familiar Los Ángeles, de la Ampliación V5A, del 3° Sector, del AA.HH. José Carlos Mariátegui.\"\n(02) UND. ESTAC."
      }
    },
    {
      "type": "Feature",
      "geometry": {
        "type": "Point",
        "coordinates": [
          -76.99175982819976,
          -11.92201201392129
        ]
      },
      "properties": {
        "name": "P. 5 E.T. SARMIENTO S.A.C.",
        "description": "\"Calle Principal, frontis de la Mz. E, Lote 18, frente a la Mz. D, Lote 17, del AA.HH. José Carlos Mariátegui, Ampliación, V Etapa, de la Agrupación Familiar 12 de Octubre.\"\n(02) UND. ESTAC."
      }
    },
    {
      "type": "Feature",
      "geometry": {
        "type": "Point",
        "coordinates": [
          -76.99063787217308,
          -11.93190915204418
        ]
      },
      "properties": {
        "name": "P. 6 E.T. SARMIENTO S.A.C.",
        "description": "Berma lateral derecho de la Calle El Llano, en sentido Sur - Norte, a 15 metros antes de la Prolongación del Pasaje 14 (frente a la Mz. X14, Lote 2).\n(03) UND. ESTAC."
      }
    },
    {
      "type": "Feature",
      "geometry": {
        "type": "Point",
        "coordinates": [
          -76.9888379308952,
          -11.93225919290035
        ]
      },
      "properties": {
        "name": "P. 7  E.T. SARMIENTO S.A.C.",
        "description": "Pasaje 1, frontis de la Mz. T-1, Lote 2, a una distancia de 10.00 metros lineales de la Av. Pampa Alta, del AA.HH. José Carlos Mariátegui, V Etapa, Parcela 8. \n(04) UND. ESTAC."
      }
    },
    {
      "type": "Feature",
      "geometry": {
        "type": "Point",
        "coordinates": [
          -76.98707621169446,
          -11.94200827757948
        ]
      },
      "properties": {
        "name": "P. 8 E.T. SARMIENTO S.A.C.",
        "description": "Prolongación de la Calle 1 (Jr. Aurelio Munguía), frontis de la Mz. 1 6, Lote 2, cruce con el Jr. Juan José Segovia (Jr. Las Lomas), de la Ciudad Mariscal Cáceres, Sector III (Ref. frontis del comedor).\n(04) UND. ESTAC."
      }
    },
    {
      "type": "Feature",
      "geometry": {
        "type": "Point",
        "coordinates": [
          -76.98894408941344,
          -11.93727754335788
        ]
      },
      "properties": {
        "name": "P. 9 E.T. SARMIENTO S.A.C.",
        "description": "Jr. Pampilla, cruce con la Av. Pampa Alta, frontis de la Mz. P 2, Lote 1 (margen izquierda), del AA.HH. José Carlos Mariátegui, Ciudad Mariscal Cáceres, Sector III.\n(04) UND. ESTAC."
      }
    },
    {
      "type": "Feature",
      "geometry": {
        "type": "Point",
        "coordinates": [
          -76.99235371030176,
          -11.93122694190268
        ]
      },
      "properties": {
        "name": "P. 10. E.T. SARMIENTO S.A.C.",
        "description": "\"Calle Quebrada, V Etapa, frontis a la Mz. W 4, Lote 50, de la Ampliación, V Etapa, del AA.HH. José Carlos Mariátegui, a la altura del paradero de la Empresa de Transportes Urbanos R-28.\"\n(03) UND. ESTAC."
      }
    },
    {
      "type": "Feature",
      "geometry": {
        "type": "Point",
        "coordinates": [
          -76.99003632817546,
          -11.92791734868125
        ]
      },
      "properties": {
        "name": "P. 11 E.T. SARMIENTO S.A.C.",
        "description": "Frontis de un parque de la Mz. V 1, Lote 29, de la Ampliación, V Etapa, AA.HH. José Carlos Mariátegui, a la altura del paradero de la Empresa de Transportes Urbano ROMA-1.\"\n(04) UND. ESTAC."
      }
    },
    {
      "type": "Feature",
      "geometry": {
        "type": "Point",
        "coordinates": [
          -76.99474272267479,
          -11.92336767546887
        ]
      },
      "properties": {
        "name": "P. 12 E.T. SARMIENTO S.A.C.",
        "description": "Calle Central, frontis de la Mz. C, Lote 9, frente a la Mz. A, Lote 6, de la Agrupación Familiar N° 3, de la Ampliación V5A.\n(04) UND. ESTAC."
      }
    },
    {
      "type": "Feature",
      "geometry": {
        "type": "Point",
        "coordinates": [
          -76.98078895848312,
          -11.94083176315687
        ]
      },
      "properties": {
        "name": "P. 13 E.T. SARMIENTO S.A.C.",
        "description": "Berma lateral derecho del Jr. Final, en sentido de Oeste - Este, a 10 metros, antes de la auxiliar de la Av. Fernando Wiesse (frontis Mz. K11, Lote 12).\n(03) UND. ESTAC."
      }
    },
    {
      "type": "Feature",
      "geometry": {
        "type": "Point",
        "coordinates": [
          -76.98891665556306,
          -11.92675405481681
        ]
      },
      "properties": {
        "name": "P. 14 E.T. SARMIENTO S.A.C.",
        "description": "Pasaje s/n, frente a la Mz. A, Lote 2, de la Agrupación Familiar Nueva Generación, Ampliación A y B.\"\n(03) UND. ESTAC."
      }
    },
    {
      "type": "Feature",
      "geometry": {
        "type": "Point",
        "coordinates": [
          -76.99165391996691,
          -11.93635094129413
        ]
      },
      "properties": {
        "name": "P.1. E.M. JACEM S.A.C. - EMMULJACEM S.A.C.",
        "description": "UBICADO EN EL FRONTIS DE LA MZ Q1 LOTE 11 (REF. PASAJE 4) SECTOR SANTA CRUZ, AAHH JOSE CARLOS MARIATEGUI\n(02) UND. ESTAC."
      }
    },
    {
      "type": "Feature",
      "geometry": {
        "type": "Point",
        "coordinates": [
          -76.97673333333333,
          -11.93929722222222
        ]
      },
      "properties": {
        "name": "P. 1 A.M. AMMA",
        "description": "Calle 60 frontis de la Mz. A Lote 20 Grupo 5 del AA. HH. Cruz de Motupe a 10.00 metros de la Via Auxiliar de la Av. Próceres de la Independencia (Ex Av. Wiesse) en el sentido Oeste-Este.\n(05) UND. ESTAC."
      }
    },
    {
      "type": "Feature",
      "geometry": {
        "type": "Point",
        "coordinates": [
          -76.97417379663086,
          -11.9413162909616
        ]
      },
      "properties": {
        "name": "P. 2 A.M. AMMA",
        "description": "Calle 60 frontis de la Mz. A Lote 01, frente al mercado Cruz de Motupe Grupo 4 del AA. HH. Cruz de Motupe en el sentido Oeste-Este.\n(03) UND. ESTAC."
      }
    },
    {
      "type": "Feature",
      "geometry": {
        "type": "Point",
        "coordinates": [
          -76.97081111111112,
          -11.94333832324041
        ]
      },
      "properties": {
        "name": "P. 3 A.M. AMMA",
        "description": "Calle A frente a la Mz. B Lote 08 cerca al pasaje B del AA. HH. 1° de Mayo\n(02) UND. ESTAC."
      }
    },
    {
      "type": "Feature",
      "geometry": {
        "type": "Point",
        "coordinates": [
          -76.97833055555556,
          -11.9396651148204
        ]
      },
      "properties": {
        "name": "P. 4 A.M. AMMA",
        "description": "Calle 61 frente a la Mz. B Lote 17 Grupo 1 del del AA. HH. Cruz de Motupe en el sentido Oeste-Este\n(04) UND. ESTAC."
      }
    },
    {
      "type": "Feature",
      "geometry": {
        "type": "Point",
        "coordinates": [
          -76.97155901516194,
          -11.9404420927856
        ]
      },
      "properties": {
        "name": "P. 5 A.M. AMMA",
        "description": "Frontis de la Mz. B Lote 20 y 21 a una distancia de 20 metros lineales a la Av. Central Grupo 4 AA. HH. Cruz de Motupe.\n(03) UND. ESTAC."
      }
    },
    {
      "type": "Feature",
      "geometry": {
        "type": "Point",
        "coordinates": [
          -76.97423106857502,
          -11.94175338706923
        ]
      },
      "properties": {
        "name": "P. 6 A.M. AMMA",
        "description": "Calle 18 frontis de la Mz. C Lote 20 del AA. HH. Cruz de Motupe (Frente al Mercado Modelo Cruz de Motupe)\n(05) UND. ESTAC."
      }
    },
    {
      "type": "Feature",
      "geometry": {
        "type": "Point",
        "coordinates": [
          -76.97418055555556,
          -11.93905190597191
        ]
      },
      "properties": {
        "name": "P. 7 A.M. AMMA",
        "description": "Calle 6 frontis de la Mz. C lote 17 y 18 Grupo 5 del AA. HH. Cruz de Motupe\n(02) UND. ESTAC."
      }
    },
    {
      "type": "Feature",
      "geometry": {
        "type": "Point",
        "coordinates": [
          -76.97284722222223,
          -11.94352683432371
        ]
      },
      "properties": {
        "name": "P. 8 A.M. AMMA",
        "description": "Calle 61 frontis de la Mz. H Lote 04 frente a la Mz. 1 3 Lote 16 del AA. HH. Cruz de Motupe\n(02) UND. ESTAC."
      }
    },
    {
      "type": "Feature",
      "geometry": {
        "type": "Point",
        "coordinates": [
          -76.97356111111111,
          -11.9456
        ]
      },
      "properties": {
        "name": "P. 9 A.M. AMMA",
        "description": "Frontis de la Mz. I Lote 19 de la Agrupación Familiar Nueva Imagen\n(02) UND. ESTAC."
      }
    },
    {
      "type": "Feature",
      "geometry": {
        "type": "Point",
        "coordinates": [
          -76.97232777777778,
          -11.94609444444444
        ]
      },
      "properties": {
        "name": "P. 10 A.M. AMMA",
        "description": "Berma lateral de la Calle 1 a la altura de la Mz. U Lote 4 y Lote 5 en el sentido Oeste-Este, lado norte, cruce con Psje. Los Destellos en la Agrupación Familiar Nueva Imagen.\n(03) UND. ESTAC."
      }
    },
    {
      "type": "Feature",
      "geometry": {
        "type": "Point",
        "coordinates": [
          -76.97318126724642,
          -11.94599809073516
        ]
      },
      "properties": {
        "name": "P. 11 A.M. AMMA",
        "description": "Berma lateral de la Calle 1 a la altura de la Mz. H Lote 14A en el sentido Oeste-Este, lado norte, cruce con Psje. Los Suspiros en la Agrupación Familiar Nueva Imagen.\n(03) UND. ESTAC."
      }
    },
    {
      "type": "Feature",
      "geometry": {
        "type": "Point",
        "coordinates": [
          -76.97162743159838,
          -11.94685761432325
        ]
      },
      "properties": {
        "name": "P. 12. A.M. AMMA",
        "description": "Inicio de la bifurcación de la calle Basilio Auqui, frente a la Mz. D13 (conocido como \"Casa Grande\") perteneciente a la Asociación Ampliación Rinconada \n(02) UND. ESTAC."
      }
    },
    {
      "type": "Feature",
      "geometry": {
        "type": "Point",
        "coordinates": [
          -76.98010077785291,
          -11.9412581872658
        ]
      },
      "properties": {
        "name": "P. 13. A.M. AMMA",
        "description": "Jr. Final, frontis de la Mz. A, Lt. 15 a unos 4 metros de la auxiliar de la Av. Fernando Wiesse.\n(03) UND. ESTAC."
      }
    },
    {
      "type": "Feature",
      "geometry": {
        "type": "Point",
        "coordinates": [
          -76.9684008781913,
          -11.94407964698427
        ]
      },
      "properties": {
        "name": "P. 14. A.M. AMMA",
        "description": "Frente del frontis de la Mz I1, Lt. 01, Pasaje Aposanto, Agrupación Familiar Hacia el Desarrollo\n(02) UND. ESTAC."
      }
    },
    {
      "type": "Feature",
      "geometry": {
        "type": "Point",
        "coordinates": [
          -76.96752210071342,
          -11.93923362393727
        ]
      },
      "properties": {
        "name": "P. 1 E.T. CESAR VALLEJO MONTENEGRO",
        "description": "Berma Lateral del Jr. Aral frontis del predio Mz. Di Lote 28 con aproximación a la Calle A correspondiente al AA. HH. Cesar Vallejo.\n(02) UND. ESTAC."
      }
    },
    {
      "type": "Feature",
      "geometry": {
        "type": "Point",
        "coordinates": [
          -76.96184932737194,
          -11.93927970180038
        ]
      },
      "properties": {
        "name": "P.2. E.T. CESAR VALLEJO MONTENEGRO",
        "description": "Berma Lateral de la Calle Miraflores a 10.00 metros del límite entre la Asociación de Vivienda Miraflores y la Asociación de Posesionarios Semi Industrial Moreno.\n(02) UND. ESTAC."
      }
    },
    {
      "type": "Feature",
      "geometry": {
        "type": "Point",
        "coordinates": [
          -76.9620036557471,
          -11.94112407751845
        ]
      },
      "properties": {
        "name": "P.3. E.T. CESAR VALLEJO MONTENEGRO",
        "description": "Berma Lateral de la Calle Principal frontis del predio Mz. D frente a la Mz. I (ref. Local Comunal y Loza Deportiva), correspondiente a la Agrupación Familiar 14 de Febrero.\n(02) UND. ESTAC."
      }
    },
    {
      "type": "Feature",
      "geometry": {
        "type": "Point",
        "coordinates": [
          -76.96045440616524,
          -11.94761762014157
        ]
      },
      "properties": {
        "name": "P.4. E.T. CESAR VALLEJO MONTEENGRO",
        "description": "Berma Lateral del Pasaje Los Ciruelos cruce con la Calle Los Triunfadores, correspondiente a la Agrupación Familiar Los Triunfadores.\n(02) UND. ESTAC."
      }
    },
    {
      "type": "Feature",
      "geometry": {
        "type": "Point",
        "coordinates": [
          -76.96829229611501,
          -11.93610663170353
        ]
      },
      "properties": {
        "name": "P. 5 E.T. CESAR VALLEJO MONTENEGRO",
        "description": "Berma Lateral del Jr. Mar Jónico frente a la Mz. Ñ Lt. 9 (Referencia: MERCADO POPULAR SAN ANDRES) en el sentido Sur-Norte lado Oeste, a 50.00 metros del Jr. Mar de Timor Este del AA. HH. Enrique Montenegro.\n(04) UND. ESTAC."
      }
    },
    {
      "type": "Feature",
      "geometry": {
        "type": "Point",
        "coordinates": [
          -76.96840020625466,
          -11.93357662835886
        ]
      },
      "properties": {
        "name": "P. 6 E.T. CESAR VALLEJO MONTENEGRO",
        "description": "Berma Lateral del Jr. Mar del Norte en el sentido Oeste-Este, lado Sur, en el frontis del predio Mz. U Lt. 10 con aproximación al Jr. Mar Rojo del AA. HH. Enrique Montenegro\n(04) UND. ESTAC."
      }
    },
    {
      "type": "Feature",
      "geometry": {
        "type": "Point",
        "coordinates": [
          -76.97311841202892,
          -11.93905491418254
        ]
      },
      "properties": {
        "name": "P.1. ASOC. DE MOT. NUEVA IMAGEN",
        "description": "Ubicado en la Av. Fraternidad cerca del Ovalo del AA.HH. Motupe y AA.HH. Enrique Montenegro a una distancia de 05.00 metros de la via auxiliar de la Av. Proceres de la Independencia frontis de la Mz. E del AA.HH. Cruz de Motupe Grupo 5, colindante con la Mz. A del AA.HH. Enrique Montenegro en sentido Oeste-Este.\n(05) UND. ESTAC."
      }
    },
    {
      "type": "Feature",
      "geometry": {
        "type": "Point",
        "coordinates": [
          -76.96971944444445,
          -11.94210833333333
        ]
      },
      "properties": {
        "name": "P.2. ASOC. DE MOT. NUEVA IMAGEN",
        "description": "Ubicado al frente del local comunal del AA.HH. Nueva Jerusalén entre las manzanas C y D (frente al parque Complejo Deportivo Grupo 4 de Motupe) en el sentido Sur-Norte.\n(03) UND. ESTAC."
      }
    },
    {
      "type": "Feature",
      "geometry": {
        "type": "Point",
        "coordinates": [
          -76.96734812093888,
          -11.94505933949989
        ]
      },
      "properties": {
        "name": "P.3. ASOC. DE MOT. NUEVA IMAGEN",
        "description": "Ubicado en el frontis de la Mz. X. Lt. 1 de la Agrupación Familiar hacia el Desarrollo altura del Psje. Giraldes en el sentido Sur-Norte.\n(02) UND. ESTAC."
      }
    },
    {
      "type": "Feature",
      "geometry": {
        "type": "Point",
        "coordinates": [
          -76.97475799012314,
          -11.94217214287649
        ]
      },
      "properties": {
        "name": "P.4. ASOC. DE MOT. NUEVA IMAGEN",
        "description": "Ubicado en el Jr. Mar de Arabia Este, frontis de la Mz. C Lt. 4 en el AA.HH. Cruz de Motupe III Etapa, a una distancia de 05.00 metros de la Av. Central, en el sentido Este-Oeste (referencia cerca al mercado Modelo Cruz de Motupe)\n(04) UND. ESTAC."
      }
    },
    {
      "type": "Feature",
      "geometry": {
        "type": "Point",
        "coordinates": [
          -76.9676919405094,
          -11.94390758998393
        ]
      },
      "properties": {
        "name": "P.6. ASOC. DE MOT. NUEVA IMAGEN",
        "description": "Ubicado en el Psj S/N (Huandoy) frente a la Mz. A1 Lt. 02, en el sentido al tránsito Norte-Sur, lado Oeste, a 10.00 metros del Pasaje Las Lomas (referencia Cepiloma).\n(02) UND. ESTAC."
      }
    },
    {
      "type": "Feature",
      "geometry": {
        "type": "Point",
        "coordinates": [
          -76.9689405812687,
          -11.94074215259532
        ]
      },
      "properties": {
        "name": "P.7. ASOC. DE MOT. NUEVA IMAGEN",
        "description": "Ubicado en el Pasaje Las Palmeras, frente a la Mz. B Lt. 02 (muro de contención), en el sentido al tránsito Norte-Sur, lado Oeste, AA.HH. Reincorporación (referencia losa deportiva).\n(02) UND. ESTAC."
      }
    },
    {
      "type": "Feature",
      "geometry": {
        "type": "Point",
        "coordinates": [
          -76.97137059120494,
          -11.94235762624219
        ]
      },
      "properties": {
        "name": "P.8. ASOC. DE MOT. NUEVA IMAGEN",
        "description": "Ubicado sobre la berma lateral del Jr. Mar de Japón (Ca. 30), sentido de Oeste a Este, intersección con la Av. Circunvalación, colindante a la Mz. G Lt. 12 y 13\n(03) UND. ESTAC."
      }
    },
    {
      "type": "Feature",
      "geometry": {
        "type": "Point",
        "coordinates": [
          -76.96856281208225,
          -11.9334600796808
        ]
      },
      "properties": {
        "name": "P. 1 A.M. LOS CIPRESES",
        "description": "JR. MAR DEL NORTE ESTE A UNA DISTANCIA DE 10 METROS LINEALES DE LA AV. PROCERES DE LA INDEPENDENCIA AAHH ENRIQUE MONTENEGRO \n(04) UND. ESTAC."
      }
    },
    {
      "type": "Feature",
      "geometry": {
        "type": "Point",
        "coordinates": [
          -76.97346944444445,
          -11.94189415855445
        ]
      },
      "properties": {
        "name": "P. 2 A.M. LOS CIPRESES",
        "description": "FRONTIS DE LA MZ. D LOTE 13 DEL GRUPO 3 AAHH CRUZ DE MOTUPE SENTIDO SUR A NORTE\n(04) UND. ESTAC."
      }
    },
    {
      "type": "Feature",
      "geometry": {
        "type": "Point",
        "coordinates": [
          -76.97102034559903,
          -11.93696291336485
        ]
      },
      "properties": {
        "name": "P. 3 A.M. LOS CIPRESES",
        "description": "JR MAR DE FLORES FRONTIS DE LA MZ. K. LOTE 01 A UNA DISTANCIA DE 5 METROS DE LA VIA AUXILIAR DE LA AV. PROCERES DE LA INDEPENDENCIA \n(03) UND. ESTAC."
      }
    },
    {
      "type": "Feature",
      "geometry": {
        "type": "Point",
        "coordinates": [
          -76.96644192521732,
          -11.93515300297245
        ]
      },
      "properties": {
        "name": "P. 4 A.M. LOS CIPRESES",
        "description": "JR MAR ADRIATICO FRONTIS DE LA MZ. Z LOTE 13 INTERSECCION CON JR. MAR DEL NORTE SENTIDO SUR A NORTE \n(02) UND. ESTAC."
      }
    },
    {
      "type": "Feature",
      "geometry": {
        "type": "Point",
        "coordinates": [
          -76.97065037979368,
          -11.93891534838886
        ]
      },
      "properties": {
        "name": "P. 5 A.M. LOS CIPRESES",
        "description": "CALLE 7 FRONTIS DE LA MZ. G LOTE 1 FRENTE A LA MZ. D AAHH ENRIQUE MONTENEGRO \n(03) UND. ESTAC."
      }
    },
    {
      "type": "Feature",
      "geometry": {
        "type": "Point",
        "coordinates": [
          -76.96430833333334,
          -11.94291944444445
        ]
      },
      "properties": {
        "name": "P. 6 A.M. LOS CIPRESES",
        "description": "FRONTIS DE LA MZ. A LOTE 1 DE LA ASOCIACION DE VIVIENDAS LOS HUERTOS DE CANTO GRANDE \n(03) UND. ESTAC."
      }
    },
    {
      "type": "Feature",
      "geometry": {
        "type": "Point",
        "coordinates": [
          -76.9643728119311,
          -11.9402637932041
        ]
      },
      "properties": {
        "name": "P. 7 A.M. LOS CIPRESES",
        "description": "PASAJE 3 FRONTIS DE LA MZ. N LOTE 1 FRENTE A LA MZ. Ñ DEL AAHHCESAR VALLEJO \n(02) UND. ESTAC."
      }
    },
    {
      "type": "Feature",
      "geometry": {
        "type": "Point",
        "coordinates": [
          -76.96983333333334,
          -11.94301388888889
        ]
      },
      "properties": {
        "name": "P. 8 A.M. LOS CIPRESES",
        "description": "CALLE 3 FRONTIS DE LA MZ A LOTE 06 FRENTE A LA MZ. F AAHH LOS CLAVELES\n(02) UND. ESTAC."
      }
    },
    {
      "type": "Feature",
      "geometry": {
        "type": "Point",
        "coordinates": [
          -76.96425,
          -11.94213611111111
        ]
      },
      "properties": {
        "name": "P. 9 A.M. LOS CIPRESES",
        "description": "CALLE 6 FRENTE A MZ. J LOTE 09 FRENTE A MZ. K AAHH CESAR VALLEJO\n(03) UND. ESTAC."
      }
    },
    {
      "type": "Feature",
      "geometry": {
        "type": "Point",
        "coordinates": [
          -76.96653055555556,
          -11.94014166666667
        ]
      },
      "properties": {
        "name": "P. 10 A.M. LOS CIPRESES",
        "description": "CALLE 2 FRONTIS DE LA MZ. F LOTE 01 FRENTE MZ. E AAHH CESAR VALLEJO \n(02) UND. ESTAC."
      }
    },
    {
      "type": "Feature",
      "geometry": {
        "type": "Point",
        "coordinates": [
          -76.96591676307314,
          -11.94096861764144
        ]
      },
      "properties": {
        "name": "P. 11 A.M. LOS CIPRESES",
        "description": "PASAJE 1 FRONTIS DE LA MZ. H LOTE 01 FRENTE A MZ. F AAHH CESAR VALLEJO \n(03) UND. ESTAC."
      }
    },
    {
      "type": "Feature",
      "geometry": {
        "type": "Point",
        "coordinates": [
          -76.96397875073666,
          -11.93666247744132
        ]
      },
      "properties": {
        "name": "P. 12 A.M. LOS CIPRESES",
        "description": "CALLE A FRONTIS DE LA MZ. D LOTE 01 AAHH CANGALLO \n(02) UND. ESTAC."
      }
    },
    {
      "type": "Feature",
      "geometry": {
        "type": "Point",
        "coordinates": [
          -76.97279444444445,
          -11.94400833333333
        ]
      },
      "properties": {
        "name": "P. 13 A.M. LOS CIPRESES",
        "description": "FRONTIS DE LA MZ. E LOTE 1 FRENTE A LA MZ. I DEL AAHH SANTA BARBARA\n(03) UND. ESTAC."
      }
    },
    {
      "type": "Feature",
      "geometry": {
        "type": "Point",
        "coordinates": [
          -76.96431666666668,
          -11.94381111111111
        ]
      },
      "properties": {
        "name": "P. 14 A.M. LOS CIPRESES",
        "description": "FRONTIS DE LA MZ. A LOTE 06 ASOCIACION HUERTOS DE CANTO GRANDE \n(02) UND. ESTAC."
      }
    },
    {
      "type": "Feature",
      "geometry": {
        "type": "Point",
        "coordinates": [
          -76.96338179577114,
          -11.94463862632401
        ]
      },
      "properties": {
        "name": "P. 15 A.M. LOS CIPRESES",
        "description": "FRONTIS DE LA MZ B LOTE 02 ASOCIACION HUERTOS DE CANTO GRANDE \n(02) UND. ESTAC."
      }
    },
    {
      "type": "Feature",
      "geometry": {
        "type": "Point",
        "coordinates": [
          -76.97130052792751,
          -11.94458834336487
        ]
      },
      "properties": {
        "name": "P. 16 A.M. LOS CIPRESES",
        "description": "CALLE LA CIMA FRONTIS DE LA MZ X LOTE 07 FRENTE A LA MZ S LOTE 27 AGRUPACION FAMILIAR AMPLIACION 1ERO DE MAYO III ETAPA\n(03) UND. ESTAC."
      }
    },
    {
      "type": "Feature",
      "geometry": {
        "type": "Point",
        "coordinates": [
          -76.96989280262099,
          -11.94434538376655
        ]
      },
      "properties": {
        "name": "P. 17 A.M. LOS CIPRESES",
        "description": "CALLE LA CIMA FRONTIS DE LA MZ. L LOTE 01 FRENTE A LA MZ. P DE LA AGRUPACION FAMILIAR AMPLIACION 1ERO DE MAYO \n(03) UND. ESTAC."
      }
    },
    {
      "type": "Feature",
      "geometry": {
        "type": "Point",
        "coordinates": [
          -76.96969148252671,
          -11.94292149230436
        ]
      },
      "properties": {
        "name": "P.18. A.M. LOS CIPRESES",
        "description": "FRONTIS DE LA MZ. K LOTE 01 FRENTE A LA MZ A LOTE 20 DEL PPJJ 1ERO DE MAYO \n(03) UND. ESTAC."
      }
    },
    {
      "type": "Feature",
      "geometry": {
        "type": "Point",
        "coordinates": [
          -76.96938888888889,
          -11.941825
        ]
      },
      "properties": {
        "name": "P. 19 A.M. LOS CIPRESES",
        "description": "PASAJE 5 FRONTIS DE LA MZ E LOTE 01 FRENTE A ,Z E LOTE 01 FRENTE A MZ D DEL AAHH NUEVO JERUSALEN \n(03) UND. ESTAC."
      }
    },
    {
      "type": "Feature",
      "geometry": {
        "type": "Point",
        "coordinates": [
          -76.97386723261769,
          -11.9427746137763
        ]
      },
      "properties": {
        "name": "P. 20 A.M. LOS CIPRESES",
        "description": "FRONTIS DE LA MZ D LOTE 01 Y 02 AAHH CRUZ DE MOTUPE DEL PPJJ CRUZ DE MOTUPE \n(02) UND. ESTAC."
      }
    },
    {
      "type": "Feature",
      "geometry": {
        "type": "Point",
        "coordinates": [
          -76.97022351097586,
          -11.93579285397628
        ]
      },
      "properties": {
        "name": "P. 21 A.M. LOS CIPRESES",
        "description": "FRENTE A LA MZ K LOTE 12 A UNA DISTANCIA DE 5 METROS DE LA VIA AUXILIAR DE LA AV. PROCERES DE LA INDEPENDENCIA SENTIDO ESTE A OESTE \n(05) UND. ESTAC."
      }
    },
    {
      "type": "Feature",
      "geometry": {
        "type": "Point",
        "coordinates": [
          -76.97052283172437,
          -11.93687398759357
        ]
      },
      "properties": {
        "name": "P. 22 A.M. LOS CIPRESES",
        "description": "CALLE 1 FRONTIS DE LA MZ. L LOTE 01 FRENTE A LA MZ. K LOTE 23 DEL AAHH ENRIQUE MONTENEGRO \n(03) UND. ESTAC."
      }
    },
    {
      "type": "Feature",
      "geometry": {
        "type": "Point",
        "coordinates": [
          -76.97505196151012,
          -11.9400813256429
        ]
      },
      "properties": {
        "name": "P.1. E.M. LOS AMIGOS DE RINCONADA Y ANEXOS S.A.C.",
        "description": "UBICADO EN LA BERMA LATERAL DE LA CALLE 35 (JR. MAR JONICO) FRENTE A LA MZ. J LOTE 15 EN EL SENTIDO AL TRANSITO OESTE-ESTE LADO SUR A 10.00 METROS DE LA CALLE 40 (JR. MAR DE MARMARA ESTE, REF PARROQUIA)\n(02) UND. ESTAC."
      }
    },
    {
      "type": "Feature",
      "geometry": {
        "type": "Point",
        "coordinates": [
          -76.97681451162018,
          -11.93853288716654
        ]
      },
      "properties": {
        "name": "P. 1 A.M. AMMA",
        "description": "Frontis de la Mz. E Lote 04 a una distancia de 08.00 metros del cruce con la 1v. Próceres de la Independencia en el Grupo 7 del AA. HH. Cruz de Motupe.\n(05) UND. ESTAC."
      }
    },
    {
      "type": "Feature",
      "geometry": {
        "type": "Point",
        "coordinates": [
          -76.97814760701944,
          -11.93799451441371
        ]
      },
      "properties": {
        "name": "P. 2 A.M. AMMA",
        "description": "Costado del mercado 111 de Enero frente a la Mz. M Lote 11 del Grupo 7 del AA. HH. Cruz de Motupe \n(05) UND. ESTAC."
      }
    },
    {
      "type": "Feature",
      "geometry": {
        "type": "Point",
        "coordinates": [
          -76.97784376545313,
          -11.93879780515757
        ]
      },
      "properties": {
        "name": "P. 3 A.M. AMMA",
        "description": "Frontis de la Mz. F Lote 01, frente a la Mz. E a una distancia de 04.00 metros del cruce de la Av. Próceres de la Independencia del AA. HH. Cruz de Motupe.\"\n(02) UND. ESTAC"
      }
    },
    {
      "type": "Feature",
      "geometry": {
        "type": "Point",
        "coordinates": [
          -76.97990818686124,
          -11.92977428429096
        ]
      },
      "properties": {
        "name": "P. 4 A.M. AMMA",
        "description": "Costado de la Loza deportiva Los Cipreses a una distancia de 05.00 metros del pasaje 3 en el AA. HH Almirante Miguel Grau Los Cipreses\n(02) UND. ESTAC."
      }
    },
    {
      "type": "Feature",
      "geometry": {
        "type": "Point",
        "coordinates": [
          -76.97784792037248,
          -11.9321817668222
        ]
      },
      "properties": {
        "name": "P. 5 A.M. AMMA",
        "description": "Frontis de la Mz. C Lote 01 al costado del local comunal 10 de Marzo AA. HH. 10 de Marzo.\n(03) UND. ESTAC."
      }
    },
    {
      "type": "Feature",
      "geometry": {
        "type": "Point",
        "coordinates": [
          -76.97673611111111,
          -11.93308611111111
        ]
      },
      "properties": {
        "name": "P. 6 A.M. AMMA",
        "description": "Frontis de la Mz. A Lote 17 del AA. HH. 10 de Marzo.\n(03) UND. ESTAC."
      }
    },
    {
      "type": "Feature",
      "geometry": {
        "type": "Point",
        "coordinates": [
          -76.97885814125168,
          -11.93802719962467
        ]
      },
      "properties": {
        "name": "P. 7 A.M. AMMA",
        "description": "Mz. M Lote I en el Grupo 7 del AA. HH. Cruz de Motupe.\n(04) UND. ESTAC."
      }
    },
    {
      "type": "Feature",
      "geometry": {
        "type": "Point",
        "coordinates": [
          -76.97872652597323,
          -11.93011650599557
        ]
      },
      "properties": {
        "name": "P. 8 A.M. AMMA",
        "description": "Frontis de la Mz. E Lote I del AA. HH. Los Héroes del Cenepa.\n(03) UND. ESTAC."
      }
    },
    {
      "type": "Feature",
      "geometry": {
        "type": "Point",
        "coordinates": [
          -76.97637506206263,
          -11.93361737136299
        ]
      },
      "properties": {
        "name": "P. 9 A.M. AMMA",
        "description": "Frontis de la Mz. H Lote 2 cruce con el pasaje 03 del AA. HH. Los Unidos (Ref. Frente vivero municipal N° 04 de Cruz de Motupe).\n(03) UND. ESTAC."
      }
    },
    {
      "type": "Feature",
      "geometry": {
        "type": "Point",
        "coordinates": [
          -76.97849377531286,
          -11.93439251516136
        ]
      },
      "properties": {
        "name": "P. 10 A.M. AMMA",
        "description": "Frontis de la Mz. B Lote 01 del AA. HH. Simón Bolivar.\n(03) UND. ESTAC."
      }
    },
    {
      "type": "Feature",
      "geometry": {
        "type": "Point",
        "coordinates": [
          -76.97862482081837,
          -11.93897269803545
        ]
      },
      "properties": {
        "name": "P. 11 A.M. AMMA",
        "description": "Frontis de la Mz. G Lote 24 frente a la Mz. F a una distancia de 08.00 metros de la Av. Próceres de la Independencia en el Grupo 7 del AA. HH. Cruz de Motupe.\n(03) UND. ESTAC."
      }
    },
    {
      "type": "Feature",
      "geometry": {
        "type": "Point",
        "coordinates": [
          -76.97451390473837,
          -11.93779812380563
        ]
      },
      "properties": {
        "name": "P. 12 A.M. AMMA",
        "description": "Frontis de la Mz. @ Lote 19 a una distancia de 09.00 metros del cruce con la Av. Próceres de la Independencia (Av. Wiesse) del Grupo 6 del AA. HH. Cruz de Motupe (Ref. frente al Ovalo Montenegro).\n(04) UND. ESTAC."
      }
    },
    {
      "type": "Feature",
      "geometry": {
        "type": "Point",
        "coordinates": [
          -76.97701711350784,
          -11.93765084254079
        ]
      },
      "properties": {
        "name": "P. 13 A.M. AMMA",
        "description": "Frontis de la Mz. C Lote 04 Grupo 6 del AA. HH. Cruz de Motupe.\n(04) UND. ESTAC."
      }
    },
    {
      "type": "Feature",
      "geometry": {
        "type": "Point",
        "coordinates": [
          -76.97901087162107,
          -11.93541174748567
        ]
      },
      "properties": {
        "name": "P. 14 A.M. AMMA",
        "description": "Frontis de la Mz. D Lote 03 frente a la Mz. K Lote 28 del Grupo 6 del AA. HH. Simón Bolivar.\n(02) UND. ESTAC."
      }
    },
    {
      "type": "Feature",
      "geometry": {
        "type": "Point",
        "coordinates": [
          -76.97596498539734,
          -11.93801104301248
        ]
      },
      "properties": {
        "name": "P. 15 A.M. AMMA",
        "description": "Calle 54, frontis de la Mz. B-6 Lote 16 a una distancia de 05.00 metros de la intersección con la Calle 46 del AA. HH. Cruz de Motupe.\n(02) UND. ESTAC."
      }
    },
    {
      "type": "Feature",
      "geometry": {
        "type": "Point",
        "coordinates": [
          -76.98036571057347,
          -11.93832054331097
        ]
      },
      "properties": {
        "name": "P. 16 A.M. AMMA",
        "description": "Frontis de la Mz. F Lote 01 del Grupo 7 del AA. HH. Corazón de Jesús.\n(04) UND. ESTAC."
      }
    },
    {
      "type": "Feature",
      "geometry": {
        "type": "Point",
        "coordinates": [
          -76.98089008397439,
          -11.92782315558749
        ]
      },
      "properties": {
        "name": "P. 17 A.M. AMMA",
        "description": "Frontis de la Mz. K Lote 07 del AA. HH. Miguel Grau.\n(03) UND. ESTAC."
      }
    },
    {
      "type": "Feature",
      "geometry": {
        "type": "Point",
        "coordinates": [
          -76.9793944042101,
          -11.93176062129269
        ]
      },
      "properties": {
        "name": "P. 18 A.M. AMMA",
        "description": "Frontis de la Mz. B Lote 05 cruce con el pasaje 01 del AA. HH. Los Cipreses.\n(03) UND. ESTAC."
      }
    },
    {
      "type": "Feature",
      "geometry": {
        "type": "Point",
        "coordinates": [
          -76.98031312625162,
          -11.93494800672993
        ]
      },
      "properties": {
        "name": "P. 19. A.M. AMMA",
        "description": "Calle 71 (sentido O-E), frente a la Mz. \"B\" lote 01, Agrupación Familiar Santo Toribio de Cruz de Motupe.\n(02) UND. ESTAC."
      }
    },
    {
      "type": "Feature",
      "geometry": {
        "type": "Point",
        "coordinates": [
          -76.97735703751029,
          -11.92923116240426
        ]
      },
      "properties": {
        "name": "P. 20. A.M. AMMA",
        "description": "Calle 2 (sentido O-E). frente a la Mz. \"G\" lote 12, Sector Las Laderas de Motupe.\n(02) UND. ESTAC."
      }
    },
    {
      "type": "Feature",
      "geometry": {
        "type": "Point",
        "coordinates": [
          -76.9804237511957,
          -11.94048996668495
        ]
      },
      "properties": {
        "name": "P.1. ASOC. MOT. BARCELONA DE SJL",
        "description": "UBICADO EN EL PASAJE S/N CON APROXIMACION A LA AV. FERNANDO WIESSE FRENTE A LA MZ. H LOTE 08 PERTENECIENTE AL PUEBLO JOVEN CRUZ MOTUPE 2DA ETAPA GRUPO 07 (SENTIDO OESTE-ESTE)\n(02) UND. ESTAC."
      }
    },
    {
      "type": "Feature",
      "geometry": {
        "type": "Point",
        "coordinates": [
          -76.97778206691072,
          -11.9364183801582
        ]
      },
      "properties": {
        "name": "P.2. ASOC. MOT. BARCELONA DE SJL",
        "description": "UBICADO EN LA CALLE 6 CON APROXIMACION AL JR. MAR DE IRLANDA FRENTE DE LA MZ A LOTE 01  PERTENECIENTE AL PUEBLO JOVEN CRUZ DE MOTUPE 2DA ETAPA GRUPO 07 (SENTIDO NORTE SUR) CON CAPACIDAD PARA ESTACIONAR DOS (02) VEHICULOS MENORES (MOTOTAXI)\n(02) UND. ESTAC."
      }
    },
    {
      "type": "Feature",
      "geometry": {
        "type": "Point",
        "coordinates": [
          -76.97133171816525,
          -11.93599802112538
        ]
      },
      "properties": {
        "name": "P. 1 A.M. LOS CIPRESES",
        "description": "Frontis del Jr. Mar de Banda Oeste mz T-1 Lote 13 a 10 metros de la Via Auxiliar de la Av. Proceres de la Independencia del AAHH Enrique Montenegro (Ref. Al lado del Mercado Corazon de jesus)\n(05) UND. ESTAC."
      }
    },
    {
      "type": "Feature",
      "geometry": {
        "type": "Point",
        "coordinates": [
          -76.97340160198941,
          -11.93841423091066
        ]
      },
      "properties": {
        "name": "P. 2 A.M. LOS CIPRESES",
        "description": "Calle 15 entre lote 01 de la Mz N-1 y lote 24 de la Mz N-1 del AA, HH Enrique Montenegro.\n(04) UND. ESTAC."
      }
    },
    {
      "type": "Feature",
      "geometry": {
        "type": "Point",
        "coordinates": [
          -76.97193591686286,
          -11.93623225512938
        ]
      },
      "properties": {
        "name": "P. 3 A.M. LOS CIPRESES",
        "description": "Frontis del Jr. Mar Mediterraneo Mz S-1 lote 28, frente al Mercado Corazon de Jesus en el AAHH Enrique Montenegro.\n(04) UND. ESTAC."
      }
    },
    {
      "type": "Feature",
      "geometry": {
        "type": "Point",
        "coordinates": [
          -76.96933583393293,
          -11.93299221767176
        ]
      },
      "properties": {
        "name": "P. 4 A.M. LOS CIPRESES",
        "description": "Frontis de la Mz Z-1 lote 14 y 15 a 05.00 metros lineales de la Via Auxiliar de la Av. Proceres de la Independencia del AAHH Enrique Montenegro, grupo 06.\n(05) UND. ESTAC."
      }
    },
    {
      "type": "Feature",
      "geometry": {
        "type": "Point",
        "coordinates": [
          -76.97146755235411,
          -11.9349552692949
        ]
      },
      "properties": {
        "name": "P. 1 E. T. INV. LOS CELESTES 10 S.A.C.",
        "description": "Frontis a la Mz. S1 Lote 14 del Jr. Mar del Coral cruce con la Calle 16 del AAHH Enrique Montenegro\n(05) UND. ESTAC."
      }
    },
    {
      "type": "Feature",
      "geometry": {
        "type": "Point",
        "coordinates": [
          -76.9748625264715,
          -11.93738561602141
        ]
      },
      "properties": {
        "name": "P.1. E.T. CESAR VALLEJO DE MONTENEGRO",
        "description": "Av. Mar del Sur Oeste (Berma Lateral en el sentido: Este - Oeste), en el frontis del predio Mz. K-1 Lote 2 con aproximación al Jr. Mar de Barents del AA. HH. Enrique Montenegro\n(02) UND. ESTAC."
      }
    },
    {
      "type": "Feature",
      "geometry": {
        "type": "Point",
        "coordinates": [
          -76.97116568760404,
          -11.93256454499288
        ]
      },
      "properties": {
        "name": "P.2. E.T. CESAR VALLEJO DE MONTENEGRO S.A.",
        "description": "Ca. 01 (Berma Lateral en el sentido: Oeste - Este), en el frontis del predio Mz. G Lote 01 con aproximación al Pasaje S/N del AA. HH. Enrique Montenegro - Sector Buena Vista\n(02) UND. ESTAC."
      }
    }
  ]
}