{
  "type": "FeatureCollection",
  "features": [
    {
      "type": "Feature",
      "geometry": {
        "type": "Point",
        "coordinates": [
          -12.016168,
          -76.996102
        ]
      },
      "properties": {
        "nombre": "PARQUE HORIZONTE II - ROSA VEGA ",
        "tipo": "Fija",
        "marca": "DAHUA",
        "ubicacion": "PARQUE HORIZAONTE II ETAPA"
      }
    },
    {
      "type": "Feature",
      "geometry": {
        "type": "Point",
        "coordinates": [
          -12.016206,
          -76.996248
        ]
      },
      "properties": {
        "nombre": "PARQUE HORIZONTE II - ROSA VEGA ",
        "tipo": "Fija",
        "marca": "DAHUA",
        "ubicacion": "PARQUE HORIZAONTE II ETAPA"
      }
    },
    {
      "type": "Feature",
      "geometry": {
        "type": "Point",
        "coordinates": [
          -12.015435,
          -76.9958098770618
        ]
      },
      "properties": {
        "nombre": "PARQUE HORIZONTE II - ROSA VEGA ",
        "tipo": "Fija",
        "marca": "DAHUA",
        "ubicacion": "PARQUE HORIZAONTE II ETAPA"
      }
    },
    {
      "type": "Feature",
      "geometry": {
        "type": "Point",
        "coordinates": [
          -12.015848,
          -76.995551
        ]
      },
      "properties": {
        "nombre": "PARQUE HORIZONTE II - ROSA VEGA ",
        "tipo": "Fija",
        "marca": "DAHUA",
        "ubicacion": "PARQUE HORIZAONTE II ETAPA"
      }
    },
    {
      "type": "Feature",
      "geometry": {
        "type": "Point",
        "coordinates": [
          -12.014916,
          -76.996124
        ]
      },
      "properties": {
        "nombre": "PARQUE HORIZONTE II - ROSA VEGA ",
        "tipo": "Fija",
        "marca": "DAHUA",
        "ubicacion": "PARQUE HORIZAONTE II ETAPA"
      }
    },
    {
      "type": "Feature",
      "geometry": {
        "type": "Point",
        "coordinates": [
          -12.015725,
          -76.996589
        ]
      },
      "properties": {
        "nombre": "PARQUE HORIZONTE II - ROSA VEGA ",
        "tipo": "Fija",
        "marca": "DAHUA",
        "ubicacion": "PARQUE HORIZAONTE II ETAPA"
      }
    },
    {
      "type": "Feature",
      "geometry": {
        "type": "Point",
        "coordinates": [
          -12.014963,
          -76.996141
        ]
      },
      "properties": {
        "nombre": "PARQUE HORIZONTE II - ROSA VEGA ",
        "tipo": "Fija",
        "marca": "DAHUA",
        "ubicacion": "PARQUE HORIZAONTE II ETAPA"
      }
    },
    {
      "type": "Feature",
      "geometry": {
        "type": "Point",
        "coordinates": [
          -12.015946,
          -76.996604
        ]
      },
      "properties": {
        "nombre": "PARQUE HORIZONTE II - ROSA VEGA ",
        "tipo": "Fija",
        "marca": "DAHUA",
        "ubicacion": "PARQUE HORIZAONTE II ETAPA"
      }
    },
    {
      "type": "Feature",
      "geometry": {
        "type": "Point",
        "coordinates": [
          -12.025456,
          -77.00069
        ]
      },
      "properties": {
        "nombre": "CASA LINDA",
        "tipo": "Fija",
        "marca": "DAHUA",
        "ubicacion": "AV. GRAN CHIMU 784"
      }
    },
    {
      "type": "Feature",
      "geometry": {
        "type": "Point",
        "coordinates": [
          -12.025446,
          -77.000639
        ]
      },
      "properties": {
        "nombre": "CASA LINDA",
        "tipo": "Fija",
        "marca": "DAHUA",
        "ubicacion": "AV. GRAN CHIMU 785"
      }
    },
    {
      "type": "Feature",
      "geometry": {
        "type": "Point",
        "coordinates": [
          -12.025904,
          -77.000567
        ]
      },
      "properties": {
        "nombre": "CASA LINDA",
        "tipo": "Fija",
        "marca": "DAHUA",
        "ubicacion": "AV. GRAN CHIMU 786"
      }
    },
    {
      "type": "Feature",
      "geometry": {
        "type": "Point",
        "coordinates": [
          -12.025888,
          -77.000505
        ]
      },
      "properties": {
        "nombre": "CASA LINDA",
        "tipo": "Fija",
        "marca": "DAHUA",
        "ubicacion": "AV. GRAN CHIMU 787"
      }
    },
    {
      "type": "Feature",
      "geometry": {
        "type": "Point",
        "coordinates": [
          -12.010441,
          -76.977791
        ]
      },
      "properties": {
        "nombre": "VECINO JESUS QUISPE",
        "tipo": "Fija",
        "marca": "DAHUA",
        "ubicacion": "TOCACHE CON CONDORHUASI"
      }
    },
    {
      "type": "Feature",
      "geometry": {
        "type": "Point",
        "coordinates": [
          -12.010441,
          -76.977795
        ]
      },
      "properties": {
        "nombre": "VECINO JESUS QUISPE",
        "tipo": "Fija",
        "marca": "DAHUA",
        "ubicacion": "TOCACHE CON CONDORHUASI"
      }
    },
    {
      "type": "Feature",
      "geometry": {
        "type": "Point",
        "coordinates": [
          -12.009711,
          -76.977972
        ]
      },
      "properties": {
        "nombre": "VECINO JESUS QUISPE",
        "tipo": "Fija",
        "marca": "DAHUA",
        "ubicacion": "TOCACHE CON CONDORHUASI"
      }
    },
    {
      "type": "Feature",
      "geometry": {
        "type": "Point",
        "coordinates": [
          -12.0107329835107,
          -76.9777482959656
        ]
      },
      "properties": {
        "nombre": "VECINO JESUS QUISPE",
        "tipo": "Fija",
        "marca": "DAHUA",
        "ubicacion": "TOCACHE CON CONDORHUASI"
      }
    },
    {
      "type": "Feature",
      "geometry": {
        "type": "Point",
        "coordinates": [
          -12.018124,
          -76.959763
        ]
      },
      "properties": {
        "nombre": "COLEGIO - FRIDA RODRIGUEZ",
        "tipo": "Fija",
        "marca": "DAHUA",
        "ubicacion": "AV PRINCIPAL CAMPOY (VERIFICAR LA UBICACION)"
      }
    },
    {
      "type": "Feature",
      "geometry": {
        "type": "Point",
        "coordinates": [
          -12.018126,
          -76.959765
        ]
      },
      "properties": {
        "nombre": "COLEGIO - FRIDA RODRIGUEZ",
        "tipo": "Fija",
        "marca": "DAHUA",
        "ubicacion": "AV PRINCIPAL CAMPOY (VERIFICAR LA UBICACION)"
      }
    },
    {
      "type": "Feature",
      "geometry": {
        "type": "Point",
        "coordinates": [
          -12.028355,
          -77.005681
        ]
      },
      "properties": {
        "nombre": "PARQUE MICAELA BASTIDAS - JORGE CHAVEZ ACUÑA",
        "tipo": "Fija",
        "marca": "DAHUA",
        "ubicacion": "PARQUE MICAELA BASTIDAS"
      }
    },
    {
      "type": "Feature",
      "geometry": {
        "type": "Point",
        "coordinates": [
          -12.028358,
          -77.005676
        ]
      },
      "properties": {
        "nombre": "PARQUE MICAELA BASTIDAS - JORGE CHAVEZ ACUÑA",
        "tipo": "Fija",
        "marca": "DAHUA",
        "ubicacion": "PARQUE MICAELA BASTIDAS"
      }
    },
    {
      "type": "Feature",
      "geometry": {
        "type": "Point",
        "coordinates": [
          -12.028316,
          -77.005691
        ]
      },
      "properties": {
        "nombre": "PARQUE MICAELA BASTIDAS - JORGE CHAVEZ ACUÑA",
        "tipo": "Fija",
        "marca": "DAHUA",
        "ubicacion": "PARQUE MICAELA BASTIDAS"
      }
    },
    {
      "type": "Feature",
      "geometry": {
        "type": "Point",
        "coordinates": [
          -12.028393,
          -77.005865
        ]
      },
      "properties": {
        "nombre": "PARQUE MICAELA BASTIDAS - JORGE CHAVEZ ACUÑA",
        "tipo": "Fija",
        "marca": "DAHUA",
        "ubicacion": "PARQUE MICAELA BASTIDAS"
      }
    },
    {
      "type": "Feature",
      "geometry": {
        "type": "Point",
        "coordinates": [
          -12.028397,
          -77.005878
        ]
      },
      "properties": {
        "nombre": "PARQUE MICAELA BASTIDAS - JORGE CHAVEZ ACUÑA",
        "tipo": "Fija",
        "marca": "DAHUA",
        "ubicacion": "PARQUE MICAELA BASTIDAS"
      }
    },
    {
      "type": "Feature",
      "geometry": {
        "type": "Point",
        "coordinates": [
          -12.028454,
          -77.006232
        ]
      },
      "properties": {
        "nombre": "PARQUE MICAELA BASTIDAS - JORGE CHAVEZ ACUÑA",
        "tipo": "Fija",
        "marca": "DAHUA",
        "ubicacion": "PARQUE MICAELA BASTIDAS"
      }
    },
    {
      "type": "Feature",
      "geometry": {
        "type": "Point",
        "coordinates": [
          -12.028456,
          -77.006246
        ]
      },
      "properties": {
        "nombre": "PARQUE MICAELA BASTIDAS - JORGE CHAVEZ ACUÑA",
        "tipo": "Fija",
        "marca": "DAHUA",
        "ubicacion": "PARQUE MICAELA BASTIDAS"
      }
    },
    {
      "type": "Feature",
      "geometry": {
        "type": "Point",
        "coordinates": [
          -12.028458,
          -77.006262
        ]
      },
      "properties": {
        "nombre": "PARQUE MICAELA BASTIDAS - JORGE CHAVEZ ACUÑA",
        "tipo": "Fija",
        "marca": "DAHUA",
        "ubicacion": "PARQUE MICAELA BASTIDAS"
      }
    },
    {
      "type": "Feature",
      "geometry": {
        "type": "Point",
        "coordinates": [
          -12.028506,
          -77.006643
        ]
      },
      "properties": {
        "nombre": "PARQUE MICAELA BASTIDAS - JORGE CHAVEZ ACUÑA",
        "tipo": "Fija",
        "marca": "DAHUA",
        "ubicacion": "PARQUE MICAELA BASTIDAS"
      }
    },
    {
      "type": "Feature",
      "geometry": {
        "type": "Point",
        "coordinates": [
          -12.028453,
          -77.006674
        ]
      },
      "properties": {
        "nombre": "PARQUE MICAELA BASTIDAS - JORGE CHAVEZ ACUÑA",
        "tipo": "Fija",
        "marca": "DAHUA",
        "ubicacion": "PARQUE MICAELA BASTIDAS"
      }
    },
    {
      "type": "Feature",
      "geometry": {
        "type": "Point",
        "coordinates": [
          -12.028463,
          -77.006682
        ]
      },
      "properties": {
        "nombre": "PARQUE MICAELA BASTIDAS - JORGE CHAVEZ ACUÑA",
        "tipo": "Fija",
        "marca": "DAHUA",
        "ubicacion": "PARQUE MICAELA BASTIDAS"
      }
    },
    {
      "type": "Feature",
      "geometry": {
        "type": "Point",
        "coordinates": [
          -12.028074,
          -77.006204
        ]
      },
      "properties": {
        "nombre": "PARQUE MICAELA BASTIDAS - JORGE CHAVEZ ACUÑA",
        "tipo": "Fija",
        "marca": "DAHUA",
        "ubicacion": "PARQUE MICAELA BASTIDAS"
      }
    },
    {
      "type": "Feature",
      "geometry": {
        "type": "Point",
        "coordinates": [
          -12.028153,
          -77.006574
        ]
      },
      "properties": {
        "nombre": null,
        "tipo": "Fija",
        "marca": "DAHUA",
        "ubicacion": "PARQUE MICAELA BASTIDAS"
      }
    },
    {
      "type": "Feature",
      "geometry": {
        "type": "Point",
        "coordinates": [
          -12.028353,
          -77.006474
        ]
      },
      "properties": {
        "nombre": "PARQUE MICAELA BASTIDAS - JORGE CHAVEZ ACUÑA",
        "tipo": "Fija",
        "marca": "DAHUA",
        "ubicacion": "PARQUE MICAELA BASTIDAS"
      }
    },
    {
      "type": "Feature",
      "geometry": {
        "type": "Point",
        "coordinates": [
          -12.027924,
          -77.010463
        ]
      },
      "properties": {
        "nombre": "VECINO - WILLY VIDAL",
        "tipo": "Fija",
        "marca": "DAHUA",
        "ubicacion": "PALESTINA"
      }
    },
    {
      "type": "Feature",
      "geometry": {
        "type": "Point",
        "coordinates": [
          -12.027868,
          -77.010506
        ]
      },
      "properties": {
        "nombre": "VECINO - WILLY VIDAL",
        "tipo": "Fija",
        "marca": "DAHUA",
        "ubicacion": "PALESTINA"
      }
    },
    {
      "type": "Feature",
      "geometry": {
        "type": "Point",
        "coordinates": [
          -12.027761,
          -77.010332
        ]
      },
      "properties": {
        "nombre": "VECINO - WILLY VIDAL",
        "tipo": "Fija",
        "marca": "DAHUA",
        "ubicacion": "PALESTINA"
      }
    },
    {
      "type": "Feature",
      "geometry": {
        "type": "Point",
        "coordinates": [
          -12.027361,
          -77.010226
        ]
      },
      "properties": {
        "nombre": "VECINO - WILLY VIDAL",
        "tipo": "Fija",
        "marca": "DAHUA",
        "ubicacion": "PALESTINA"
      }
    },
    {
      "type": "Feature",
      "geometry": {
        "type": "Point",
        "coordinates": [
          -12.027341,
          -77.010217
        ]
      },
      "properties": {
        "nombre": "VECINO - WILLY VIDAL",
        "tipo": "Fija",
        "marca": "DAHUA",
        "ubicacion": "PALESTINA"
      }
    },
    {
      "type": "Feature",
      "geometry": {
        "type": "Point",
        "coordinates": [
          -12.026888,
          -77.010021
        ]
      },
      "properties": {
        "nombre": "VECINO - WILLY VIDAL",
        "tipo": "Fija",
        "marca": "DAHUA",
        "ubicacion": "PALESTINA"
      }
    },
    {
      "type": "Feature",
      "geometry": {
        "type": "Point",
        "coordinates": [
          -12.026889,
          -77.010003
        ]
      },
      "properties": {
        "nombre": "VECINO - WILLY VIDAL",
        "tipo": "Fija",
        "marca": "DAHUA",
        "ubicacion": "PALESTINA"
      }
    },
    {
      "type": "Feature",
      "geometry": {
        "type": "Point",
        "coordinates": [
          -12.026885,
          -77.009943
        ]
      },
      "properties": {
        "nombre": "VECINO - WILLY VIDAL",
        "tipo": "Fija",
        "marca": "DAHUA",
        "ubicacion": "PALESTINA"
      }
    },
    {
      "type": "Feature",
      "geometry": {
        "type": "Point",
        "coordinates": [
          -12.026475,
          -77.009708
        ]
      },
      "properties": {
        "nombre": "VECINO - WILLY VIDAL",
        "tipo": "Fija",
        "marca": "DAHUA",
        "ubicacion": "PALESTINA"
      }
    },
    {
      "type": "Feature",
      "geometry": {
        "type": "Point",
        "coordinates": [
          -12.026318,
          -77.009561
        ]
      },
      "properties": {
        "nombre": "VECINO - WILLY VIDAL",
        "tipo": "Fija",
        "marca": "DAHUA",
        "ubicacion": "PALESTINA"
      }
    },
    {
      "type": "Feature",
      "geometry": {
        "type": "Point",
        "coordinates": [
          -12.025782,
          -77.009061
        ]
      },
      "properties": {
        "nombre": "VECINO - WILLY VIDAL",
        "tipo": "Fija",
        "marca": "DAHUA",
        "ubicacion": "PALESTINA"
      }
    },
    {
      "type": "Feature",
      "geometry": {
        "type": "Point",
        "coordinates": [
          -12.025816,
          -77.009023
        ]
      },
      "properties": {
        "nombre": "VECINO - WILLY VIDAL",
        "tipo": "Fija",
        "marca": "DAHUA",
        "ubicacion": "PALESTINA"
      }
    },
    {
      "type": "Feature",
      "geometry": {
        "type": "Point",
        "coordinates": [
          -12.017019,
          -76.999095
        ]
      },
      "properties": {
        "nombre": "VECINO MARILIN INGA MONTECINO",
        "tipo": "Fija",
        "marca": "DAHUA",
        "ubicacion": "FRENTE AL MALL SJL"
      }
    },
    {
      "type": "Feature",
      "geometry": {
        "type": "Point",
        "coordinates": [
          -12.017057,
          -76.999167
        ]
      },
      "properties": {
        "nombre": "VECINO MARILIN INGA MONTECINO",
        "tipo": "Fija",
        "marca": "DAHUA",
        "ubicacion": "FRENTE AL MALL SJL"
      }
    },
    {
      "type": "Feature",
      "geometry": {
        "type": "Point",
        "coordinates": [
          -12.027827,
          -77.006697
        ]
      },
      "properties": {
        "nombre": " PARQUE MICAELA BASTIDAS II - JUNIOR ESPEDILLA",
        "tipo": "Fija",
        "marca": "DAHUA",
        "ubicacion": "PARQUE MICAELA BASTIDAS II"
      }
    },
    {
      "type": "Feature",
      "geometry": {
        "type": "Point",
        "coordinates": [
          -12.027839,
          -77.006689
        ]
      },
      "properties": {
        "nombre": " PARQUE MICAELA BASTIDAS II - JUNIOR ESPEDILLA",
        "tipo": "Fija",
        "marca": "DAHUA",
        "ubicacion": "PARQUE MICAELA BASTIDAS II"
      }
    },
    {
      "type": "Feature",
      "geometry": {
        "type": "Point",
        "coordinates": [
          -12.027557,
          -77.006796
        ]
      },
      "properties": {
        "nombre": " PARQUE MICAELA BASTIDAS II - JUNIOR ESPEDILLA",
        "tipo": "Fija",
        "marca": "DAHUA",
        "ubicacion": "PARQUE MICAELA BASTIDAS II"
      }
    },
    {
      "type": "Feature",
      "geometry": {
        "type": "Point",
        "coordinates": [
          -12.027864,
          -77.006751
        ]
      },
      "properties": {
        "nombre": " PARQUE MICAELA BASTIDAS II - JUNIOR ESPEDILLA",
        "tipo": "Fija",
        "marca": "DAHUA",
        "ubicacion": "PARQUE MICAELA BASTIDAS II"
      }
    },
    {
      "type": "Feature",
      "geometry": {
        "type": "Point",
        "coordinates": [
          -12.027895,
          -77.006755
        ]
      },
      "properties": {
        "nombre": " PARQUE MICAELA BASTIDAS II - JUNIOR ESPEDILLA",
        "tipo": "Fija",
        "marca": "DAHUA",
        "ubicacion": "PARQUE MICAELA BASTIDAS II"
      }
    },
    {
      "type": "Feature",
      "geometry": {
        "type": "Point",
        "coordinates": [
          -12.027946,
          -77.006743
        ]
      },
      "properties": {
        "nombre": " PARQUE MICAELA BASTIDAS II - JUNIOR ESPEDILLA",
        "tipo": "Fija",
        "marca": "DAHUA",
        "ubicacion": "PARQUE MICAELA BASTIDAS II"
      }
    },
    {
      "type": "Feature",
      "geometry": {
        "type": "Point",
        "coordinates": [
          -12.028154,
          -77.006716
        ]
      },
      "properties": {
        "nombre": " PARQUE MICAELA BASTIDAS II - JUNIOR ESPEDILLA",
        "tipo": "Fija",
        "marca": "DAHUA",
        "ubicacion": "PARQUE MICAELA BASTIDAS II"
      }
    },
    {
      "type": "Feature",
      "geometry": {
        "type": "Point",
        "coordinates": [
          -12.028043,
          -77.005765
        ]
      },
      "properties": {
        "nombre": " PARQUE MICAELA BASTIDAS II - JUNIOR ESPEDILLA",
        "tipo": "Fija",
        "marca": "DAHUA",
        "ubicacion": "PARQUE MICAELA BASTIDAS II"
      }
    },
    {
      "type": "Feature",
      "geometry": {
        "type": "Point",
        "coordinates": [
          -12.027775,
          -77.00624
        ]
      },
      "properties": {
        "nombre": " PARQUE MICAELA BASTIDAS II - JUNIOR ESPEDILLA",
        "tipo": "Fija",
        "marca": "DAHUA",
        "ubicacion": "PARQUE MICAELA BASTIDAS II"
      }
    },
    {
      "type": "Feature",
      "geometry": {
        "type": "Point",
        "coordinates": [
          -12.027784,
          -77.006218
        ]
      },
      "properties": {
        "nombre": " PARQUE MICAELA BASTIDAS II - JUNIOR ESPEDILLA",
        "tipo": "Fija",
        "marca": "DAHUA",
        "ubicacion": "PARQUE MICAELA BASTIDAS II"
      }
    },
    {
      "type": "Feature",
      "geometry": {
        "type": "Point",
        "coordinates": [
          -12.027776,
          -77.006261
        ]
      },
      "properties": {
        "nombre": " PARQUE MICAELA BASTIDAS II - JUNIOR ESPEDILLA",
        "tipo": "Fija",
        "marca": "DAHUA",
        "ubicacion": "PARQUE MICAELA BASTIDAS II"
      }
    },
    {
      "type": "Feature",
      "geometry": {
        "type": "Point",
        "coordinates": [
          -12.027811,
          -77.006041
        ]
      },
      "properties": {
        "nombre": " PARQUE MICAELA BASTIDAS II - JUNIOR ESPEDILLA",
        "tipo": "Fija",
        "marca": "DAHUA",
        "ubicacion": "PARQUE MICAELA BASTIDAS II"
      }
    },
    {
      "type": "Feature",
      "geometry": {
        "type": "Point",
        "coordinates": [
          -12.027727,
          -77.005923
        ]
      },
      "properties": {
        "nombre": " PARQUE MICAELA BASTIDAS II - JUNIOR ESPEDILLA",
        "tipo": "Fija",
        "marca": "DAHUA",
        "ubicacion": "PARQUE MICAELA BASTIDAS II"
      }
    },
    {
      "type": "Feature",
      "geometry": {
        "type": "Point",
        "coordinates": [
          -12.027729,
          -77.005939
        ]
      },
      "properties": {
        "nombre": " PARQUE MICAELA BASTIDAS II - JUNIOR ESPEDILLA",
        "tipo": "Fija",
        "marca": "DAHUA",
        "ubicacion": "PARQUE MICAELA BASTIDAS II"
      }
    },
    {
      "type": "Feature",
      "geometry": {
        "type": "Point",
        "coordinates": [
          -12.027857,
          -77.005844
        ]
      },
      "properties": {
        "nombre": " PARQUE MICAELA BASTIDAS II - JUNIOR ESPEDILLA",
        "tipo": "Fija",
        "marca": "DAHUA",
        "ubicacion": "PARQUE MICAELA BASTIDAS II"
      }
    },
    {
      "type": "Feature",
      "geometry": {
        "type": "Point",
        "coordinates": [
          -12.027642,
          -77.005573
        ]
      },
      "properties": {
        "nombre": " PARQUE MICAELA BASTIDAS II - JUNIOR ESPEDILLA",
        "tipo": "Fija",
        "marca": "DAHUA",
        "ubicacion": "PARQUE MICAELA BASTIDAS II"
      }
    },
    {
      "type": "Feature",
      "geometry": {
        "type": "Point",
        "coordinates": [
          -12.022775,
          -76.983623
        ]
      },
      "properties": {
        "nombre": "VECINO BAYO ROMERO ASTO",
        "tipo": "Fija",
        "marca": "DAHUA",
        "ubicacion": "CERCA AL LOCAL DE NUEVA LIBERTAD"
      }
    },
    {
      "type": "Feature",
      "geometry": {
        "type": "Point",
        "coordinates": [
          -12.022783,
          -76.983582
        ]
      },
      "properties": {
        "nombre": "VECINO BAYO ROMERO ASTO",
        "tipo": "Fija",
        "marca": "DAHUA",
        "ubicacion": "CERCA AL LOCAL DE NUEVA LIBERTAD"
      }
    },
    {
      "type": "Feature",
      "geometry": {
        "type": "Point",
        "coordinates": [
          -12.022808,
          -76.983588
        ]
      },
      "properties": {
        "nombre": "VECINO BAYO ROMERO ASTO",
        "tipo": "Fija",
        "marca": "DAHUA",
        "ubicacion": "CERCA AL LOCAL DE NUEVA LIBERTAD"
      }
    },
    {
      "type": "Feature",
      "geometry": {
        "type": "Point",
        "coordinates": [
          -12.022773,
          -76.983594
        ]
      },
      "properties": {
        "nombre": "VECINO BAYO ROMERO ASTO",
        "tipo": "Fija",
        "marca": "DAHUA",
        "ubicacion": "CERCA AL LOCAL DE NUEVA LIBERTAD"
      }
    },
    {
      "type": "Feature",
      "geometry": {
        "type": "Point",
        "coordinates": [
          -12.023294,
          -77.004534
        ]
      },
      "properties": {
        "nombre": "VECINO Mauro Gutierrez Marchan",
        "tipo": "Fija",
        "marca": "DAHUA",
        "ubicacion": "Sta. Luisa con Sta. Monica"
      }
    },
    {
      "type": "Feature",
      "geometry": {
        "type": "Point",
        "coordinates": [
          -12.023305,
          -77.004447
        ]
      },
      "properties": {
        "nombre": "VECINO Mauro Gutierrez Marchan",
        "tipo": "Fija",
        "marca": "DAHUA",
        "ubicacion": "Sta. Luisa con Sta. Monica"
      }
    },
    {
      "type": "Feature",
      "geometry": {
        "type": "Point",
        "coordinates": [
          -12.024404,
          -76.992847
        ]
      },
      "properties": {
        "nombre": "VECINO Simeón Caceres",
        "tipo": "Fija",
        "marca": "DAHUA",
        "ubicacion": "Jr La Cantuta con Av. Gran Chimu"
      }
    },
    {
      "type": "Feature",
      "geometry": {
        "type": "Point",
        "coordinates": [
          -12.020084,
          -76.953831
        ]
      },
      "properties": {
        "nombre": "VECINO CESAR SAYAS SILVA",
        "tipo": "Fija",
        "marca": "DAHUA",
        "ubicacion": "AV. PRINCIPAL CON C.20"
      }
    },
    {
      "type": "Feature",
      "geometry": {
        "type": "Point",
        "coordinates": [
          -12.02008,
          -76.953829
        ]
      },
      "properties": {
        "nombre": "VECINO CESAR SAYAS SILVA",
        "tipo": "Fija",
        "marca": "DAHUA",
        "ubicacion": "AV. PRINCIPAL CON C.20"
      }
    },
    {
      "type": "Feature",
      "geometry": {
        "type": "Point",
        "coordinates": [
          -12.019976,
          -76.957889
        ]
      },
      "properties": {
        "nombre": "VECINO Iris Rojas Melendez",
        "tipo": "Fija",
        "marca": "DAHUA",
        "ubicacion": "Av. Malecon Checa con Calle los Alamos"
      }
    },
    {
      "type": "Feature",
      "geometry": {
        "type": "Point",
        "coordinates": [
          -12.019878,
          -76.957921
        ]
      },
      "properties": {
        "nombre": "VECINO Iris Rojas Melendez",
        "tipo": "Fija",
        "marca": "DAHUA",
        "ubicacion": "Av. Malecon Checa con Calle los Alamos"
      }
    },
    {
      "type": "Feature",
      "geometry": {
        "type": "Point",
        "coordinates": [
          -12.019845,
          -76.957869
        ]
      },
      "properties": {
        "nombre": "VECINO Iris Rojas Melendez",
        "tipo": "Fija",
        "marca": "DAHUA",
        "ubicacion": "Av. Malecon Checa con Calle los Alamos"
      }
    },
    {
      "type": "Feature",
      "geometry": {
        "type": "Point",
        "coordinates": [
          -11.998541,
          -76.999986
        ]
      },
      "properties": {
        "nombre": "MERCADO FORTALEZA - FRED QUIROZ GUTIERREZ",
        "tipo": "Fija",
        "marca": "DAHUA",
        "ubicacion": "MERCADO FORTALEZA"
      }
    },
    {
      "type": "Feature",
      "geometry": {
        "type": "Point",
        "coordinates": [
          -11.9985392,
          -76.9999859
        ]
      },
      "properties": {
        "nombre": "MERCADO FORTALEZA - FRED QUIROZ GUTIERREZ",
        "tipo": "Fija",
        "marca": "DAHUA",
        "ubicacion": "MERCADO FORTALEZA"
      }
    },
    {
      "type": "Feature",
      "geometry": {
        "type": "Point",
        "coordinates": [
          -11.99854,
          -76.999984
        ]
      },
      "properties": {
        "nombre": "MERCADO FORTALEZA - FRED QUIROZ GUTIERREZ",
        "tipo": "Fija",
        "marca": "DAHUA",
        "ubicacion": "MERCADO FORTALEZA"
      }
    },
    {
      "type": "Feature",
      "geometry": {
        "type": "Point",
        "coordinates": [
          -11.998538,
          -75.999986
        ]
      },
      "properties": {
        "nombre": "MERCADO FORTALEZA - FRED QUIROZ GUTIERREZ",
        "tipo": "Fija",
        "marca": "DAHUA",
        "ubicacion": "MERCADO FORTALEZA"
      }
    },
    {
      "type": "Feature",
      "geometry": {
        "type": "Point",
        "coordinates": [
          -11.99845,
          -75.99998
        ]
      },
      "properties": {
        "nombre": "MERCADO FORTALEZA - FRED QUIROZ GUTIERREZ",
        "tipo": "Fija",
        "marca": "DAHUA",
        "ubicacion": "MERCADO FORTALEZA"
      }
    },
    {
      "type": "Feature",
      "geometry": {
        "type": "Point",
        "coordinates": [
          -11.997991,
          -77.00072
        ]
      },
      "properties": {
        "nombre": "VECINO Zacarías Condori",
        "tipo": "Fija",
        "marca": "DAHUA",
        "ubicacion": "AV SANTA ROSA CON BLENDAS"
      }
    },
    {
      "type": "Feature",
      "geometry": {
        "type": "Point",
        "coordinates": [
          -11.99557,
          -77.000477
        ]
      },
      "properties": {
        "nombre": "VECINO Zacarías Condori",
        "tipo": "Fija",
        "marca": "DAHUA",
        "ubicacion": "AV SANTA ROSA CON BLENDAS"
      }
    },
    {
      "type": "Feature",
      "geometry": {
        "type": "Point",
        "coordinates": [
          -11.997933,
          -77.000339
        ]
      },
      "properties": {
        "nombre": "VECINO Zacarías Condori",
        "tipo": "Fija",
        "marca": "DAHUA",
        "ubicacion": "AV SANTA ROSA CON BLENDAS"
      }
    },
    {
      "type": "Feature",
      "geometry": {
        "type": "Point",
        "coordinates": [
          -11.997991,
          -77.00072
        ]
      },
      "properties": {
        "nombre": "VECINO Zacarías Condori",
        "tipo": "Fija",
        "marca": "DAHUA",
        "ubicacion": "AV SANTA ROSA CON BLENDAS"
      }
    },
    {
      "type": "Feature",
      "geometry": {
        "type": "Point",
        "coordinates": [
          -12.011493,
          -77.004483
        ]
      },
      "properties": {
        "nombre": "PARQUE LOS JARDINES - VICENTE BERROSQUI",
        "tipo": "Fija y domo",
        "marca": "DAHUA",
        "ubicacion": "PARQUE LOS JARDINES"
      }
    },
    {
      "type": "Feature",
      "geometry": {
        "type": "Point",
        "coordinates": [
          -12.010878,
          -77.004326
        ]
      },
      "properties": {
        "nombre": "PARQUE LOS JARDINES - VICENTE BERROSQUI",
        "tipo": "Fija y domo",
        "marca": "DAHUA",
        "ubicacion": "PARQUE LOS JARDINES"
      }
    },
    {
      "type": "Feature",
      "geometry": {
        "type": "Point",
        "coordinates": [
          -12.018384,
          -77.010708
        ]
      },
      "properties": {
        "nombre": " VECINO GUSTAVO DIAZ",
        "tipo": "Fija",
        "marca": "DAHUA",
        "ubicacion": "Jr. Las Grosellas y Filependulas"
      }
    },
    {
      "type": "Feature",
      "geometry": {
        "type": "Point",
        "coordinates": [
          -12.018334,
          -77.010734
        ]
      },
      "properties": {
        "nombre": " VECINO GUSTAVO DIAZ",
        "tipo": "Fija",
        "marca": "DAHUA",
        "ubicacion": "Jr. Las Grosellas y Filependulas"
      }
    },
    {
      "type": "Feature",
      "geometry": {
        "type": "Point",
        "coordinates": [
          -12.018406,
          -77.010709
        ]
      },
      "properties": {
        "nombre": " VECINO GUSTAVO DIAZ",
        "tipo": "Fija",
        "marca": "DAHUA",
        "ubicacion": "Jr. Las Grosellas y Filependulas"
      }
    },
    {
      "type": "Feature",
      "geometry": {
        "type": "Point",
        "coordinates": [
          -12.018443,
          -77.010748
        ]
      },
      "properties": {
        "nombre": " VECINO GUSTAVO DIAZ",
        "tipo": "Fija",
        "marca": "DAHUA",
        "ubicacion": "Jr. Las Grosellas y Filependulas"
      }
    },
    {
      "type": "Feature",
      "geometry": {
        "type": "Point",
        "coordinates": [
          -12.018833,
          -77.010791
        ]
      },
      "properties": {
        "nombre": " VECINO GUSTAVO DIAZ",
        "tipo": "Fija",
        "marca": "DAHUA",
        "ubicacion": "Jr. Las Grosellas y Filependulas"
      }
    },
    {
      "type": "Feature",
      "geometry": {
        "type": "Point",
        "coordinates": [
          -12.019309,
          -77.010812
        ]
      },
      "properties": {
        "nombre": " VECINO GUSTAVO DIAZ",
        "tipo": "Fija",
        "marca": "DAHUA",
        "ubicacion": "Jr. Las Grosellas y Filependulas"
      }
    },
    {
      "type": "Feature",
      "geometry": {
        "type": "Point",
        "coordinates": [
          -12.017859,
          -77.010641
        ]
      },
      "properties": {
        "nombre": " VECINO GUSTAVO DIAZ",
        "tipo": "Fija",
        "marca": "DAHUA",
        "ubicacion": "Jr. Las Grosellas y Filependulas"
      }
    },
    {
      "type": "Feature",
      "geometry": {
        "type": "Point",
        "coordinates": [
          -12.025851,
          -77.016323
        ]
      },
      "properties": {
        "nombre": "VECINO GLORIA GRANDOS",
        "tipo": "Fija",
        "marca": "DAHUA",
        "ubicacion": "Av. Lima con Cabo Blanco"
      }
    },
    {
      "type": "Feature",
      "geometry": {
        "type": "Point",
        "coordinates": [
          -12.025642,
          -77.016421
        ]
      },
      "properties": {
        "nombre": "VECINO GLORIA GRANDOS",
        "tipo": "Fija",
        "marca": "DAHUA",
        "ubicacion": "Av. Lima con Cabo Blanco"
      }
    },
    {
      "type": "Feature",
      "geometry": {
        "type": "Point",
        "coordinates": [
          -12.025419,
          -77.016406
        ]
      },
      "properties": {
        "nombre": "VECINO GLORIA GRANDOS",
        "tipo": "Fija",
        "marca": "DAHUA",
        "ubicacion": "Av. Lima con Cabo Blanco"
      }
    },
    {
      "type": "Feature",
      "geometry": {
        "type": "Point",
        "coordinates": [
          -12.025045,
          -77.016452
        ]
      },
      "properties": {
        "nombre": "VECINO GLORIA GRANDOS",
        "tipo": "Fija",
        "marca": "DAHUA",
        "ubicacion": "Av. Lima con Cabo Blanco"
      }
    },
    {
      "type": "Feature",
      "geometry": {
        "type": "Point",
        "coordinates": [
          -12.024572,
          -77.016521
        ]
      },
      "properties": {
        "nombre": "VECINO GLORIA GRANDOS",
        "tipo": "Fija",
        "marca": "DAHUA",
        "ubicacion": "Av. Lima con Cabo Blanco"
      }
    },
    {
      "type": "Feature",
      "geometry": {
        "type": "Point",
        "coordinates": [
          -12.024436,
          -77.016671
        ]
      },
      "properties": {
        "nombre": "VECINO GLORIA GRANDOS",
        "tipo": "Fija",
        "marca": "DAHUA",
        "ubicacion": "Av. Lima con Cabo Blanco"
      }
    },
    {
      "type": "Feature",
      "geometry": {
        "type": "Point",
        "coordinates": [
          -12.024284,
          -77.016577
        ]
      },
      "properties": {
        "nombre": "VECINO GLORIA GRANDOS",
        "tipo": "Fija",
        "marca": "DAHUA",
        "ubicacion": "Av. Lima con Cabo Blanco"
      }
    },
    {
      "type": "Feature",
      "geometry": {
        "type": "Point",
        "coordinates": [
          -12.025425,
          -77.016568
        ]
      },
      "properties": {
        "nombre": "VECINO GLORIA GRANDOS",
        "tipo": "Fija",
        "marca": "DAHUA",
        "ubicacion": "Av. Lima con Cabo Blanco"
      }
    },
    {
      "type": "Feature",
      "geometry": {
        "type": "Point",
        "coordinates": [
          -12.025386,
          -77.011428
        ]
      },
      "properties": {
        "nombre": " VECINO - ANALUPE",
        "tipo": "Fija",
        "marca": "DAHUA",
        "ubicacion": "Av. Lima Con Psje. Pto Maldonado"
      }
    },
    {
      "type": "Feature",
      "geometry": {
        "type": "Point",
        "coordinates": [
          -12.025541,
          -77.011409
        ]
      },
      "properties": {
        "nombre": " VECINO - ANALUPE",
        "tipo": "Fija",
        "marca": "DAHUA",
        "ubicacion": "Av. Lima Con Psje. Pto Maldonado"
      }
    },
    {
      "type": "Feature",
      "geometry": {
        "type": "Point",
        "coordinates": [
          -12.02558,
          -77.011401
        ]
      },
      "properties": {
        "nombre": " VECINO - ANALUPE",
        "tipo": "Fija",
        "marca": "DAHUA",
        "ubicacion": "Av. Lima Con Psje. Pto Maldonado"
      }
    },
    {
      "type": "Feature",
      "geometry": {
        "type": "Point",
        "coordinates": [
          -12.025969,
          -77.011352
        ]
      },
      "properties": {
        "nombre": " VECINO - ANALUPE",
        "tipo": "Fija",
        "marca": "DAHUA",
        "ubicacion": "Av. Lima Con Psje. Pto Maldonado"
      }
    },
    {
      "type": "Feature",
      "geometry": {
        "type": "Point",
        "coordinates": [
          -12.026027,
          -77.011336
        ]
      },
      "properties": {
        "nombre": " VECINO - ANALUPE",
        "tipo": "Fija",
        "marca": "DAHUA",
        "ubicacion": "Av. Lima Con Psje. Pto Maldonado"
      }
    },
    {
      "type": "Feature",
      "geometry": {
        "type": "Point",
        "coordinates": [
          -12.026407,
          -77.011307
        ]
      },
      "properties": {
        "nombre": " VECINO - ANALUPE",
        "tipo": "Fija",
        "marca": "DAHUA",
        "ubicacion": "Av. Lima Con Psje. Pto Maldonado"
      }
    },
    {
      "type": "Feature",
      "geometry": {
        "type": "Point",
        "coordinates": [
          -12.026405,
          -77.011305
        ]
      },
      "properties": {
        "nombre": " VECINO - ANALUPE",
        "tipo": "Fija",
        "marca": "DAHUA",
        "ubicacion": "Av. Lima Con Psje. Pto Maldonado"
      }
    },
    {
      "type": "Feature",
      "geometry": {
        "type": "Point",
        "coordinates": [
          -12.025883,
          -77.011351
        ]
      },
      "properties": {
        "nombre": " VECINO - ANALUPE",
        "tipo": "Fija",
        "marca": "DAHUA",
        "ubicacion": "Av. Lima Con Psje. Pto Maldonado"
      }
    },
    {
      "type": "Feature",
      "geometry": {
        "type": "Point",
        "coordinates": [
          -12.015887,
          -77.004968
        ]
      },
      "properties": {
        "nombre": "VECINO DANIEL FERNÁNDEZ",
        "tipo": "Fija",
        "marca": "DAHUA",
        "ubicacion": "Beleños con Las Hebeas"
      }
    },
    {
      "type": "Feature",
      "geometry": {
        "type": "Point",
        "coordinates": [
          -12.015893,
          -77.004872
        ]
      },
      "properties": {
        "nombre": "VECINO DANIEL FERNÁNDEZ",
        "tipo": "Fija",
        "marca": "DAHUA",
        "ubicacion": "Beleños con Las Hebeas"
      }
    },
    {
      "type": "Feature",
      "geometry": {
        "type": "Point",
        "coordinates": [
          -12.016663,
          -77.009928
        ]
      },
      "properties": {
        "nombre": "COLEGIO SAN BENITO",
        "tipo": "Fija",
        "marca": "DAHUA",
        "ubicacion": "Jr. Las Ortigas con Eleboros"
      }
    },
    {
      "type": "Feature",
      "geometry": {
        "type": "Point",
        "coordinates": [
          -12.016591,
          -77.009895
        ]
      },
      "properties": {
        "nombre": "COLEGIO SAN BENITO",
        "tipo": "Fija",
        "marca": "DAHUA",
        "ubicacion": "Jr. Las Ortigas con Eleboros"
      }
    },
    {
      "type": "Feature",
      "geometry": {
        "type": "Point",
        "coordinates": [
          -12.0120025,
          -77.0035317
        ]
      },
      "properties": {
        "nombre": " PARQUE LOS JARDINES Lord gutierrez Ortiz ",
        "tipo": "Fija",
        "marca": "DAHUA",
        "ubicacion": "JR LOS ANCIANOS Y JR LOS ALOES"
      }
    },
    {
      "type": "Feature",
      "geometry": {
        "type": "Point",
        "coordinates": [
          -12.012002,
          -77.00353
        ]
      },
      "properties": {
        "nombre": " PARQUE LOS JARDINES Lord gutierrez Ortiz ",
        "tipo": "Fija",
        "marca": "DAHUA",
        "ubicacion": "JR LOS ANCIANOS Y JR LOS ALOES"
      }
    },
    {
      "type": "Feature",
      "geometry": {
        "type": "Point",
        "coordinates": [
          -11.968133,
          -76.998093
        ]
      },
      "properties": {
        "nombre": "VECINO Ivan Maldonado aguero ",
        "tipo": "Fija",
        "marca": "DAHUA",
        "ubicacion": "Rio Santa Con Rio Moche"
      }
    },
    {
      "type": "Feature",
      "geometry": {
        "type": "Point",
        "coordinates": [
          -11.982585,
          -77.012993
        ]
      },
      "properties": {
        "nombre": "VECINO  Ricardo Aponte Cornejo",
        "tipo": "Fija",
        "marca": "DAHUA",
        "ubicacion": "Av. el Sol con Av. Canto Grande"
      }
    },
    {
      "type": "Feature",
      "geometry": {
        "type": "Point",
        "coordinates": [
          -11.982585,
          -77.012993
        ]
      },
      "properties": {
        "nombre": "VECINO  Ricardo Aponte Cornejo",
        "tipo": "Fija",
        "marca": "DAHUA",
        "ubicacion": "Av. el Sol con Av. Canto Grande"
      }
    },
    {
      "type": "Feature",
      "geometry": {
        "type": "Point",
        "coordinates": [
          -11.988472,
          -77.004971
        ]
      },
      "properties": {
        "nombre": " VECINO Freddy Calapuja Zambrano ",
        "tipo": "Fija",
        "marca": "DAHUA",
        "ubicacion": "Arcillas con Jr. Los Esmeriles"
      }
    },
    {
      "type": "Feature",
      "geometry": {
        "type": "Point",
        "coordinates": [
          -11.988472,
          -77.004971
        ]
      },
      "properties": {
        "nombre": " VECINO Freddy Calapuja Zambrano ",
        "tipo": "Fija",
        "marca": "DAHUA",
        "ubicacion": "Arcillas con Jr. Los Esmeriles"
      }
    },
    {
      "type": "Feature",
      "geometry": {
        "type": "Point",
        "coordinates": [
          -11.988472,
          -77.004971
        ]
      },
      "properties": {
        "nombre": " VECINO Freddy Calapuja Zambrano ",
        "tipo": "Fija",
        "marca": "DAHUA",
        "ubicacion": "Arcillas con Jr. Los Esmeriles"
      }
    },
    {
      "type": "Feature",
      "geometry": {
        "type": "Point",
        "coordinates": [
          -11.988472,
          -77.004971
        ]
      },
      "properties": {
        "nombre": " VECINO Freddy Calapuja Zambrano ",
        "tipo": "Fija",
        "marca": "DAHUA",
        "ubicacion": "Arcillas con Jr. Los Esmeriles"
      }
    },
    {
      "type": "Feature",
      "geometry": {
        "type": "Point",
        "coordinates": [
          -11.965321,
          -77.001292
        ]
      },
      "properties": {
        "nombre": "VECINO Alberto Guido ",
        "tipo": "Fija",
        "marca": "DAHUA",
        "ubicacion": "Rio Azul con rio Pampamarca"
      }
    },
    {
      "type": "Feature",
      "geometry": {
        "type": "Point",
        "coordinates": [
          -11.965215,
          -77.001229
        ]
      },
      "properties": {
        "nombre": "VECINO Alberto Guido ",
        "tipo": "Fija",
        "marca": "DAHUA",
        "ubicacion": "Rio Azul con rio Pampamarca"
      }
    },
    {
      "type": "Feature",
      "geometry": {
        "type": "Point",
        "coordinates": [
          -11.965224,
          -77.001202
        ]
      },
      "properties": {
        "nombre": "VECINO Alberto Guido ",
        "tipo": "Fija",
        "marca": "DAHUA",
        "ubicacion": "Rio Azul con rio Pampamarca"
      }
    },
    {
      "type": "Feature",
      "geometry": {
        "type": "Point",
        "coordinates": [
          -12.025991,
          -76.99217
        ]
      },
      "properties": {
        "nombre": "Parque Santiago AntUnez de mayolo - Javier Martinez ",
        "tipo": "Domo",
        "marca": "DAHUA",
        "ubicacion": "Parque Santiago Antúnez de mayolo"
      }
    },
    {
      "type": "Feature",
      "geometry": {
        "type": "Point",
        "coordinates": [
          -11.959663,
          -76.987082
        ]
      },
      "properties": {
        "nombre": "LOCAL COMERCIAL CASA LINDA - COMPLEJO",
        "tipo": "Fija",
        "marca": "DAHUA",
        "ubicacion": "Av. Fernando Wiesse 3540"
      }
    },
    {
      "type": "Feature",
      "geometry": {
        "type": "Point",
        "coordinates": [
          -11.959661,
          -76.98708
        ]
      },
      "properties": {
        "nombre": "LOCAL COMERCIAL CASA LINDA - COMPLEJO",
        "tipo": "Fija",
        "marca": "DAHUA",
        "ubicacion": "Av. Fernando Wiesse 3540"
      }
    },
    {
      "type": "Feature",
      "geometry": {
        "type": "Point",
        "coordinates": [
          -11.973243,
          -76.997406
        ]
      },
      "properties": {
        "nombre": "LOCAL COMERCIAL CASA LINDA - 4 SEDES",
        "tipo": "Fija",
        "marca": "DAHUA",
        "ubicacion": "Av. Próceres de la Independencia 36"
      }
    },
    {
      "type": "Feature",
      "geometry": {
        "type": "Point",
        "coordinates": [
          -11.973244,
          -76.997407
        ]
      },
      "properties": {
        "nombre": "LOCAL COMERCIAL CASA LINDA - 4 SEDES",
        "tipo": "Fija",
        "marca": "DAHUA",
        "ubicacion": "Av. Próceres de la Independencia 36"
      }
    },
    {
      "type": "Feature",
      "geometry": {
        "type": "Point",
        "coordinates": [
          -11.981118,
          -77.00539
        ]
      },
      "properties": {
        "nombre": " LOCAL COMERCIAL CASA LINDA SAN CARLOS",
        "tipo": "Fija",
        "marca": "DAHUA",
        "ubicacion": "Av. Próceres de la Independencia 2998"
      }
    },
    {
      "type": "Feature",
      "geometry": {
        "type": "Point",
        "coordinates": [
          -11.981116,
          -77.00531
        ]
      },
      "properties": {
        "nombre": " LOCAL COMERCIAL CASA LINDA SAN CARLOS",
        "tipo": "Fija",
        "marca": "DAHUA",
        "ubicacion": "Av. Próceres de la Independencia 2999"
      }
    },
    {
      "type": "Feature",
      "geometry": {
        "type": "Point",
        "coordinates": [
          -11.981416,
          -77.005175
        ]
      },
      "properties": {
        "nombre": " LOCAL COMERCIAL CASA LINDA SAN CARLOS",
        "tipo": "Fija",
        "marca": "DAHUA",
        "ubicacion": "Av. Próceres de la Independencia 3000"
      }
    },
    {
      "type": "Feature",
      "geometry": {
        "type": "Point",
        "coordinates": [
          -11.981418,
          -77.005178
        ]
      },
      "properties": {
        "nombre": " LOCAL COMERCIAL CASA LINDA SAN CARLOS",
        "tipo": "Fija",
        "marca": "DAHUA",
        "ubicacion": "Av. Próceres de la Independencia 3001"
      }
    },
    {
      "type": "Feature",
      "geometry": {
        "type": "Point",
        "coordinates": [
          -11.968421,
          -76.985563
        ]
      },
      "properties": {
        "nombre": "VECINO Alison Camacho",
        "tipo": "Fija",
        "marca": "DAHUA",
        "ubicacion": "AV. CIRCUNVALACIÓN CON CALLE LAS AMAPOLAS"
      }
    },
    {
      "type": "Feature",
      "geometry": {
        "type": "Point",
        "coordinates": [
          -11.96849,
          -76.985522
        ]
      },
      "properties": {
        "nombre": "VECINO Alison Camacho",
        "tipo": "Fija",
        "marca": "DAHUA",
        "ubicacion": "AV. CIRCUNVALACIÓN CON CALLE LAS AMAPOLAS"
      }
    },
    {
      "type": "Feature",
      "geometry": {
        "type": "Point",
        "coordinates": [
          -11.968032,
          -76.985195
        ]
      },
      "properties": {
        "nombre": "MERCADO SANTA ROSA",
        "tipo": "Domo",
        "marca": "DAHUA",
        "ubicacion": "AV CIRCUNVALACION Y LAS VIOLETAS"
      }
    },
    {
      "type": "Feature",
      "geometry": {
        "type": "Point",
        "coordinates": [
          -11.96485,
          -76.990879
        ]
      },
      "properties": {
        "nombre": "GIMNASIO MANUEL MALDONADO",
        "tipo": "Fija",
        "marca": "DAHUA",
        "ubicacion": "Av. Próceres de la Independencia 3970"
      }
    },
    {
      "type": "Feature",
      "geometry": {
        "type": "Point",
        "coordinates": [
          -11.983262,
          -76.998083
        ]
      },
      "properties": {
        "nombre": "VECINO ANTONIO TAPIA SANTANA",
        "tipo": "Fija",
        "marca": "DAHUA",
        "ubicacion": "JR LOS PINOS 457 Y AV EL PARQUE"
      }
    },
    {
      "type": "Feature",
      "geometry": {
        "type": "Point",
        "coordinates": [
          -11.983268,
          -76.998086
        ]
      },
      "properties": {
        "nombre": "VECINO ANTONIO TAPIA SANTANA",
        "tipo": "Fija",
        "marca": "DAHUA",
        "ubicacion": "JR LOS PINOS 457 Y AV EL PARQUE"
      }
    },
    {
      "type": "Feature",
      "geometry": {
        "type": "Point",
        "coordinates": [
          -11.982554,
          -76.997529
        ]
      },
      "properties": {
        "nombre": "VECINO ANTONIO TAPIA SANTANA",
        "tipo": "Fija",
        "marca": "DAHUA",
        "ubicacion": "JR LOS PINOS 457 Y AV EL PARQUE"
      }
    },
    {
      "type": "Feature",
      "geometry": {
        "type": "Point",
        "coordinates": [
          -11.984298,
          -76.999387
        ]
      },
      "properties": {
        "nombre": "VECINO ANTONIO TAPIA SANTANA",
        "tipo": "Fija",
        "marca": "DAHUA",
        "ubicacion": "JR LOS PINOS 457 Y AV EL PARQUE"
      }
    },
    {
      "type": "Feature",
      "geometry": {
        "type": "Point",
        "coordinates": [
          -11.982996,
          -76.997811
        ]
      },
      "properties": {
        "nombre": "VECINO ANTONIO TAPIA SANTANA",
        "tipo": "Fija",
        "marca": "DAHUA",
        "ubicacion": "JR LOS PINOS 457 Y AV EL PARQUE"
      }
    },
    {
      "type": "Feature",
      "geometry": {
        "type": "Point",
        "coordinates": [
          -11.983896,
          -76.99882
        ]
      },
      "properties": {
        "nombre": "VECINO ANTONIO TAPIA SANTANA",
        "tipo": "Fija",
        "marca": "DAHUA",
        "ubicacion": "JR LOS PINOS 457 Y AV EL PARQUE"
      }
    },
    {
      "type": "Feature",
      "geometry": {
        "type": "Point",
        "coordinates": [
          -11.982439,
          -76.997542
        ]
      },
      "properties": {
        "nombre": "VECINO ANTONIO TAPIA SANTANA",
        "tipo": "Fija",
        "marca": "DAHUA",
        "ubicacion": "JR LOS PINOS 457 Y AV EL PARQUE"
      }
    },
    {
      "type": "Feature",
      "geometry": {
        "type": "Point",
        "coordinates": [
          -11.984132,
          -76.99918
        ]
      },
      "properties": {
        "nombre": "VECINO ANTONIO TAPIA SANTANA",
        "tipo": "Fija",
        "marca": "DAHUA",
        "ubicacion": "JR LOS PINOS 457 Y AV EL PARQUE"
      }
    },
    {
      "type": "Feature",
      "geometry": {
        "type": "Point",
        "coordinates": [
          -11.983729,
          -76.998531
        ]
      },
      "properties": {
        "nombre": "VECINO ANTONIO TAPIA SANTANA",
        "tipo": "Fija",
        "marca": "DAHUA",
        "ubicacion": "JR LOS PINOS 457 Y AV EL PARQUE"
      }
    },
    {
      "type": "Feature",
      "geometry": {
        "type": "Point",
        "coordinates": [
          -11.983262,
          -76.998082
        ]
      },
      "properties": {
        "nombre": "VECINO ANTONIO TAPIA SANTANA",
        "tipo": "Fija",
        "marca": "DAHUA",
        "ubicacion": "JR LOS PINOS 457 Y AV EL PARQUE"
      }
    },
    {
      "type": "Feature",
      "geometry": {
        "type": "Point",
        "coordinates": [
          -11.983263,
          -76.998077
        ]
      },
      "properties": {
        "nombre": "VECINO ANTONIO TAPIA SANTANA",
        "tipo": "Fija",
        "marca": "DAHUA",
        "ubicacion": "JR LOS PINOS 457 Y AV EL PARQUE"
      }
    },
    {
      "type": "Feature",
      "geometry": {
        "type": "Point",
        "coordinates": [
          -11.983264,
          -76.998073
        ]
      },
      "properties": {
        "nombre": "VECINO ANTONIO TAPIA SANTANA",
        "tipo": "Fija",
        "marca": "DAHUA",
        "ubicacion": "JR LOS PINOS 457 Y AV EL PARQUE"
      }
    },
    {
      "type": "Feature",
      "geometry": {
        "type": "Point",
        "coordinates": [
          -11.98327,
          -76.998078
        ]
      },
      "properties": {
        "nombre": "VECINO ANTONIO TAPIA SANTANA",
        "tipo": "Fija",
        "marca": "DAHUA",
        "ubicacion": "JR LOS PINOS 457 Y AV EL PARQUE"
      }
    },
    {
      "type": "Feature",
      "geometry": {
        "type": "Point",
        "coordinates": [
          -11.98325,
          -76.998081
        ]
      },
      "properties": {
        "nombre": "VECINO ANTONIO TAPIA SANTANA",
        "tipo": "Fija",
        "marca": "DAHUA",
        "ubicacion": "JR LOS PINOS 457 Y AV EL PARQUE"
      }
    },
    {
      "type": "Feature",
      "geometry": {
        "type": "Point",
        "coordinates": [
          -11.983245,
          -76.998082
        ]
      },
      "properties": {
        "nombre": "VECINO ANTONIO TAPIA SANTANA",
        "tipo": "Fija",
        "marca": "DAHUA",
        "ubicacion": "JR LOS PINOS 457 Y AV EL PARQUE"
      }
    },
    {
      "type": "Feature",
      "geometry": {
        "type": "Point",
        "coordinates": [
          -11.983278,
          -76.998102
        ]
      },
      "properties": {
        "nombre": "VECINO ANTONIO TAPIA SANTANA",
        "tipo": "Fija",
        "marca": "DAHUA",
        "ubicacion": "JR LOS PINOS 457 Y AV EL PARQUE"
      }
    },
    {
      "type": "Feature",
      "geometry": {
        "type": "Point",
        "coordinates": [
          -11.970075,
          -76.993104
        ]
      },
      "properties": {
        "nombre": "VECINO Guicela beatriz Gutiérrez ",
        "tipo": "Fija",
        "marca": "DAHUA",
        "ubicacion": "AV. SANTA ROSA CON EL HABITO"
      }
    },
    {
      "type": "Feature",
      "geometry": {
        "type": "Point",
        "coordinates": [
          -11.970065,
          -76.993103
        ]
      },
      "properties": {
        "nombre": "VECINO Guicela beatriz Gutiérrez ",
        "tipo": "Fija",
        "marca": "DAHUA",
        "ubicacion": "AV. SANTA ROSA CON EL HABITO"
      }
    },
    {
      "type": "Feature",
      "geometry": {
        "type": "Point",
        "coordinates": [
          -11.970067,
          -76.993102
        ]
      },
      "properties": {
        "nombre": "VECINO Guicela beatriz Gutiérrez ",
        "tipo": "Fija",
        "marca": "DAHUA",
        "ubicacion": "AV. SANTA ROSA CON EL HABITO"
      }
    },
    {
      "type": "Feature",
      "geometry": {
        "type": "Point",
        "coordinates": [
          -11.970078,
          -76.9931
        ]
      },
      "properties": {
        "nombre": "VECINO Guicela beatriz Gutiérrez ",
        "tipo": "Fija",
        "marca": "DAHUA",
        "ubicacion": "AV. SANTA ROSA CON EL HABITO"
      }
    },
    {
      "type": "Feature",
      "geometry": {
        "type": "Point",
        "coordinates": [
          -11.970079,
          -76.993108
        ]
      },
      "properties": {
        "nombre": "VECINO Guicela beatriz Gutiérrez ",
        "tipo": "Fija",
        "marca": "DAHUA",
        "ubicacion": "AV. SANTA ROSA CON EL HABITO"
      }
    },
    {
      "type": "Feature",
      "geometry": {
        "type": "Point",
        "coordinates": [
          -11.955554,
          -76.980729
        ]
      },
      "properties": {
        "nombre": "MERCADO SANTA ROSA Misael Jesus",
        "tipo": "Fija",
        "marca": "DAHUA",
        "ubicacion": "PABLO DE OLAVIDE CON JR CIRCUNVALACION - MDO SANTA ROSA"
      }
    },
    {
      "type": "Feature",
      "geometry": {
        "type": "Point",
        "coordinates": [
          -11.955909,
          -76.98109
        ]
      },
      "properties": {
        "nombre": "MERCADO SANTA ROSA Misael Jesus",
        "tipo": "Fija",
        "marca": "DAHUA",
        "ubicacion": "PABLO DE OLAVIDE CON JR CIRCUNVALACION - MDO SANTA ROSA"
      }
    },
    {
      "type": "Feature",
      "geometry": {
        "type": "Point",
        "coordinates": [
          -11.955877,
          -76.981135
        ]
      },
      "properties": {
        "nombre": "MERCADO SANTA ROSA Misael Jesus",
        "tipo": "Fija",
        "marca": "DAHUA",
        "ubicacion": "PABLO DE OLAVIDE CON JR CIRCUNVALACION - MDO SANTA ROSA"
      }
    },
    {
      "type": "Feature",
      "geometry": {
        "type": "Point",
        "coordinates": [
          -11.955758,
          -76.981371
        ]
      },
      "properties": {
        "nombre": "MERCADO SANTA ROSA Misael Jesus",
        "tipo": "Fija",
        "marca": "DAHUA",
        "ubicacion": "PABLO DE OLAVIDE CON JR CIRCUNVALACION - MDO SANTA ROSA"
      }
    },
    {
      "type": "Feature",
      "geometry": {
        "type": "Point",
        "coordinates": [
          -11.95531,
          -76.981128
        ]
      },
      "properties": {
        "nombre": "MERCADO SANTA ROSA Misael Jesus",
        "tipo": "Fija",
        "marca": "DAHUA",
        "ubicacion": "PABLO DE OLAVIDE CON JR CIRCUNVALACION - MDO SANTA ROSA"
      }
    },
    {
      "type": "Feature",
      "geometry": {
        "type": "Point",
        "coordinates": [
          -11.955653,
          -76.980629
        ]
      },
      "properties": {
        "nombre": "MERCADO SANTA ROSA Misael Jesus",
        "tipo": "Fija",
        "marca": "DAHUA",
        "ubicacion": "PABLO DE OLAVIDE CON JR CIRCUNVALACION - MDO SANTA ROSA"
      }
    },
    {
      "type": "Feature",
      "geometry": {
        "type": "Point",
        "coordinates": [
          -11.955654,
          -76.980656
        ]
      },
      "properties": {
        "nombre": "MERCADO SANTA ROSA Misael Jesus",
        "tipo": "Fija",
        "marca": "DAHUA",
        "ubicacion": "PABLO DE OLAVIDE CON JR CIRCUNVALACION - MDO SANTA ROSA"
      }
    },
    {
      "type": "Feature",
      "geometry": {
        "type": "Point",
        "coordinates": [
          -11.955771,
          -76.980615
        ]
      },
      "properties": {
        "nombre": "MERCADO SANTA ROSA Misael Jesus",
        "tipo": "Fija",
        "marca": "DAHUA",
        "ubicacion": "PABLO DE OLAVIDE CON JR CIRCUNVALACION - MDO SANTA ROSA"
      }
    },
    {
      "type": "Feature",
      "geometry": {
        "type": "Point",
        "coordinates": [
          -11.956019,
          -76.980874
        ]
      },
      "properties": {
        "nombre": "MERCADO SANTA ROSA Misael Jesus",
        "tipo": "Fija",
        "marca": "DAHUA",
        "ubicacion": "PABLO DE OLAVIDE CON JR CIRCUNVALACION - MDO SANTA ROSA"
      }
    },
    {
      "type": "Feature",
      "geometry": {
        "type": "Point",
        "coordinates": [
          -11.955915,
          -76.981088
        ]
      },
      "properties": {
        "nombre": "MERCADO SANTA ROSA Misael Jesus",
        "tipo": "Fija",
        "marca": "DAHUA",
        "ubicacion": "PABLO DE OLAVIDE CON JR CIRCUNVALACION - MDO SANTA ROSA"
      }
    },
    {
      "type": "Feature",
      "geometry": {
        "type": "Point",
        "coordinates": [
          -11.955912,
          -76.981079
        ]
      },
      "properties": {
        "nombre": "MERCADO SANTA ROSA Misael Jesus",
        "tipo": "Fija",
        "marca": "DAHUA",
        "ubicacion": "PABLO DE OLAVIDE CON JR CIRCUNVALACION - MDO SANTA ROSA"
      }
    },
    {
      "type": "Feature",
      "geometry": {
        "type": "Point",
        "coordinates": [
          -11.955911,
          -76.981078
        ]
      },
      "properties": {
        "nombre": "MERCADO SANTA ROSA Misael Jesus",
        "tipo": "Fija",
        "marca": "DAHUA",
        "ubicacion": "PABLO DE OLAVIDE CON JR CIRCUNVALACION - MDO SANTA ROSA"
      }
    },
    {
      "type": "Feature",
      "geometry": {
        "type": "Point",
        "coordinates": [
          -11.955909,
          -76.981075
        ]
      },
      "properties": {
        "nombre": "MERCADO SANTA ROSA Misael Jesus",
        "tipo": "Fija",
        "marca": "DAHUA",
        "ubicacion": "PABLO DE OLAVIDE CON JR CIRCUNVALACION - MDO SANTA ROSA"
      }
    },
    {
      "type": "Feature",
      "geometry": {
        "type": "Point",
        "coordinates": [
          -11.955908,
          -76.981077
        ]
      },
      "properties": {
        "nombre": "MERCADO SANTA ROSA Misael Jesus",
        "tipo": "Fija",
        "marca": "DAHUA",
        "ubicacion": "PABLO DE OLAVIDE CON JR CIRCUNVALACION - MDO SANTA ROSA"
      }
    },
    {
      "type": "Feature",
      "geometry": {
        "type": "Point",
        "coordinates": [
          -11.955905,
          -76.981072
        ]
      },
      "properties": {
        "nombre": "MERCADO SANTA ROSA Misael Jesus",
        "tipo": "Fija",
        "marca": "DAHUA",
        "ubicacion": "PABLO DE OLAVIDE CON JR CIRCUNVALACION - MDO SANTA ROSA"
      }
    },
    {
      "type": "Feature",
      "geometry": {
        "type": "Point",
        "coordinates": [
          -11.955907,
          -76.981071
        ]
      },
      "properties": {
        "nombre": "MERCADO SANTA ROSA Misael Jesus",
        "tipo": "Fija",
        "marca": "DAHUA",
        "ubicacion": "PABLO DE OLAVIDE CON JR CIRCUNVALACION - MDO SANTA ROSA"
      }
    },
    {
      "type": "Feature",
      "geometry": {
        "type": "Point",
        "coordinates": [
          -12.011203,
          -77.004226
        ]
      },
      "properties": {
        "nombre": "VECINO JOSE FRANCISCO LIRA ENRIQUEZ",
        "tipo": "Fija y domo",
        "marca": "DAHUA",
        "ubicacion": "JR LOS ANCIANOS Y JR LOS ALOES"
      }
    },
    {
      "type": "Feature",
      "geometry": {
        "type": "Point",
        "coordinates": [
          -12.011201,
          -77.004224
        ]
      },
      "properties": {
        "nombre": "VECINO JOSE FRANCISCO LIRA ENRIQUEZ",
        "tipo": "Fija y domo",
        "marca": "DAHUA",
        "ubicacion": "JR LOS ANCIANOS Y JR LOS ALOES"
      }
    },
    {
      "type": "Feature",
      "geometry": {
        "type": "Point",
        "coordinates": [
          -11.954972,
          -76.992214
        ]
      },
      "properties": {
        "nombre": "PARQUE HEROITO  ELIZABETH ALEJOS LACHIRA",
        "tipo": "Fija",
        "marca": "DAHUA",
        "ubicacion": "PARQUE HEROITO"
      }
    },
    {
      "type": "Feature",
      "geometry": {
        "type": "Point",
        "coordinates": [
          -11.95497,
          -76.992212
        ]
      },
      "properties": {
        "nombre": "PARQUE HEROITO  ELIZABETH ALEJOS LACHIRA",
        "tipo": "Fija",
        "marca": "DAHUA",
        "ubicacion": "PARQUE HEROITO"
      }
    },
    {
      "type": "Feature",
      "geometry": {
        "type": "Point",
        "coordinates": [
          -11.954975,
          -76.992215
        ]
      },
      "properties": {
        "nombre": "PARQUE HEROITO  ELIZABETH ALEJOS LACHIRA",
        "tipo": "Fija",
        "marca": "DAHUA",
        "ubicacion": "PARQUE HEROITO"
      }
    },
    {
      "type": "Feature",
      "geometry": {
        "type": "Point",
        "coordinates": [
          -11.954973,
          -76.992216
        ]
      },
      "properties": {
        "nombre": "PARQUE HEROITO  ELIZABETH ALEJOS LACHIRA",
        "tipo": "Fija",
        "marca": "DAHUA",
        "ubicacion": "PARQUE HEROITO"
      }
    },
    {
      "type": "Feature",
      "geometry": {
        "type": "Point",
        "coordinates": [
          -12.02743,
          -77.004913
        ]
      },
      "properties": {
        "nombre": "PARQUE ALEJANDRO BERTELLO - CARMEN NEURA",
        "tipo": "Fija",
        "marca": "HIK VISION",
        "ubicacion": "PARQUE ALEJANDRO BERTELLO"
      }
    },
    {
      "type": "Feature",
      "geometry": {
        "type": "Point",
        "coordinates": [
          -12.02563,
          -77.006372
        ]
      },
      "properties": {
        "nombre": " VECINO EDER REYES",
        "tipo": "Fija",
        "marca": "HIK VISION",
        "ubicacion": "Calle Los Chasquis / Calle Ayar Manco"
      }
    },
    {
      "type": "Feature",
      "geometry": {
        "type": "Point",
        "coordinates": [
          -12.025645,
          -77.006421
        ]
      },
      "properties": {
        "nombre": " VECINO EDER REYES",
        "tipo": "Fija",
        "marca": "HIK VISION",
        "ubicacion": "Calle Los Chasquis / Calle Ayar Manco"
      }
    },
    {
      "type": "Feature",
      "geometry": {
        "type": "Point",
        "coordinates": [
          -12.016455,
          -76.98312
        ]
      },
      "properties": {
        "nombre": "VECINO MARCELO MARTEL",
        "tipo": "Fija",
        "marca": "HIK VISION",
        "ubicacion": "AV. SANTUARIO 1847"
      }
    },
    {
      "type": "Feature",
      "geometry": {
        "type": "Point",
        "coordinates": [
          -12.027239,
          -77.009577
        ]
      },
      "properties": {
        "nombre": "PARQUE ATAHUALPA - EVER ALVAREZ",
        "tipo": "Fija",
        "marca": "HIK VISION",
        "ubicacion": "JR TIAHUANACO CON LAS POSTAS"
      }
    },
    {
      "type": "Feature",
      "geometry": {
        "type": "Point",
        "coordinates": [
          -12.026817,
          -77.006448
        ]
      },
      "properties": {
        "nombre": "PARQUE ATAHUALPA - EVER ALVAREZ",
        "tipo": "Fija",
        "marca": "HIK VISION",
        "ubicacion": "JR TIAHUANACO CON LAS POSTAS"
      }
    },
    {
      "type": "Feature",
      "geometry": {
        "type": "Point",
        "coordinates": [
          -12.026217,
          -77.008732
        ]
      },
      "properties": {
        "nombre": "PARQUE ATAHUALPA - EVER ALVAREZ",
        "tipo": "Fija",
        "marca": "HIK VISION",
        "ubicacion": "JR TIAHUANACO CON LAS POSTAS"
      }
    },
    {
      "type": "Feature",
      "geometry": {
        "type": "Point",
        "coordinates": [
          -12.009055,
          -77.005982
        ]
      },
      "properties": {
        "nombre": "COLEGIO SAN NICOLAS (NICOLAS NINA)",
        "tipo": "Fija",
        "marca": "DAHUA",
        "ubicacion": "Jr acebo 166 - urb las flores de Lima"
      }
    },
    {
      "type": "Feature",
      "geometry": {
        "type": "Point",
        "coordinates": [
          -12.012331,
          -76.962659
        ]
      },
      "properties": {
        "nombre": "COLEGIO SOLIDARIDAD III (PAOLI AULAS NUÑEZ)        \r\n",
        "tipo": "Fija",
        "marca": "DAHUA",
        "ubicacion": "Av Próceres S/N MzR Lote 15 3 era Campoy"
      }
    },
    {
      "type": "Feature",
      "geometry": {
        "type": "Point",
        "coordinates": [
          -12.012434,
          -76.962702
        ]
      },
      "properties": {
        "nombre": "COLEGIO SOLIDARIDAD III (PAOLI AULAS NUÑEZ)        \r\n",
        "tipo": "Fija",
        "marca": "DAHUA",
        "ubicacion": "Av Próceres S/N MzR Lote 15 3 era Campoy"
      }
    },
    {
      "type": "Feature",
      "geometry": {
        "type": "Point",
        "coordinates": [
          -12.012803,
          -76.962386
        ]
      },
      "properties": {
        "nombre": "COLEGIO SOLIDARIDAD III (PAOLI AULAS NUÑEZ)        \r\n",
        "tipo": "Fija",
        "marca": "DAHUA",
        "ubicacion": "Av Próceres S/N MzR Lote 15 3 era Campoy"
      }
    },
    {
      "type": "Feature",
      "geometry": {
        "type": "Point",
        "coordinates": [
          -12.012817,
          -76.962258
        ]
      },
      "properties": {
        "nombre": "COLEGIO SOLIDARIDAD III (PAOLI AULAS NUÑEZ)        \r\n",
        "tipo": "Fija",
        "marca": "DAHUA",
        "ubicacion": "Av Próceres S/N MzR Lote 15 3 era Campoy"
      }
    },
    {
      "type": "Feature",
      "geometry": {
        "type": "Point",
        "coordinates": [
          -12.012681,
          -76.961765
        ]
      },
      "properties": {
        "nombre": "COLEGIO SOLIDARIDAD III (PAOLI AULAS NUÑEZ)        \r\n",
        "tipo": "Fija",
        "marca": "DAHUA",
        "ubicacion": "Av Próceres S/N MzR Lote 15 3 era Campoy"
      }
    },
    {
      "type": "Feature",
      "geometry": {
        "type": "Point",
        "coordinates": [
          -12.012682,
          -76.961764
        ]
      },
      "properties": {
        "nombre": "COLEGIO SOLIDARIDAD III (PAOLI AULAS NUÑEZ)        \r\n",
        "tipo": "Fija",
        "marca": "DAHUA",
        "ubicacion": "Av Próceres S/N MzR Lote 15 3 era Campoy"
      }
    },
    {
      "type": "Feature",
      "geometry": {
        "type": "Point",
        "coordinates": [
          -12.012683,
          -76.961763
        ]
      },
      "properties": {
        "nombre": "COLEGIO SOLIDARIDAD III (PAOLI AULAS NUÑEZ)        \r\n",
        "tipo": "Fija",
        "marca": "DAHUA",
        "ubicacion": "Av Próceres S/N MzR Lote 15 3 era Campoy"
      }
    },
    {
      "type": "Feature",
      "geometry": {
        "type": "Point",
        "coordinates": [
          -12.012684,
          -76.961762
        ]
      },
      "properties": {
        "nombre": "COLEGIO SOLIDARIDAD III (PAOLI AULAS NUÑEZ)        \r\n",
        "tipo": "Fija",
        "marca": "DAHUA",
        "ubicacion": "Av Próceres S/N MzR Lote 15 3 era Campoy"
      }
    },
    {
      "type": "Feature",
      "geometry": {
        "type": "Point",
        "coordinates": [
          -12.012685,
          -76.96176
        ]
      },
      "properties": {
        "nombre": "COLEGIO SOLIDARIDAD III (PAOLI AULAS NUÑEZ)        \r\n",
        "tipo": "Fija",
        "marca": "DAHUA",
        "ubicacion": "Av Próceres S/N MzR Lote 15 3 era Campoy"
      }
    },
    {
      "type": "Feature",
      "geometry": {
        "type": "Point",
        "coordinates": [
          -12.013377,
          -76.979409
        ]
      },
      "properties": {
        "nombre": " Bredin reategui braga",
        "tipo": "Fija",
        "marca": "HIK VISION",
        "ubicacion": "Jr. Yuracyacu 219"
      }
    },
    {
      "type": "Feature",
      "geometry": {
        "type": "Point",
        "coordinates": [
          -12.013375,
          -76.979405
        ]
      },
      "properties": {
        "nombre": " Bredin reategui braga",
        "tipo": "Fija",
        "marca": "HIK VISION",
        "ubicacion": "Jr. Yuracyacu 219"
      }
    },
    {
      "type": "Feature",
      "geometry": {
        "type": "Point",
        "coordinates": [
          -12.013464,
          -76.979568
        ]
      },
      "properties": {
        "nombre": " Bredin reategui braga",
        "tipo": "Fija",
        "marca": "HIK VISION",
        "ubicacion": "Jr. Yuracyacu 219"
      }
    },
    {
      "type": "Feature",
      "geometry": {
        "type": "Point",
        "coordinates": [
          -12.013466,
          -76.979565
        ]
      },
      "properties": {
        "nombre": " Bredin reategui braga",
        "tipo": "Fija",
        "marca": "HIK VISION",
        "ubicacion": "Jr. Yuracyacu 219"
      }
    },
    {
      "type": "Feature",
      "geometry": {
        "type": "Point",
        "coordinates": [
          -12.022123,
          -77.002359
        ]
      },
      "properties": {
        "nombre": "LEON FERNANDEZ",
        "tipo": "Fija",
        "marca": "HIK VISION",
        "ubicacion": " CANCHA SINTÉTICA / Calle san luis gonzaga"
      }
    },
    {
      "type": "Feature",
      "geometry": {
        "type": "Point",
        "coordinates": [
          -12.022121,
          -77.002358
        ]
      },
      "properties": {
        "nombre": "LEON FERNANDEZ",
        "tipo": "Fija",
        "marca": "HIK VISION",
        "ubicacion": " CANCHA SINTÉTICA / Calle san luis gonzaga"
      }
    },
    {
      "type": "Feature",
      "geometry": {
        "type": "Point",
        "coordinates": [
          -11.989715,
          -77.00754844
        ]
      },
      "properties": {
        "nombre": "VECINO - CESAR TORRES",
        "tipo": "Fija y domo",
        "marca": "DAHUA",
        "ubicacion": "  AV. JORGE BASADRE ESTE # 295 CRUCE JR. LOS RUBÍS #2501"
      }
    },
    {
      "type": "Feature",
      "geometry": {
        "type": "Point",
        "coordinates": [
          -11.989731,
          -77.00762999
        ]
      },
      "properties": {
        "nombre": "VECINO - CESAR TORRES",
        "tipo": "Fija y domo",
        "marca": "DAHUA",
        "ubicacion": "  AV. JORGE BASADRE ESTE # 295 CRUCE JR. LOS RUBÍS #2502"
      }
    },
    {
      "type": "Feature",
      "geometry": {
        "type": "Point",
        "coordinates": [
          -11.989562,
          -77.007559
        ]
      },
      "properties": {
        "nombre": "VECINO - CESAR TORRES",
        "tipo": "Fija y domo",
        "marca": "DAHUA",
        "ubicacion": "  AV. JORGE BASADRE ESTE # 295 CRUCE JR. LOS RUBÍS #2503"
      }
    },
    {
      "type": "Feature",
      "geometry": {
        "type": "Point",
        "coordinates": [
          -11.989562,
          -77.00756
        ]
      },
      "properties": {
        "nombre": "VECINO - CESAR TORRES",
        "tipo": "Fija y domo",
        "marca": "DAHUA",
        "ubicacion": "  AV. JORGE BASADRE ESTE # 295 CRUCE JR. LOS RUBÍS #2504"
      }
    },
    {
      "type": "Feature",
      "geometry": {
        "type": "Point",
        "coordinates": [
          -12.021541,
          -76.978319
        ]
      },
      "properties": {
        "nombre": "Elodorio llumpo ángeles",
        "tipo": "Fija",
        "marca": "HIK VISION",
        "ubicacion": "Mz F LT 11 FLORES GALINDO AV. CAMPOY (AA HH 28 DE JULIO)"
      }
    },
    {
      "type": "Feature",
      "geometry": {
        "type": "Point",
        "coordinates": [
          -12.021582,
          -76.978312
        ]
      },
      "properties": {
        "nombre": "Elodorio llumpo ángeles",
        "tipo": "Fija",
        "marca": "HIK VISION",
        "ubicacion": "Mz F LT 11 FLORES GALINDO AV. CAMPOY (AA HH 28 DE JULIO)"
      }
    },
    {
      "type": "Feature",
      "geometry": {
        "type": "Point",
        "coordinates": [
          -12.021544,
          -76.978254
        ]
      },
      "properties": {
        "nombre": "Elodorio llumpo ángeles",
        "tipo": "Fija",
        "marca": "HIK VISION",
        "ubicacion": "Mz F LT 11 FLORES GALINDO AV. CAMPOY (AA HH 28 DE JULIO)"
      }
    },
    {
      "type": "Feature",
      "geometry": {
        "type": "Point",
        "coordinates": [
          -12.023834,
          -77.009113
        ]
      },
      "properties": {
        "nombre": "VICTORIA CRISPIN DE MALDONADO",
        "tipo": "Fija",
        "marca": "DAHUA",
        "ubicacion": "JR HIPOLITO UNANUE CON AV TUPAC AMARU "
      }
    },
    {
      "type": "Feature",
      "geometry": {
        "type": "Point",
        "coordinates": [
          -12.023812,
          -77.009076
        ]
      },
      "properties": {
        "nombre": "VICTORIA CRISPIN DE MALDONADO",
        "tipo": "Fija",
        "marca": "DAHUA",
        "ubicacion": "JR HIPOLITO UNANUE CON AV TUPAC AMARU "
      }
    },
    {
      "type": "Feature",
      "geometry": {
        "type": "Point",
        "coordinates": [
          -12.023584,
          -77.008995
        ]
      },
      "properties": {
        "nombre": "VICTORIA CRISPIN DE MALDONADO",
        "tipo": "Fija",
        "marca": "DAHUA",
        "ubicacion": "JR HIPOLITO UNANUE CON AV TUPAC AMARU "
      }
    },
    {
      "type": "Feature",
      "geometry": {
        "type": "Point",
        "coordinates": [
          -12.023409,
          -77.008828
        ]
      },
      "properties": {
        "nombre": "VICTORIA CRISPIN DE MALDONADO",
        "tipo": "Fija",
        "marca": "DAHUA",
        "ubicacion": "JR HIPOLITO UNANUE CON AV TUPAC AMARU "
      }
    },
    {
      "type": "Feature",
      "geometry": {
        "type": "Point",
        "coordinates": [
          -12.022941,
          -77.008371
        ]
      },
      "properties": {
        "nombre": "VICTORIA CRISPIN DE MALDONADO",
        "tipo": "Fija",
        "marca": "DAHUA",
        "ubicacion": "JR HIPOLITO UNANUE CON AV TUPAC AMARU "
      }
    },
    {
      "type": "Feature",
      "geometry": {
        "type": "Point",
        "coordinates": [
          -12.023832,
          -77.009111
        ]
      },
      "properties": {
        "nombre": "VICTORIA CRISPIN DE MALDONADO",
        "tipo": "Fija",
        "marca": "DAHUA",
        "ubicacion": "JR HIPOLITO UNANUE CON AV TUPAC AMARU "
      }
    },
    {
      "type": "Feature",
      "geometry": {
        "type": "Point",
        "coordinates": [
          -12.023582,
          -77.008993
        ]
      },
      "properties": {
        "nombre": "VICTORIA CRISPIN DE MALDONADO",
        "tipo": "Fija",
        "marca": "DAHUA",
        "ubicacion": "JR HIPOLITO UNANUE CON AV TUPAC AMARU "
      }
    },
    {
      "type": "Feature",
      "geometry": {
        "type": "Point",
        "coordinates": [
          -12.023155,
          -77.008563
        ]
      },
      "properties": {
        "nombre": "VICTORIA CRISPIN DE MALDONADO",
        "tipo": "Fija",
        "marca": "DAHUA",
        "ubicacion": "JR HIPOLITO UNANUE CON AV TUPAC AMARU "
      }
    },
    {
      "type": "Feature",
      "geometry": {
        "type": "Point",
        "coordinates": [
          -12.026103,
          -76.998683
        ]
      },
      "properties": {
        "nombre": "Eduardo Velasquez",
        "tipo": "Fija",
        "marca": "HIK VISION",
        "ubicacion": "Jr. Chavin de huantar /PARQUE LAS ÑUSTAS"
      }
    },
    {
      "type": "Feature",
      "geometry": {
        "type": "Point",
        "coordinates": [
          -12.025554,
          -76.99922
        ]
      },
      "properties": {
        "nombre": "Eduardo Velasquez",
        "tipo": "Fija",
        "marca": "HIK VISION",
        "ubicacion": "Jr. Chavin de huantar /PARQUE LAS ÑUSTAS"
      }
    },
    {
      "type": "Feature",
      "geometry": {
        "type": "Point",
        "coordinates": [
          -12.02555,
          -76.99918
        ]
      },
      "properties": {
        "nombre": "Eduardo Velasquez",
        "tipo": "Fija",
        "marca": "HIK VISION",
        "ubicacion": "Jr. Chavin de huantar /PARQUE LAS ÑUSTAS"
      }
    },
    {
      "type": "Feature",
      "geometry": {
        "type": "Point",
        "coordinates": [
          -12.025553,
          -76.999219
        ]
      },
      "properties": {
        "nombre": "Eduardo Velasquez",
        "tipo": "Fija",
        "marca": "HIK VISION",
        "ubicacion": "Jr. Chavin de huantar /PARQUE LAS ÑUSTAS"
      }
    },
    {
      "type": "Feature",
      "geometry": {
        "type": "Point",
        "coordinates": [
          -12.025549,
          -76.999217
        ]
      },
      "properties": {
        "nombre": "Eduardo Velasquez",
        "tipo": "Fija",
        "marca": "HIK VISION",
        "ubicacion": "Jr. Chavin de huantar /PARQUE LAS ÑUSTAS"
      }
    },
    {
      "type": "Feature",
      "geometry": {
        "type": "Point",
        "coordinates": [
          -12.01336,
          -76.995037
        ]
      },
      "properties": {
        "nombre": "Beatriz cusipuma Escobar ",
        "tipo": "Fija",
        "marca": "HIK VISION",
        "ubicacion": "Killa punchay colegio "
      }
    },
    {
      "type": "Feature",
      "geometry": {
        "type": "Point",
        "coordinates": [
          -12.013298,
          -76.9950417
        ]
      },
      "properties": {
        "nombre": "Beatriz cusipuma Escobar ",
        "tipo": "Fija",
        "marca": "HIK VISION",
        "ubicacion": "Killa punchay colegio "
      }
    },
    {
      "type": "Feature",
      "geometry": {
        "type": "Point",
        "coordinates": [
          -11.976506,
          -76.992824
        ]
      },
      "properties": {
        "nombre": "I.E NUESTRA SEÑORA DEL ROSARIO",
        "tipo": "Fija",
        "marca": "DAHUA",
        "ubicacion": "CALLE L ROSARIO 636 - 663"
      }
    },
    {
      "type": "Feature",
      "geometry": {
        "type": "Point",
        "coordinates": [
          -11.9766,
          -76.992807
        ]
      },
      "properties": {
        "nombre": "I.E NUESTRA SEÑORA DEL ROSARIO",
        "tipo": "Fija",
        "marca": "DAHUA",
        "ubicacion": "CALLE L ROSARIO 636 - 664"
      }
    },
    {
      "type": "Feature",
      "geometry": {
        "type": "Point",
        "coordinates": [
          -11.976464,
          -76.992794
        ]
      },
      "properties": {
        "nombre": "I.E NUESTRA SEÑORA DEL ROSARIO",
        "tipo": "Fija",
        "marca": "DAHUA",
        "ubicacion": "CALLE L ROSARIO 636 - 665"
      }
    },
    {
      "type": "Feature",
      "geometry": {
        "type": "Point",
        "coordinates": [
          -11.976514,
          -76.992772
        ]
      },
      "properties": {
        "nombre": "I.E NUESTRA SEÑORA DEL ROSARIO",
        "tipo": "Fija",
        "marca": "DAHUA",
        "ubicacion": "CALLE L ROSARIO 636 - 666"
      }
    },
    {
      "type": "Feature",
      "geometry": {
        "type": "Point",
        "coordinates": [
          -11.969159,
          -76.988735
        ]
      },
      "properties": {
        "nombre": "IE RAMIRO PRIALE",
        "tipo": "Fija",
        "marca": "DAHUA",
        "ubicacion": "CONTADORES Y GEOGRAFOS"
      }
    },
    {
      "type": "Feature",
      "geometry": {
        "type": "Point",
        "coordinates": [
          -11.969119,
          -76.989244
        ]
      },
      "properties": {
        "nombre": "IE RAMIRO PRIALE",
        "tipo": "Fija",
        "marca": "DAHUA",
        "ubicacion": "CONTADORES Y GEOGRAFOS"
      }
    },
    {
      "type": "Feature",
      "geometry": {
        "type": "Point",
        "coordinates": [
          -11.969266,
          -76.989067
        ]
      },
      "properties": {
        "nombre": "IE RAMIRO PRIALE",
        "tipo": "Fija",
        "marca": "DAHUA",
        "ubicacion": "CONTADORES Y GEOGRAFOS"
      }
    },
    {
      "type": "Feature",
      "geometry": {
        "type": "Point",
        "coordinates": [
          -11.969335,
          -76.988797
        ]
      },
      "properties": {
        "nombre": "IE RAMIRO PRIALE",
        "tipo": "Fija",
        "marca": "DAHUA",
        "ubicacion": "CONTADORES Y GEOGRAFOS"
      }
    },
    {
      "type": "Feature",
      "geometry": {
        "type": "Point",
        "coordinates": [
          -12.006962,
          -77.013506
        ]
      },
      "properties": {
        "nombre": "I.E FLORA TRISTAN        \r\n",
        "tipo": "Fija",
        "marca": "DAHUA",
        "ubicacion": "JR. Mandragoras 737\r\n"
      }
    },
    {
      "type": "Feature",
      "geometry": {
        "type": "Point",
        "coordinates": [
          -12.007039,
          -77.013733
        ]
      },
      "properties": {
        "nombre": "I.E FLORA TRISTAN        \r\n",
        "tipo": "Fija",
        "marca": "DAHUA",
        "ubicacion": "JR. Mandragoras 737\r\n"
      }
    },
    {
      "type": "Feature",
      "geometry": {
        "type": "Point",
        "coordinates": [
          -12.007054,
          -77.01378
        ]
      },
      "properties": {
        "nombre": "I.E FLORA TRISTAN        \r\n",
        "tipo": "Fija",
        "marca": "DAHUA",
        "ubicacion": "JR. Mandragoras 737\r\n"
      }
    },
    {
      "type": "Feature",
      "geometry": {
        "type": "Point",
        "coordinates": [
          -12.006025,
          -77.014581
        ]
      },
      "properties": {
        "nombre": "PARQUE LIBERTADORES - FREDDY LACHOS",
        "tipo": "Fija",
        "marca": "DAHUA",
        "ubicacion": "JR LOS CALAMOS Y JR LOS EBANOS - PARQUE LIBERTADORES"
      }
    },
    {
      "type": "Feature",
      "geometry": {
        "type": "Point",
        "coordinates": [
          -12.00596053,
          -77.01453085
        ]
      },
      "properties": {
        "nombre": "PARQUE LIBERTADORES - FREDDY LACHOS",
        "tipo": "Fija",
        "marca": "DAHUA",
        "ubicacion": "JR LOS CALAMOS Y JR LOS EBANOS - PARQUE LIBERTADORES"
      }
    },
    {
      "type": "Feature",
      "geometry": {
        "type": "Point",
        "coordinates": [
          -12.00663371,
          -77.01493177
        ]
      },
      "properties": {
        "nombre": "PARQUE LIBERTADORES - FREDDY LACHOS",
        "tipo": "Fija",
        "marca": "DAHUA",
        "ubicacion": "JR LOS CALAMOS Y JR LOS EBANOS - PARQUE LIBERTADORES"
      }
    },
    {
      "type": "Feature",
      "geometry": {
        "type": "Point",
        "coordinates": [
          -12.00523743,
          -77.01422419
        ]
      },
      "properties": {
        "nombre": "PARQUE LIBERTADORES - FREDDY LACHOS",
        "tipo": "Fija",
        "marca": "DAHUA",
        "ubicacion": "JR LOS CALAMOS Y JR LOS EBANOS - PARQUE LIBERTADORES"
      }
    },
    {
      "type": "Feature",
      "geometry": {
        "type": "Point",
        "coordinates": [
          -12.00515546,
          -77.01399168
        ]
      },
      "properties": {
        "nombre": "PARQUE LIBERTADORES - FREDDY LACHOS",
        "tipo": "Fija",
        "marca": "DAHUA",
        "ubicacion": "JR LOS CALAMOS Y JR LOS EBANOS - PARQUE LIBERTADORES"
      }
    },
    {
      "type": "Feature",
      "geometry": {
        "type": "Point",
        "coordinates": [
          -12.00511086,
          -77.01391993
        ]
      },
      "properties": {
        "nombre": "PARQUE LIBERTADORES - FREDDY LACHOS",
        "tipo": "Fija",
        "marca": "DAHUA",
        "ubicacion": "JR LOS CALAMOS Y JR LOS EBANOS - PARQUE LIBERTADORES"
      }
    },
    {
      "type": "Feature",
      "geometry": {
        "type": "Point",
        "coordinates": [
          -12.006604,
          -77.012464
        ]
      },
      "properties": {
        "nombre": "VECINO - MARCOS RAMIREZ\t\r\n",
        "tipo": "Fija y domo",
        "marca": "DAHUA",
        "ubicacion": "Jirón las alhucemas 127\r\n"
      }
    },
    {
      "type": "Feature",
      "geometry": {
        "type": "Point",
        "coordinates": [
          -12.006611,
          -77.012502
        ]
      },
      "properties": {
        "nombre": "VECINO - MARCOS RAMIREZ\t\r\n",
        "tipo": "Fija y domo",
        "marca": "DAHUA",
        "ubicacion": "Jirón las alhucemas 127\r\n"
      }
    },
    {
      "type": "Feature",
      "geometry": {
        "type": "Point",
        "coordinates": [
          -12.006221,
          -77.012569
        ]
      },
      "properties": {
        "nombre": "VECINO - MARCOS RAMIREZ\t\r\n",
        "tipo": "Fija y domo",
        "marca": "DAHUA",
        "ubicacion": "Jirón las alhucemas 127\r\n"
      }
    },
    {
      "type": "Feature",
      "geometry": {
        "type": "Point",
        "coordinates": [
          -12.006301,
          -77.012595
        ]
      },
      "properties": {
        "nombre": "VECINO - MARCOS RAMIREZ\t\r\n",
        "tipo": "Fija y domo",
        "marca": "DAHUA",
        "ubicacion": "Jirón las alhucemas 127\r\n"
      }
    },
    {
      "type": "Feature",
      "geometry": {
        "type": "Point",
        "coordinates": [
          -12.005883,
          -77.012679
        ]
      },
      "properties": {
        "nombre": "VECINO - MARCOS RAMIREZ\t\r\n",
        "tipo": "Fija y domo",
        "marca": "DAHUA",
        "ubicacion": "Jirón las alhucemas 127\r\n"
      }
    },
    {
      "type": "Feature",
      "geometry": {
        "type": "Point",
        "coordinates": [
          -12.005483,
          -77.012806
        ]
      },
      "properties": {
        "nombre": "VECINO - MARCOS RAMIREZ\t\r\n",
        "tipo": "Fija y domo",
        "marca": "DAHUA",
        "ubicacion": "Jirón las alhucemas 127\r\n"
      }
    },
    {
      "type": "Feature",
      "geometry": {
        "type": "Point",
        "coordinates": [
          -12.005617,
          -77.012828
        ]
      },
      "properties": {
        "nombre": "VECINO - MARCOS RAMIREZ\t\r\n",
        "tipo": "Fija y domo",
        "marca": "DAHUA",
        "ubicacion": "Jirón las alhucemas 127\r\n"
      }
    },
    {
      "type": "Feature",
      "geometry": {
        "type": "Point",
        "coordinates": [
          -12.005001,
          -77.013018
        ]
      },
      "properties": {
        "nombre": "VECINO - MARCOS RAMIREZ\t\r\n",
        "tipo": "Fija y domo",
        "marca": "DAHUA",
        "ubicacion": "Jirón las alhucemas 127\r\n"
      }
    },
    {
      "type": "Feature",
      "geometry": {
        "type": "Point",
        "coordinates": [
          -11.982177,
          -77.0133922
        ]
      },
      "properties": {
        "nombre": "VECINO - WILLY TUCTO ",
        "tipo": "Fija",
        "marca": "DAHUA",
        "ubicacion": "AV. CANTO GRANDE MZ A LT 1 URB. SANTA ELIZABETH 2 ETA "
      }
    },
    {
      "type": "Feature",
      "geometry": {
        "type": "Point",
        "coordinates": [
          -11.982133,
          -77.0133547
        ]
      },
      "properties": {
        "nombre": "VECINO - WILLY TUCTO ",
        "tipo": "Fija",
        "marca": "DAHUA",
        "ubicacion": "AV. CANTO GRANDE MZ A LT 1 URB. SANTA ELIZABETH 2 ETA "
      }
    },
    {
      "type": "Feature",
      "geometry": {
        "type": "Point",
        "coordinates": [
          -11.981642,
          -77.017269
        ]
      },
      "properties": {
        "nombre": "VECINO - Deivis Ortega Bendezu",
        "tipo": "Fija",
        "marca": "DAHUA",
        "ubicacion": "Jr. nevado 301 URB santa Elizabeth II etapa\r\n"
      }
    },
    {
      "type": "Feature",
      "geometry": {
        "type": "Point",
        "coordinates": [
          -11.98164,
          -77.017267
        ]
      },
      "properties": {
        "nombre": "VECINO - Deivis Ortega Bendezu",
        "tipo": "Fija",
        "marca": "DAHUA",
        "ubicacion": "Jr. nevado 301 URB santa Elizabeth II etapa\r\n"
      }
    },
    {
      "type": "Feature",
      "geometry": {
        "type": "Point",
        "coordinates": [
          -11.964504,
          -77.001753
        ]
      },
      "properties": {
        "nombre": "JHON VASQUEZ ",
        "tipo": "Fija",
        "marca": "DAHUA",
        "ubicacion": "CANTO GRANDE 12 / MZ M1 LT 38-A "
      }
    },
    {
      "type": "Feature",
      "geometry": {
        "type": "Point",
        "coordinates": [
          -11.964506,
          -77.001752
        ]
      },
      "properties": {
        "nombre": "JHON VASQUEZ ",
        "tipo": "Fija",
        "marca": "DAHUA",
        "ubicacion": "CANTO GRANDE 12 / MZ M1 LT 38-A "
      }
    },
    {
      "type": "Feature",
      "geometry": {
        "type": "Point",
        "coordinates": [
          -11.986462,
          -77.016483
        ]
      },
      "properties": {
        "nombre": "Eduardo Alvarado blanco ",
        "tipo": "Fija",
        "marca": "DAHUA",
        "ubicacion": "Mercado cacctus de Ayacucho       "
      }
    },
    {
      "type": "Feature",
      "geometry": {
        "type": "Point",
        "coordinates": [
          -11.986087,
          -77.016429
        ]
      },
      "properties": {
        "nombre": "Eduardo Alvarado blanco ",
        "tipo": "Fija",
        "marca": "DAHUA",
        "ubicacion": "Mercado cacctus de Ayacucho       "
      }
    },
    {
      "type": "Feature",
      "geometry": {
        "type": "Point",
        "coordinates": [
          -11.986363,
          -77.016831
        ]
      },
      "properties": {
        "nombre": "Eduardo Alvarado blanco ",
        "tipo": "Fija",
        "marca": "DAHUA",
        "ubicacion": "Mercado cacctus de Ayacucho       "
      }
    },
    {
      "type": "Feature",
      "geometry": {
        "type": "Point",
        "coordinates": [
          -11.986461,
          -77.016482
        ]
      },
      "properties": {
        "nombre": "Eduardo Alvarado blanco ",
        "tipo": "Fija",
        "marca": "DAHUA",
        "ubicacion": "Mercado cacctus de Ayacucho       "
      }
    },
    {
      "type": "Feature",
      "geometry": {
        "type": "Point",
        "coordinates": [
          -12.014801,
          -77.002666
        ]
      },
      "properties": {
        "nombre": "Marcos Chapoñan",
        "tipo": "Fija",
        "marca": "DAHUA",
        "ubicacion": "CALLE LOS TORNILLOS CON BLVD. LAS LAUSONIAS"
      }
    },
    {
      "type": "Feature",
      "geometry": {
        "type": "Point",
        "coordinates": [
          -12.014802,
          -77.002664
        ]
      },
      "properties": {
        "nombre": "Marcos Chapoñan",
        "tipo": "Fija",
        "marca": "DAHUA",
        "ubicacion": "CALLE LOS TORNILLOS CON BLVD. LAS LAUSONIAS"
      }
    },
    {
      "type": "Feature",
      "geometry": {
        "type": "Point",
        "coordinates": [
          -12.030105,
          -77.015226
        ]
      },
      "properties": {
        "nombre": "Wilfredo Espinoza",
        "tipo": "Fija",
        "marca": "HIK VISION",
        "ubicacion": "JR MANCORA CON CAJAMARCA"
      }
    },
    {
      "type": "Feature",
      "geometry": {
        "type": "Point",
        "coordinates": [
          -12.030103,
          -77.015224
        ]
      },
      "properties": {
        "nombre": "Wilfredo Espinoza",
        "tipo": "Fija",
        "marca": "HIK VISION",
        "ubicacion": "JR MANCORA CON CAJAMARCA"
      }
    },
    {
      "type": "Feature",
      "geometry": {
        "type": "Point",
        "coordinates": [
          -12.029669,
          -77.015252
        ]
      },
      "properties": {
        "nombre": "Wilfredo Espinoza",
        "tipo": "Fija",
        "marca": "HIK VISION",
        "ubicacion": "JR MANCORA CON CAJAMARCA"
      }
    },
    {
      "type": "Feature",
      "geometry": {
        "type": "Point",
        "coordinates": [
          -12.030291,
          -77.015219
        ]
      },
      "properties": {
        "nombre": "Wilfredo Espinoza",
        "tipo": "Fija",
        "marca": "HIK VISION",
        "ubicacion": "JR MANCORA CON CAJAMARCA"
      }
    },
    {
      "type": "Feature",
      "geometry": {
        "type": "Point",
        "coordinates": [
          -12.029942,
          -77.015271
        ]
      },
      "properties": {
        "nombre": "Wilfredo Espinoza",
        "tipo": "Fija",
        "marca": "HIK VISION",
        "ubicacion": "JR MANCORA CON CAJAMARCA"
      }
    },
    {
      "type": "Feature",
      "geometry": {
        "type": "Point",
        "coordinates": [
          -12.029958,
          -77.01522
        ]
      },
      "properties": {
        "nombre": "Wilfredo Espinoza",
        "tipo": "Fija",
        "marca": "HIK VISION",
        "ubicacion": "JR MANCORA CON CAJAMARCA"
      }
    },
    {
      "type": "Feature",
      "geometry": {
        "type": "Point",
        "coordinates": [
          -12.030215,
          -77.015227
        ]
      },
      "properties": {
        "nombre": "Wilfredo Espinoza",
        "tipo": "Fija",
        "marca": "HIK VISION",
        "ubicacion": "JR MANCORA CON CAJAMARCA"
      }
    },
    {
      "type": "Feature",
      "geometry": {
        "type": "Point",
        "coordinates": [
          -12.030213,
          -77.015225
        ]
      },
      "properties": {
        "nombre": "Wilfredo Espinoza",
        "tipo": "Fija",
        "marca": "HIK VISION",
        "ubicacion": "JR MANCORA CON CAJAMARCA"
      }
    },
    {
      "type": "Feature",
      "geometry": {
        "type": "Point",
        "coordinates": [
          -12.025852,
          -76.999842
        ]
      },
      "properties": {
        "nombre": "CASA - EDUARDO",
        "tipo": "Fija",
        "marca": "HIK VISION",
        "ubicacion": "JR. Contisuyo #289 - PARQUE LAS ÑUSTAS\r\n"
      }
    },
    {
      "type": "Feature",
      "geometry": {
        "type": "Point",
        "coordinates": [
          -12.025819,
          -76.999856
        ]
      },
      "properties": {
        "nombre": "CASA - EDUARDO",
        "tipo": "Fija",
        "marca": "HIK VISION",
        "ubicacion": "JR. Contisuyo #289 - PARQUE LAS ÑUSTAS\r\n"
      }
    },
    {
      "type": "Feature",
      "geometry": {
        "type": "Point",
        "coordinates": [
          -12.025818,
          -76.999854
        ]
      },
      "properties": {
        "nombre": "CASA - EDUARDO",
        "tipo": "Fija",
        "marca": "HIK VISION",
        "ubicacion": "JR. Contisuyo #289 - PARQUE LAS ÑUSTAS\r\n"
      }
    },
    {
      "type": "Feature",
      "geometry": {
        "type": "Point",
        "coordinates": [
          -12.025817,
          -76.999855
        ]
      },
      "properties": {
        "nombre": "CASA - EDUARDO",
        "tipo": "Fija",
        "marca": "HIK VISION",
        "ubicacion": "JR. Contisuyo #289 - PARQUE LAS ÑUSTAS\r\n"
      }
    },
    {
      "type": "Feature",
      "geometry": {
        "type": "Point",
        "coordinates": [
          -12.025816,
          -76.999853
        ]
      },
      "properties": {
        "nombre": "CASA - EDUARDO",
        "tipo": "Fija",
        "marca": "HIK VISION",
        "ubicacion": "JR. Contisuyo #289 - PARQUE LAS ÑUSTAS\r\n"
      }
    },
    {
      "type": "Feature",
      "geometry": {
        "type": "Point",
        "coordinates": [
          -12.009664,
          -76.978445
        ]
      },
      "properties": {
        "nombre": "VECINO - JUANA TELLES\r\n",
        "tipo": "Fija",
        "marca": "HIK VISION",
        "ubicacion": "Jr. WANCHUY 157"
      }
    },
    {
      "type": "Feature",
      "geometry": {
        "type": "Point",
        "coordinates": [
          -12.009681,
          -76.978488
        ]
      },
      "properties": {
        "nombre": "VECINO - JUANA TELLES\r\n",
        "tipo": "Fija",
        "marca": "HIK VISION",
        "ubicacion": "Jr. WANCHUY 158"
      }
    },
    {
      "type": "Feature",
      "geometry": {
        "type": "Point",
        "coordinates": [
          -12.00968,
          -76.978485
        ]
      },
      "properties": {
        "nombre": "VECINO - JUANA TELLES\r\n",
        "tipo": "Fija",
        "marca": "HIK VISION",
        "ubicacion": "Jr. WANCHUY 159"
      }
    },
    {
      "type": "Feature",
      "geometry": {
        "type": "Point",
        "coordinates": [
          -12.009241,
          -77.013182
        ]
      },
      "properties": {
        "nombre": "VECINO - Jose Garnica Fernandez",
        "tipo": "Fija",
        "marca": "HIK VISION",
        "ubicacion": "Jr. Las coralinas 770"
      }
    },
    {
      "type": "Feature",
      "geometry": {
        "type": "Point",
        "coordinates": [
          -12.009224,
          -77.013132
        ]
      },
      "properties": {
        "nombre": "VECINO - Jose Garnica Fernandez",
        "tipo": "Fija",
        "marca": "HIK VISION",
        "ubicacion": "Jr. Las coralinas 771"
      }
    },
    {
      "type": "Feature",
      "geometry": {
        "type": "Point",
        "coordinates": [
          -12.006193,
          -77.006748
        ]
      },
      "properties": {
        "nombre": "VECINO - DAVID HUAYPAYA - TIENDA BITEL\r\n",
        "tipo": "Fija",
        "marca": "HIK VISION",
        "ubicacion": "Av.los jardines oeste 124"
      }
    },
    {
      "type": "Feature",
      "geometry": {
        "type": "Point",
        "coordinates": [
          -12.006179,
          -77.006715
        ]
      },
      "properties": {
        "nombre": "VECINO - DAVID HUAYPAYA - TIENDA BITEL\r\n",
        "tipo": "Fija",
        "marca": "HIK VISION",
        "ubicacion": "Av.los jardines oeste 125"
      }
    },
    {
      "type": "Feature",
      "geometry": {
        "type": "Point",
        "coordinates": [
          -11.992233,
          -77.001488
        ]
      },
      "properties": {
        "nombre": "VECINO - JEREMY GUTIERREZ - IGLESIA EVANGÉLICA \"JESUS EL BUEN CAMINO\"\r\n",
        "tipo": "Fija",
        "marca": "HIK VISION",
        "ubicacion": "JR. ASBESTOS 663 - 669"
      }
    },
    {
      "type": "Feature",
      "geometry": {
        "type": "Point",
        "coordinates": [
          -11.996734,
          -76.999351
        ]
      },
      "properties": {
        "nombre": "VECINO - LUIS ALBERTO RONDOM",
        "tipo": "Fija",
        "marca": "HIK VISION",
        "ubicacion": "JR. LOS GRAFITOS 786"
      }
    },
    {
      "type": "Feature",
      "geometry": {
        "type": "Point",
        "coordinates": [
          -11.996742,
          -76.999336
        ]
      },
      "properties": {
        "nombre": "VECINO - LUIS ALBERTO RONDOM",
        "tipo": "Fija",
        "marca": "HIK VISION",
        "ubicacion": "JR. LOS GRAFITOS 787"
      }
    },
    {
      "type": "Feature",
      "geometry": {
        "type": "Point",
        "coordinates": [
          -11.999065,
          -76.998663
        ]
      },
      "properties": {
        "nombre": "VECINO - LUIS HONORIO VARGAS\r\n",
        "tipo": "Fija",
        "marca": "HIK VISION",
        "ubicacion": "EL MARMOL 780 - 782"
      }
    },
    {
      "type": "Feature",
      "geometry": {
        "type": "Point",
        "coordinates": [
          -11.999061,
          -76.998638
        ]
      },
      "properties": {
        "nombre": "VECINO - LUIS HONORIO VARGAS\r\n",
        "tipo": "Fija",
        "marca": "HIK VISION",
        "ubicacion": "EL MARMOL 780 - 783"
      }
    },
    {
      "type": "Feature",
      "geometry": {
        "type": "Point",
        "coordinates": [
          -11.999055,
          -76.998616
        ]
      },
      "properties": {
        "nombre": "VECINO - LUIS HONORIO VARGAS\r\n",
        "tipo": "Fija",
        "marca": "HIK VISION",
        "ubicacion": "EL MARMOL 780 - 784"
      }
    },
    {
      "type": "Feature",
      "geometry": {
        "type": "Point",
        "coordinates": [
          -12.005261,
          -77.014712
        ]
      },
      "properties": {
        "nombre": "VECINO - Renzo segarra legua",
        "tipo": "Fija",
        "marca": "HIK VISION",
        "ubicacion": "Av. Las marticarias 724"
      }
    },
    {
      "type": "Feature",
      "geometry": {
        "type": "Point",
        "coordinates": [
          -12.005286,
          -77.014724
        ]
      },
      "properties": {
        "nombre": "VECINO - Renzo segarra legua",
        "tipo": "Fija",
        "marca": "HIK VISION",
        "ubicacion": "Av. Las marticarias 725"
      }
    },
    {
      "type": "Feature",
      "geometry": {
        "type": "Point",
        "coordinates": [
          -12.005291,
          -77.014722
        ]
      },
      "properties": {
        "nombre": "VECINO - Renzo segarra legua",
        "tipo": "Fija",
        "marca": "HIK VISION",
        "ubicacion": "Av. Las marticarias 726"
      }
    },
    {
      "type": "Feature",
      "geometry": {
        "type": "Point",
        "coordinates": [
          -12.005684,
          -77.010003
        ]
      },
      "properties": {
        "nombre": "VECINO - Carlos bautista pantoja - CETPRO TÉCNICO SAN HILARIÓN\r\n",
        "tipo": "Fija",
        "marca": "HIK VISION",
        "ubicacion": "Calle las madragoras 417\r\n"
      }
    },
    {
      "type": "Feature",
      "geometry": {
        "type": "Point",
        "coordinates": [
          -12.005697,
          -77.009964
        ]
      },
      "properties": {
        "nombre": "VECINO - Carlos bautista pantoja - CETPRO TÉCNICO SAN HILARIÓN\r\n",
        "tipo": "Fija",
        "marca": "HIK VISION",
        "ubicacion": "Calle las madragoras 417\r\n"
      }
    },
    {
      "type": "Feature",
      "geometry": {
        "type": "Point",
        "coordinates": [
          -12.009098,
          -76.998437
        ]
      },
      "properties": {
        "nombre": "VECINO - Juan Daniel Chávez medina\r\n",
        "tipo": "Fija",
        "marca": "HIK VISION",
        "ubicacion": "Programa la basília mz. A lte 1 urb. Inca manco Capac\r\n"
      }
    },
    {
      "type": "Feature",
      "geometry": {
        "type": "Point",
        "coordinates": [
          -12.009096,
          -76.998435
        ]
      },
      "properties": {
        "nombre": "VECINO - Juan Daniel Chávez medina\r\n",
        "tipo": "Fija",
        "marca": "HIK VISION",
        "ubicacion": "Programa la basília mz. A lte 1 urb. Inca manco Capac\r\n"
      }
    },
    {
      "type": "Feature",
      "geometry": {
        "type": "Point",
        "coordinates": [
          -12.00283,
          -76.993803
        ]
      },
      "properties": {
        "nombre": "VECINO - Victor SOTERO\r\n",
        "tipo": "Fija",
        "marca": "HIK VISION",
        "ubicacion": "Mz a lt 9 sauce chico"
      }
    },
    {
      "type": "Feature",
      "geometry": {
        "type": "Point",
        "coordinates": [
          -12.002829,
          -76.993802
        ]
      },
      "properties": {
        "nombre": "VECINO - Victor SOTERO\r\n",
        "tipo": "Fija",
        "marca": "HIK VISION",
        "ubicacion": "Mz a lt 9 sauce chico"
      }
    },
    {
      "type": "Feature",
      "geometry": {
        "type": "Point",
        "coordinates": [
          -12.005636,
          -77.007137
        ]
      },
      "properties": {
        "nombre": "VECINO - Juan Roman Lopez\r\n",
        "tipo": "Fija",
        "marca": "HIK VISION",
        "ubicacion": "Jr. Las rimarinas 713"
      }
    },
    {
      "type": "Feature",
      "geometry": {
        "type": "Point",
        "coordinates": [
          -12.005632,
          -77.007135
        ]
      },
      "properties": {
        "nombre": "VECINO - Juan Roman Lopez\r\n",
        "tipo": "Fija",
        "marca": "HIK VISION",
        "ubicacion": "Jr. Las rimarinas 714"
      }
    },
    {
      "type": "Feature",
      "geometry": {
        "type": "Point",
        "coordinates": [
          -12.00128,
          -77.0164
        ]
      },
      "properties": {
        "nombre": "COLEGIO PIERRE DE FERMAT KARWACHI\r\n",
        "tipo": "Fija",
        "marca": "HIK VISION",
        "ubicacion": "CALLE LAS ORQUIDEAS CON AV CANTO GRANDE"
      }
    },
    {
      "type": "Feature",
      "geometry": {
        "type": "Point",
        "coordinates": [
          -12.001212,
          -77.016442
        ]
      },
      "properties": {
        "nombre": "COLEGIO PIERRE DE FERMAT KARWACHI\r\n",
        "tipo": "Fija",
        "marca": "HIK VISION",
        "ubicacion": "CALLE LAS ORQUIDEAS CON AV CANTO GRANDE"
      }
    },
    {
      "type": "Feature",
      "geometry": {
        "type": "Point",
        "coordinates": [
          -12.001218,
          -77.016415
        ]
      },
      "properties": {
        "nombre": "COLEGIO PIERRE DE FERMAT KARWACHI\r\n",
        "tipo": "Fija",
        "marca": "HIK VISION",
        "ubicacion": "CALLE LAS ORQUIDEAS CON AV CANTO GRANDE"
      }
    },
    {
      "type": "Feature",
      "geometry": {
        "type": "Point",
        "coordinates": [
          -12.003271,
          -76.993542
        ]
      },
      "properties": {
        "nombre": "I.E.P LEONARD EULER - ALEXANDER",
        "tipo": "Fija",
        "marca": "HIK VISION",
        "ubicacion": "Av jardines este 10680 urb inca manco capac "
      }
    },
    {
      "type": "Feature",
      "geometry": {
        "type": "Point",
        "coordinates": [
          -12.003273,
          -76.993543
        ]
      },
      "properties": {
        "nombre": "I.E.P LEONARD EULER - ALEXANDER",
        "tipo": "Fija",
        "marca": "HIK VISION",
        "ubicacion": "Av jardines este 10680 urb inca manco capac "
      }
    },
    {
      "type": "Feature",
      "geometry": {
        "type": "Point",
        "coordinates": [
          -11.939384,
          -76.976305
        ]
      },
      "properties": {
        "nombre": "VECINO - PIER ROJAS GALLARDO (FARMACIA)",
        "tipo": "Fija",
        "marca": "HIK VISION",
        "ubicacion": "Mar Rojo & Calle 39"
      }
    },
    {
      "type": "Feature",
      "geometry": {
        "type": "Point",
        "coordinates": [
          -12.024363,
          -76.982959
        ]
      },
      "properties": {
        "nombre": "I.E.P COLEGIO BIBLICO CATOLICO (EDA GOYCOCHEA CORNEJO)\r\n",
        "tipo": "Fija",
        "marca": "HIK VISION",
        "ubicacion": "Av. Gran Chimu 1857  I.E BIBLICO"
      }
    },
    {
      "type": "Feature",
      "geometry": {
        "type": "Point",
        "coordinates": [
          -12.024823,
          -76.991829
        ]
      },
      "properties": {
        "nombre": "I.E.P SAN JUAN BAUTISTA (EDILBERTO CHÁVEZ)\r\n",
        "tipo": "Fija",
        "marca": "HIK VISION",
        "ubicacion": "Jr. Los Amautas #1167,1171 Urb Zarate"
      }
    },
    {
      "type": "Feature",
      "geometry": {
        "type": "Point",
        "coordinates": [
          -12.024821,
          -76.991912
        ]
      },
      "properties": {
        "nombre": "I.E.P SAN JUAN BAUTISTA (EDILBERTO CHÁVEZ)\r\n",
        "tipo": "Fija",
        "marca": "HIK VISION",
        "ubicacion": "Jr. Los Amautas #1167,1171 Urb Zarate"
      }
    },
    {
      "type": "Feature",
      "geometry": {
        "type": "Point",
        "coordinates": [
          -12.011143,
          -76.996741
        ]
      },
      "properties": {
        "nombre": "HOSTAL - (Berlin Muñoz Grandez)",
        "tipo": "Fija",
        "marca": "HIK VISION",
        "ubicacion": "Av Santa Rosa de Lima Meza Lote 3,4 Urb Los Angeles "
      }
    },
    {
      "type": "Feature",
      "geometry": {
        "type": "Point",
        "coordinates": [
          -12.011296,
          -76.996685
        ]
      },
      "properties": {
        "nombre": "HOSTAL - (Berlin Muñoz Grandez)",
        "tipo": "Fija",
        "marca": "HIK VISION",
        "ubicacion": "Av Santa Rosa de Lima Meza Lote 3,4 Urb Los Angeles "
      }
    },
    {
      "type": "Feature",
      "geometry": {
        "type": "Point",
        "coordinates": [
          -12.011291,
          -76.99668
        ]
      },
      "properties": {
        "nombre": "HOSTAL - (Berlin Muñoz Grandez)",
        "tipo": "Fija",
        "marca": "HIK VISION",
        "ubicacion": "Av Santa Rosa de Lima Meza Lote 3,4 Urb Los Angeles "
      }
    },
    {
      "type": "Feature",
      "geometry": {
        "type": "Point",
        "coordinates": [
          -12.01193081,
          -77.00979408
        ]
      },
      "properties": {
        "nombre": "VECINO - CRISTIAN MERA",
        "tipo": "Fija",
        "marca": "HIK VISION",
        "ubicacion": "JR ambrosías Mz d lote 1"
      }
    },
    {
      "type": "Feature",
      "geometry": {
        "type": "Point",
        "coordinates": [
          -12.01194196,
          -77.00978804
        ]
      },
      "properties": {
        "nombre": "VECINO - CRISTIAN MERA",
        "tipo": "Fija",
        "marca": "HIK VISION",
        "ubicacion": "JR ambrosías Mz d lote 2"
      }
    },
    {
      "type": "Feature",
      "geometry": {
        "type": "Point",
        "coordinates": [
          -12.016664,
          -77.00472
        ]
      },
      "properties": {
        "nombre": "I.E.P LATINOAMERICANO (JORGE MARCOS)\r\n",
        "tipo": "Fija",
        "marca": "HIK VISION",
        "ubicacion": "Las hebeas 1019"
      }
    },
    {
      "type": "Feature",
      "geometry": {
        "type": "Point",
        "coordinates": [
          -12.016706,
          -77.004702
        ]
      },
      "properties": {
        "nombre": "I.E.P LATINOAMERICANO (JORGE MARCOS)\r\n",
        "tipo": "Fija",
        "marca": "HIK VISION",
        "ubicacion": "Las hebeas 1020"
      }
    },
    {
      "type": "Feature",
      "geometry": {
        "type": "Point",
        "coordinates": [
          -12.013398,
          -77.013132
        ]
      },
      "properties": {
        "nombre": "I..E.P SAN JUDAS DE LA SALLE - German Proleo\r\n",
        "tipo": "Fija",
        "marca": "HIK VISION",
        "ubicacion": "Calle los palmitos 953"
      }
    },
    {
      "type": "Feature",
      "geometry": {
        "type": "Point",
        "coordinates": [
          -12.013374,
          -77.013129
        ]
      },
      "properties": {
        "nombre": "I..E.P SAN JUDAS DE LA SALLE - German Proleo\r\n",
        "tipo": "Fija",
        "marca": "HIK VISION",
        "ubicacion": "Calle los palmitos 954"
      }
    },
    {
      "type": "Feature",
      "geometry": {
        "type": "Point",
        "coordinates": [
          -12.01446,
          -77.00299
        ]
      },
      "properties": {
        "nombre": "ENERLAB - FIORELA ALVA FARFAN\r\n",
        "tipo": "Fija",
        "marca": "HIK VISION",
        "ubicacion": "Jr los palmitos#127 Urb Jardines de San Juan "
      }
    },
    {
      "type": "Feature",
      "geometry": {
        "type": "Point",
        "coordinates": [
          -12.014462,
          -77.002991
        ]
      },
      "properties": {
        "nombre": "ENERLAB - FIORELA ALVA FARFAN\r\n",
        "tipo": "Fija",
        "marca": "HIK VISION",
        "ubicacion": "Jr los palmitos#127 Urb Jardines de San Juan "
      }
    },
    {
      "type": "Feature",
      "geometry": {
        "type": "Point",
        "coordinates": [
          -12.013201,
          -77.010637
        ]
      },
      "properties": {
        "nombre": "VECINO REYNOSO ZUÑEGA",
        "tipo": "Fija",
        "marca": "HIK VISION",
        "ubicacion": "JR. Las crucinelas 973"
      }
    },
    {
      "type": "Feature",
      "geometry": {
        "type": "Point",
        "coordinates": [
          -12.013262,
          -77.010629
        ]
      },
      "properties": {
        "nombre": "VECINO REYNOSO ZUÑEGA",
        "tipo": "Fija",
        "marca": "HIK VISION",
        "ubicacion": "JR. Las crucinelas 974"
      }
    },
    {
      "type": "Feature",
      "geometry": {
        "type": "Point",
        "coordinates": [
          -12.013409,
          -77.010634
        ]
      },
      "properties": {
        "nombre": "VECINO REYNOSO ZUÑEGA",
        "tipo": "Fija",
        "marca": "HIK VISION",
        "ubicacion": "JR. Las crucinelas 975"
      }
    },
    {
      "type": "Feature",
      "geometry": {
        "type": "Point",
        "coordinates": [
          -12.013393,
          -77.010645
        ]
      },
      "properties": {
        "nombre": "VECINO REYNOSO ZUÑEGA",
        "tipo": "Fija",
        "marca": "HIK VISION",
        "ubicacion": "JR. Las crucinelas 976"
      }
    },
    {
      "type": "Feature",
      "geometry": {
        "type": "Point",
        "coordinates": [
          -12.026698,
          -77.01389
        ]
      },
      "properties": {
        "nombre": "VECINA - Ana cornejo\r\n",
        "tipo": "Fija",
        "marca": "HIK VISION",
        "ubicacion": "Ca. arequipa 190"
      }
    },
    {
      "type": "Feature",
      "geometry": {
        "type": "Point",
        "coordinates": [
          -12.008613,
          -77.005807
        ]
      },
      "properties": {
        "nombre": "VECINO - ELVIS VETERINARIA\r\n",
        "tipo": "Fija",
        "marca": "HIK VISION",
        "ubicacion": "Los huertos 157"
      }
    },
    {
      "type": "Feature",
      "geometry": {
        "type": "Point",
        "coordinates": [
          -12.008611,
          -77.005801
        ]
      },
      "properties": {
        "nombre": "VECINO - ELVIS VETERINARIA\r\n",
        "tipo": "Fija",
        "marca": "HIK VISION",
        "ubicacion": "Los huertos 158"
      }
    },
    {
      "type": "Feature",
      "geometry": {
        "type": "Point",
        "coordinates": [
          -11.995417,
          -77.00077
        ]
      },
      "properties": {
        "nombre": "VECINO - Fortunato guitierrez (LOCAL DE REPUESTOS ROSITA)",
        "tipo": "Fija",
        "marca": "HIK VISION",
        "ubicacion": "Av. Sta. Rosa de Lima 2153\r\n"
      }
    },
    {
      "type": "Feature",
      "geometry": {
        "type": "Point",
        "coordinates": [
          -11.995462,
          -77.000764
        ]
      },
      "properties": {
        "nombre": "VECINO - Fortunato guitierrez (LOCAL DE REPUESTOS ROSITA)",
        "tipo": "Fija",
        "marca": "HIK VISION",
        "ubicacion": "Av. Sta. Rosa de Lima 2153\r\n"
      }
    },
    {
      "type": "Feature",
      "geometry": {
        "type": "Point",
        "coordinates": [
          -11.995408,
          -77.00076
        ]
      },
      "properties": {
        "nombre": "VECINO - Fortunato guitierrez (LOCAL DE REPUESTOS ROSITA)",
        "tipo": "Fija",
        "marca": "HIK VISION",
        "ubicacion": "Av. Sta. Rosa de Lima 2153\r\n"
      }
    },
    {
      "type": "Feature",
      "geometry": {
        "type": "Point",
        "coordinates": [
          -11.9955,
          -77.000777
        ]
      },
      "properties": {
        "nombre": "VECINO - Fortunato guitierrez (LOCAL DE REPUESTOS ROSITA)",
        "tipo": "Fija",
        "marca": "HIK VISION",
        "ubicacion": "Av. Sta. Rosa de Lima 2153\r\n"
      }
    },
    {
      "type": "Feature",
      "geometry": {
        "type": "Point",
        "coordinates": [
          -11.995429,
          -77.000778
        ]
      },
      "properties": {
        "nombre": "VECINO - Fortunato guitierrez (LOCAL DE REPUESTOS ROSITA)",
        "tipo": "Fija",
        "marca": "HIK VISION",
        "ubicacion": "Av. Sta. Rosa de Lima 2153\r\n"
      }
    },
    {
      "type": "Feature",
      "geometry": {
        "type": "Point",
        "coordinates": [
          -12.003865,
          -77.003204
        ]
      },
      "properties": {
        "nombre": "I.E.P HEROÍNA MICAELA BASTIDAS - LENNIN VERA",
        "tipo": "Fija",
        "marca": "HIK VISION",
        "ubicacion": "JR. Rubíes 1704\r\n"
      }
    },
    {
      "type": "Feature",
      "geometry": {
        "type": "Point",
        "coordinates": [
          -12.00383,
          -77.003227
        ]
      },
      "properties": {
        "nombre": "I.E.P HEROÍNA MICAELA BASTIDAS - LENNIN VERA",
        "tipo": "Fija",
        "marca": "HIK VISION",
        "ubicacion": "JR. Rubíes 1704\r\n"
      }
    },
    {
      "type": "Feature",
      "geometry": {
        "type": "Point",
        "coordinates": [
          -12.003793,
          -77.003165
        ]
      },
      "properties": {
        "nombre": "I.E.P HEROÍNA MICAELA BASTIDAS - LENNIN VERA",
        "tipo": "Fija",
        "marca": "HIK VISION",
        "ubicacion": "JR. Rubíes 1704\r\n"
      }
    },
    {
      "type": "Feature",
      "geometry": {
        "type": "Point",
        "coordinates": [
          -12.00231,
          -76.99793
        ]
      },
      "properties": {
        "nombre": "JUAN RIMAS - SANTA ROSA",
        "tipo": "Fija y domo",
        "marca": "HIK VISION",
        "ubicacion": "AV. LOS JARDINES CON OLIVINOS"
      }
    },
    {
      "type": "Feature",
      "geometry": {
        "type": "Point",
        "coordinates": [
          -12.002496,
          -76.997941
        ]
      },
      "properties": {
        "nombre": "JUAN RIMAS - SANTA ROSA",
        "tipo": "Fija y domo",
        "marca": "HIK VISION",
        "ubicacion": "AV. LOS JARDINES CON OLIVINOS"
      }
    },
    {
      "type": "Feature",
      "geometry": {
        "type": "Point",
        "coordinates": [
          -12.002977,
          -76.997687
        ]
      },
      "properties": {
        "nombre": "JUAN RIMAS - SANTA ROSA",
        "tipo": "Fija y domo",
        "marca": "HIK VISION",
        "ubicacion": "AV. LOS JARDINES CON OLIVINOS"
      }
    },
    {
      "type": "Feature",
      "geometry": {
        "type": "Point",
        "coordinates": [
          -12.003035,
          -76.997647
        ]
      },
      "properties": {
        "nombre": "JUAN RIMAS - SANTA ROSA",
        "tipo": "Fija y domo",
        "marca": "HIK VISION",
        "ubicacion": "AV. LOS JARDINES CON OLIVINOS"
      }
    },
    {
      "type": "Feature",
      "geometry": {
        "type": "Point",
        "coordinates": [
          -12.003483,
          -76.997601
        ]
      },
      "properties": {
        "nombre": "JUAN RIMAS - SANTA ROSA",
        "tipo": "Fija y domo",
        "marca": "HIK VISION",
        "ubicacion": "AV. LOS JARDINES CON OLIVINOS"
      }
    },
    {
      "type": "Feature",
      "geometry": {
        "type": "Point",
        "coordinates": [
          -12.003629,
          -76.997445
        ]
      },
      "properties": {
        "nombre": "JUAN RIMAS - SANTA ROSA",
        "tipo": "Fija y domo",
        "marca": "HIK VISION",
        "ubicacion": "AV. LOS JARDINES CON OLIVINOS"
      }
    },
    {
      "type": "Feature",
      "geometry": {
        "type": "Point",
        "coordinates": [
          -12.003627,
          -76.99744
        ]
      },
      "properties": {
        "nombre": "JUAN RIMAS - SANTA ROSA",
        "tipo": "Fija y domo",
        "marca": "HIK VISION",
        "ubicacion": "AV. LOS JARDINES CON OLIVINOS"
      }
    },
    {
      "type": "Feature",
      "geometry": {
        "type": "Point",
        "coordinates": [
          -12.003482,
          -76.997603
        ]
      },
      "properties": {
        "nombre": "JUAN RIMAS - SANTA ROSA",
        "tipo": "Fija y domo",
        "marca": "HIK VISION",
        "ubicacion": "AV. LOS JARDINES CON OLIVINOS"
      }
    },
    {
      "type": "Feature",
      "geometry": {
        "type": "Point",
        "coordinates": [
          -11.945103,
          -76.981052
        ]
      },
      "properties": {
        "nombre": "JUSTINIANO IZQUIERDO",
        "tipo": "Fija y domo",
        "marca": "HIK VISION",
        "ubicacion": "BALTAZAR CARAVEDO"
      }
    },
    {
      "type": "Feature",
      "geometry": {
        "type": "Point",
        "coordinates": [
          -11.944984,
          -76.981171
        ]
      },
      "properties": {
        "nombre": "JUSTINIANO IZQUIERDO",
        "tipo": "Fija y domo",
        "marca": "HIK VISION",
        "ubicacion": "BALTAZAR CARAVEDO"
      }
    },
    {
      "type": "Feature",
      "geometry": {
        "type": "Point",
        "coordinates": [
          -11.945447,
          -76.981048
        ]
      },
      "properties": {
        "nombre": "JUSTINIANO IZQUIERDO",
        "tipo": "Fija y domo",
        "marca": "HIK VISION",
        "ubicacion": "BALTAZAR CARAVEDO"
      }
    },
    {
      "type": "Feature",
      "geometry": {
        "type": "Point",
        "coordinates": [
          -11.944985,
          -76.981176
        ]
      },
      "properties": {
        "nombre": "JUSTINIANO IZQUIERDO",
        "tipo": "Fija y domo",
        "marca": "HIK VISION",
        "ubicacion": "BALTAZAR CARAVEDO"
      }
    },
    {
      "type": "Feature",
      "geometry": {
        "type": "Point",
        "coordinates": [
          -11.945445,
          -76.981043
        ]
      },
      "properties": {
        "nombre": "JUSTINIANO IZQUIERDO",
        "tipo": "Fija y domo",
        "marca": "HIK VISION",
        "ubicacion": "BALTAZAR CARAVEDO"
      }
    },
    {
      "type": "Feature",
      "geometry": {
        "type": "Point",
        "coordinates": [
          -12.0047,
          -77.017356
        ]
      },
      "properties": {
        "nombre": "MARIA-BOTICA",
        "tipo": "Fija",
        "marca": "HIK VISION",
        "ubicacion": "Cerca de Arequipa, Lima 15408"
      }
    },
    {
      "type": "Feature",
      "geometry": {
        "type": "Point",
        "coordinates": [
          -11.9997183,
          -77.00764243
        ]
      },
      "properties": {
        "nombre": "COLEGIO LA SALLE (CARLOS MOLINA)",
        "tipo": "Fija",
        "marca": "HIK VISION",
        "ubicacion": "COLEGIO LA SALLE / Jr zafiros 2002"
      }
    },
    {
      "type": "Feature",
      "geometry": {
        "type": "Point",
        "coordinates": [
          -11.99986,
          -77.008031
        ]
      },
      "properties": {
        "nombre": "COLEGIO LA SALLE (CARLOS MOLINA)",
        "tipo": "Fija",
        "marca": "HIK VISION",
        "ubicacion": "COLEGIO LA SALLE / Jr zafiros 2003"
      }
    },
    {
      "type": "Feature",
      "geometry": {
        "type": "Point",
        "coordinates": [
          -11.999919,
          -77.007977
        ]
      },
      "properties": {
        "nombre": "COLEGIO LA SALLE (CARLOS MOLINA)",
        "tipo": "Fija",
        "marca": "HIK VISION",
        "ubicacion": "COLEGIO LA SALLE / Jr zafiros 2004"
      }
    },
    {
      "type": "Feature",
      "geometry": {
        "type": "Point",
        "coordinates": [
          -11.994589,
          -77.003781
        ]
      },
      "properties": {
        "nombre": "I.E.P PITÁGORAS EL MATEMÁTICO (ELEMER PAREDES PEREZ)",
        "tipo": "Fija",
        "marca": "HIK VISION",
        "ubicacion": "Jr Arenicos Mz XLote 11. Urb La Huayrona "
      }
    },
    {
      "type": "Feature",
      "geometry": {
        "type": "Point",
        "coordinates": [
          -11.994587,
          -77.003779
        ]
      },
      "properties": {
        "nombre": "I.E.P PITÁGORAS EL MATEMÁTICO (ELEMER PAREDES PEREZ)",
        "tipo": "Fija",
        "marca": "HIK VISION",
        "ubicacion": "Jr Arenicos Mz XLote 11. Urb La Huayrona "
      }
    },
    {
      "type": "Feature",
      "geometry": {
        "type": "Point",
        "coordinates": [
          -12.002046,
          -76.996912
        ]
      },
      "properties": {
        "nombre": "Wuelber Gerrero Suarez",
        "tipo": "Fija",
        "marca": "HIK VISION",
        "ubicacion": "Av jardines este 800"
      }
    },
    {
      "type": "Feature",
      "geometry": {
        "type": "Point",
        "coordinates": [
          -12.001845,
          -76.996808
        ]
      },
      "properties": {
        "nombre": "Wuelber Gerrero Suarez",
        "tipo": "Fija",
        "marca": "HIK VISION",
        "ubicacion": "Av jardines este 800"
      }
    },
    {
      "type": "Feature",
      "geometry": {
        "type": "Point",
        "coordinates": [
          -11.958693,
          -76.984345
        ]
      },
      "properties": {
        "nombre": " Jesus Ordóñez Alvarez ",
        "tipo": "Fija",
        "marca": "HIK VISION",
        "ubicacion": " Mz. A5 Lt. 19 Urb. Mariscal Caseres"
      }
    },
    {
      "type": "Feature",
      "geometry": {
        "type": "Point",
        "coordinates": [
          -11.958692,
          -76.984343
        ]
      },
      "properties": {
        "nombre": " Jesus Ordóñez Alvarez ",
        "tipo": "Fija",
        "marca": "HIK VISION",
        "ubicacion": " Mz. A5 Lt. 19 Urb. Mariscal Caseres"
      }
    },
    {
      "type": "Feature",
      "geometry": {
        "type": "Point",
        "coordinates": [
          -11.95869,
          -76.98434
        ]
      },
      "properties": {
        "nombre": " Jesus Ordóñez Alvarez ",
        "tipo": "Fija",
        "marca": "HIK VISION",
        "ubicacion": " Mz. A5 Lt. 19 Urb. Mariscal Caseres"
      }
    },
    {
      "type": "Feature",
      "geometry": {
        "type": "Point",
        "coordinates": [
          -11.976165,
          -76.998015
        ]
      },
      "properties": {
        "nombre": "Wiliam Meza Orihuela",
        "tipo": "Fija",
        "marca": "DAHUA",
        "ubicacion": "\r\nRio Sullana 491"
      }
    },
    {
      "type": "Feature",
      "geometry": {
        "type": "Point",
        "coordinates": [
          -11.976155,
          -76.998005
        ]
      },
      "properties": {
        "nombre": "Wiliam Meza Orihuela",
        "tipo": "Fija",
        "marca": "DAHUA",
        "ubicacion": "\r\nRio Sullana 492"
      }
    },
    {
      "type": "Feature",
      "geometry": {
        "type": "Point",
        "coordinates": [
          -11.976163,
          -76.99801
        ]
      },
      "properties": {
        "nombre": "Wiliam Meza Orihuela",
        "tipo": "Fija",
        "marca": "DAHUA",
        "ubicacion": "\r\nRio Sullana 493"
      }
    },
    {
      "type": "Feature",
      "geometry": {
        "type": "Point",
        "coordinates": [
          -11.976162,
          -76.998009
        ]
      },
      "properties": {
        "nombre": "Wiliam Meza Orihuela",
        "tipo": "Fija",
        "marca": "DAHUA",
        "ubicacion": "\r\nRio Sullana 494"
      }
    },
    {
      "type": "Feature",
      "geometry": {
        "type": "Point",
        "coordinates": [
          -11.999869,
          -77.007999
        ]
      },
      "properties": {
        "nombre": "HOSTAL - Eladio Quintero Diaz",
        "tipo": "Fija",
        "marca": "HIK VISION",
        "ubicacion": "Jr Los Zafiros # 1874 Urb  Las Flores 78"
      }
    },
    {
      "type": "Feature",
      "geometry": {
        "type": "Point",
        "coordinates": [
          -11.999827,
          -77.008015
        ]
      },
      "properties": {
        "nombre": "HOSTAL - Eladio Quintero Diaz",
        "tipo": "Fija",
        "marca": "HIK VISION",
        "ubicacion": "Jr Los Zafiros # 1874 Urb  Las Flores 79"
      }
    },
    {
      "type": "Feature",
      "geometry": {
        "type": "Point",
        "coordinates": [
          -12.029099,
          -77.008498
        ]
      },
      "properties": {
        "nombre": "VECINO DANIEL QUEZADA \r\n",
        "tipo": "Fija",
        "marca": "HIK VISION",
        "ubicacion": "Calle .las Huacas 212 urb. Zarate\r\n"
      }
    },
    {
      "type": "Feature",
      "geometry": {
        "type": "Point",
        "coordinates": [
          -12.02902,
          -77.008514
        ]
      },
      "properties": {
        "nombre": "VECINO DANIEL QUEZADA \r\n",
        "tipo": "Fija",
        "marca": "HIK VISION",
        "ubicacion": "Calle .las Huacas 212 urb. Zarate\r\n"
      }
    },
    {
      "type": "Feature",
      "geometry": {
        "type": "Point",
        "coordinates": [
          -12.029072,
          -77.00852
        ]
      },
      "properties": {
        "nombre": "VECINO DANIEL QUEZADA \r\n",
        "tipo": "Fija",
        "marca": "HIK VISION",
        "ubicacion": "Calle .las Huacas 212 urb. Zarate\r\n"
      }
    },
    {
      "type": "Feature",
      "geometry": {
        "type": "Point",
        "coordinates": [
          -12.029117,
          -77.008423
        ]
      },
      "properties": {
        "nombre": "VECINO DANIEL QUEZADA \r\n",
        "tipo": "Fija",
        "marca": "HIK VISION",
        "ubicacion": "Calle .las Huacas 212 urb. Zarate\r\n"
      }
    },
    {
      "type": "Feature",
      "geometry": {
        "type": "Point",
        "coordinates": [
          -12.02912,
          -77.008455
        ]
      },
      "properties": {
        "nombre": "VECINO DANIEL QUEZADA \r\n",
        "tipo": "Fija",
        "marca": "HIK VISION",
        "ubicacion": "Calle .las Huacas 212 urb. Zarate\r\n"
      }
    },
    {
      "type": "Feature",
      "geometry": {
        "type": "Point",
        "coordinates": [
          -12.029107,
          -77.008429
        ]
      },
      "properties": {
        "nombre": "VECINO DANIEL QUEZADA \r\n",
        "tipo": "Fija",
        "marca": "HIK VISION",
        "ubicacion": "Calle .las Huacas 212 urb. Zarate\r\n"
      }
    },
    {
      "type": "Feature",
      "geometry": {
        "type": "Point",
        "coordinates": [
          -12.007825,
          -76.98948
        ]
      },
      "properties": {
        "nombre": "Eusebio Tocto",
        "tipo": "Domo",
        "marca": "HIK VISION",
        "ubicacion": "Jr. Los Grelis, Lima 15431"
      }
    },
    {
      "type": "Feature",
      "geometry": {
        "type": "Point",
        "coordinates": [
          -12.030614,
          -77.012278
        ]
      },
      "properties": {
        "nombre": "MERCADO EL BOSQUE / JANET BURGA",
        "tipo": "Fija",
        "marca": "HIK VISION",
        "ubicacion": "Av.Proceres de la Independencia 268 cdra. 01 s/n Urb. Caja de agua \r\n"
      }
    },
    {
      "type": "Feature",
      "geometry": {
        "type": "Point",
        "coordinates": [
          -12.030582,
          -77.012266
        ]
      },
      "properties": {
        "nombre": "MERCADO EL BOSQUE / JANET BURGA",
        "tipo": "Fija",
        "marca": "HIK VISION",
        "ubicacion": "Av.Proceres de la Independencia 268 cdra. 01 s/n Urb. Caja de agua \r\n"
      }
    },
    {
      "type": "Feature",
      "geometry": {
        "type": "Point",
        "coordinates": [
          -12.03109,
          -77.013281
        ]
      },
      "properties": {
        "nombre": "MERCADO EL BOSQUE / JANET BURGA",
        "tipo": "Fija",
        "marca": "HIK VISION",
        "ubicacion": "Av.Proceres de la Independencia 268 cdra. 01 s/n Urb. Caja de agua \r\n"
      }
    },
    {
      "type": "Feature",
      "geometry": {
        "type": "Point",
        "coordinates": [
          -12.03102,
          -77.013283
        ]
      },
      "properties": {
        "nombre": "MERCADO EL BOSQUE / JANET BURGA",
        "tipo": "Fija",
        "marca": "HIK VISION",
        "ubicacion": "Av.Proceres de la Independencia 268 cdra. 01 s/n Urb. Caja de agua \r\n"
      }
    },
    {
      "type": "Feature",
      "geometry": {
        "type": "Point",
        "coordinates": [
          -12.016957,
          -76.983413
        ]
      },
      "properties": {
        "nombre": "Ada Girón Dachave \r\n",
        "tipo": "Fija",
        "marca": "HIK VISION",
        "ubicacion": "Av. El Santuario 1825"
      }
    },
    {
      "type": "Feature",
      "geometry": {
        "type": "Point",
        "coordinates": [
          -12.016933,
          -76.983406
        ]
      },
      "properties": {
        "nombre": "Ada Girón Dachave \r\n",
        "tipo": "Fija",
        "marca": "HIK VISION",
        "ubicacion": "Av. El Santuario 1826"
      }
    },
    {
      "type": "Feature",
      "geometry": {
        "type": "Point",
        "coordinates": [
          -12.016945,
          -76.983407
        ]
      },
      "properties": {
        "nombre": "Ada Girón Dachave \r\n",
        "tipo": "Fija",
        "marca": "HIK VISION",
        "ubicacion": "Av. El Santuario 1827"
      }
    },
    {
      "type": "Feature",
      "geometry": {
        "type": "Point",
        "coordinates": [
          -12.021579,
          -77.007686
        ]
      },
      "properties": {
        "nombre": "Juan Carlos Huaman \r\n",
        "tipo": "Fija",
        "marca": "HIK VISION",
        "ubicacion": "C. Jose Domingo Choquehuanca 200-239 URB Chacarilla de otero "
      }
    },
    {
      "type": "Feature",
      "geometry": {
        "type": "Point",
        "coordinates": [
          -12.021565,
          -77.007673
        ]
      },
      "properties": {
        "nombre": "Juan Carlos Huaman \r\n",
        "tipo": "Fija",
        "marca": "HIK VISION",
        "ubicacion": "C. Jose Domingo Choquehuanca 200-239 URB Chacarilla de otero "
      }
    },
    {
      "type": "Feature",
      "geometry": {
        "type": "Point",
        "coordinates": [
          -12.021572,
          -77.007669
        ]
      },
      "properties": {
        "nombre": "Juan Carlos Huaman \r\n",
        "tipo": "Fija",
        "marca": "HIK VISION",
        "ubicacion": "C. Jose Domingo Choquehuanca 200-239 URB Chacarilla de otero "
      }
    },
    {
      "type": "Feature",
      "geometry": {
        "type": "Point",
        "coordinates": [
          -12.021577,
          -77.007685
        ]
      },
      "properties": {
        "nombre": "Juan Carlos Huaman \r\n",
        "tipo": "Fija",
        "marca": "HIK VISION",
        "ubicacion": "C. Jose Domingo Choquehuanca 200-239 URB Chacarilla de otero "
      }
    },
    {
      "type": "Feature",
      "geometry": {
        "type": "Point",
        "coordinates": [
          -12.021567,
          -77.007671
        ]
      },
      "properties": {
        "nombre": "Juan Carlos Huaman \r\n",
        "tipo": "Fija",
        "marca": "HIK VISION",
        "ubicacion": "C. Jose Domingo Choquehuanca 200-239 URB Chacarilla de otero "
      }
    },
    {
      "type": "Feature",
      "geometry": {
        "type": "Point",
        "coordinates": [
          -12.019148,
          -77.013572
        ]
      },
      "properties": {
        "nombre": "VECINO - Fanny Fermín \r\n",
        "tipo": "Fija",
        "marca": "HIK VISION",
        "ubicacion": "Adelfas 653 Urb. Las flores \r\n"
      }
    },
    {
      "type": "Feature",
      "geometry": {
        "type": "Point",
        "coordinates": [
          -12.019138,
          -77.013571
        ]
      },
      "properties": {
        "nombre": "VECINO - Fanny Fermín \r\n",
        "tipo": "Fija",
        "marca": "HIK VISION",
        "ubicacion": "Adelfas 653 Urb. Las flores \r\n"
      }
    },
    {
      "type": "Feature",
      "geometry": {
        "type": "Point",
        "coordinates": [
          -11.995593,
          -77.009308
        ]
      },
      "properties": {
        "nombre": " VECINO- Ricardo Villegas \r\n",
        "tipo": "Fija",
        "marca": "HIK VISION",
        "ubicacion": "Jr.loa zafiros 2138 Colegio mater et Magistra"
      }
    },
    {
      "type": "Feature",
      "geometry": {
        "type": "Point",
        "coordinates": [
          -11.995571,
          -77.009296
        ]
      },
      "properties": {
        "nombre": " VECINO- Ricardo Villegas \r\n",
        "tipo": "Fija",
        "marca": "HIK VISION",
        "ubicacion": "Jr.loa zafiros 2138 Colegio mater et Magistra"
      }
    },
    {
      "type": "Feature",
      "geometry": {
        "type": "Point",
        "coordinates": [
          -12.009348,
          -76.994749
        ]
      },
      "properties": {
        "nombre": "VECINO -Roger moreno\r\n",
        "tipo": "Fija",
        "marca": "HIK VISION",
        "ubicacion": "AA.HH . Los Jardines de Villa Santa Clarita - REF. Al costado de la fábrica celima\r\n"
      }
    },
    {
      "type": "Feature",
      "geometry": {
        "type": "Point",
        "coordinates": [
          -12.009726,
          -76.995001
        ]
      },
      "properties": {
        "nombre": "VECINO -Roger moreno\r\n",
        "tipo": "Fija",
        "marca": "HIK VISION",
        "ubicacion": "AA.HH . Los Jardines de Villa Santa Clarita - REF. Al costado de la fábrica celima\r\n"
      }
    },
    {
      "type": "Feature",
      "geometry": {
        "type": "Point",
        "coordinates": [
          -12.009516,
          -76.994717
        ]
      },
      "properties": {
        "nombre": "VECINO -Roger moreno\r\n",
        "tipo": "Fija",
        "marca": "HIK VISION",
        "ubicacion": "AA.HH . Los Jardines de Villa Santa Clarita - REF. Al costado de la fábrica celima\r\n"
      }
    },
    {
      "type": "Feature",
      "geometry": {
        "type": "Point",
        "coordinates": [
          -12.009717,
          -76.994838
        ]
      },
      "properties": {
        "nombre": "VECINO -Roger moreno\r\n",
        "tipo": "Fija",
        "marca": "HIK VISION",
        "ubicacion": "AA.HH . Los Jardines de Villa Santa Clarita - REF. Al costado de la fábrica celima\r\n"
      }
    },
    {
      "type": "Feature",
      "geometry": {
        "type": "Point",
        "coordinates": [
          -12.003754,
          -76.998484
        ]
      },
      "properties": {
        "nombre": "Ever Orue ",
        "tipo": "Fija",
        "marca": "HIK VISION",
        "ubicacion": "AV Santa Rosa de Lima 1640"
      }
    },
    {
      "type": "Feature",
      "geometry": {
        "type": "Point",
        "coordinates": [
          -12.003753,
          -76.998482
        ]
      },
      "properties": {
        "nombre": "Ever Orue ",
        "tipo": "Fija",
        "marca": "HIK VISION",
        "ubicacion": "AV Santa Rosa de Lima 1641"
      }
    },
    {
      "type": "Feature",
      "geometry": {
        "type": "Point",
        "coordinates": [
          -11.992783,
          -77.005371
        ]
      },
      "properties": {
        "nombre": "ALBERTO CAPCHA",
        "tipo": "Fija",
        "marca": "HIK VISION",
        "ubicacion": "Mercado virgen del Carmen - JR RODADO CON AV. 13 DE ENERO"
      }
    },
    {
      "type": "Feature",
      "geometry": {
        "type": "Point",
        "coordinates": [
          -11.992893,
          -77.005223
        ]
      },
      "properties": {
        "nombre": "ALBERTO CAPCHA",
        "tipo": "Fija",
        "marca": "HIK VISION",
        "ubicacion": "Mercado virgen del Carmen - JR RODADO CON AV. 13 DE ENERO"
      }
    },
    {
      "type": "Feature",
      "geometry": {
        "type": "Point",
        "coordinates": [
          -11.993208,
          -77.005132
        ]
      },
      "properties": {
        "nombre": "ALBERTO CAPCHA",
        "tipo": "Fija",
        "marca": "HIK VISION",
        "ubicacion": "Mercado virgen del Carmen - JR RODADO CON AV. 13 DE ENERO"
      }
    },
    {
      "type": "Feature",
      "geometry": {
        "type": "Point",
        "coordinates": [
          -11.993266,
          -77.004476
        ]
      },
      "properties": {
        "nombre": "ALBERTO CAPCHA",
        "tipo": "Fija",
        "marca": "HIK VISION",
        "ubicacion": "Mercado virgen del Carmen - JR RODADO CON AV. 13 DE ENERO"
      }
    },
    {
      "type": "Feature",
      "geometry": {
        "type": "Point",
        "coordinates": [
          -11.992612,
          -77.004753
        ]
      },
      "properties": {
        "nombre": "ALBERTO CAPCHA",
        "tipo": "Fija",
        "marca": "HIK VISION",
        "ubicacion": "Mercado virgen del Carmen - JR RODADO CON AV. 13 DE ENERO"
      }
    },
    {
      "type": "Feature",
      "geometry": {
        "type": "Point",
        "coordinates": [
          -11.993169,
          -77.005267
        ]
      },
      "properties": {
        "nombre": "ALBERTO CAPCHA",
        "tipo": "Fija",
        "marca": "HIK VISION",
        "ubicacion": "Mercado virgen del Carmen - JR RODADO CON AV. 13 DE ENERO"
      }
    },
    {
      "type": "Feature",
      "geometry": {
        "type": "Point",
        "coordinates": [
          -11.993252,
          -77.004356
        ]
      },
      "properties": {
        "nombre": "ALBERTO CAPCHA",
        "tipo": "Fija",
        "marca": "HIK VISION",
        "ubicacion": "Mercado virgen del Carmen - JR RODADO CON AV. 13 DE ENERO"
      }
    },
    {
      "type": "Feature",
      "geometry": {
        "type": "Point",
        "coordinates": [
          -11.992559,
          -77.004583
        ]
      },
      "properties": {
        "nombre": "ALBERTO CAPCHA",
        "tipo": "Fija",
        "marca": "HIK VISION",
        "ubicacion": "Mercado virgen del Carmen - JR RODADO CON AV. 13 DE ENERO"
      }
    },
    {
      "type": "Feature",
      "geometry": {
        "type": "Point",
        "coordinates": [
          -11.992651,
          -77.005107
        ]
      },
      "properties": {
        "nombre": "ALBERTO CAPCHA",
        "tipo": "Fija",
        "marca": "HIK VISION",
        "ubicacion": "Mercado virgen del Carmen - JR RODADO CON AV. 13 DE ENERO"
      }
    },
    {
      "type": "Feature",
      "geometry": {
        "type": "Point",
        "coordinates": [
          -12.001177,
          -76.997398
        ]
      },
      "properties": {
        "nombre": "VECINO - Digna Valenzuela Solís \r\n",
        "tipo": "Fija",
        "marca": "HIK VISION",
        "ubicacion": "Jr piedra del sol 1713 Urb inca mancocapac \r\n"
      }
    },
    {
      "type": "Feature",
      "geometry": {
        "type": "Point",
        "coordinates": [
          -12.001175,
          -76.997396
        ]
      },
      "properties": {
        "nombre": "VECINO - Digna Valenzuela Solís \r\n",
        "tipo": "Fija",
        "marca": "HIK VISION",
        "ubicacion": "Jr piedra del sol 1713 Urb inca mancocapac \r\n"
      }
    },
    {
      "type": "Feature",
      "geometry": {
        "type": "Point",
        "coordinates": [
          -11.988763,
          -77.00076
        ]
      },
      "properties": {
        "nombre": "VECINO -Andrés  Romero Valeriano\r\n",
        "tipo": "Fija",
        "marca": "HIK VISION",
        "ubicacion": "MZ R  LT. 26. URB San Gabriel \r\nCALLE 5 CON STA. MARIA"
      }
    },
    {
      "type": "Feature",
      "geometry": {
        "type": "Point",
        "coordinates": [
          -11.988838,
          -77.000629
        ]
      },
      "properties": {
        "nombre": "VECINO -Andrés  Romero Valeriano\r\n",
        "tipo": "Fija",
        "marca": "HIK VISION",
        "ubicacion": "MZ R  LT. 26. URB San Gabriel \r\nCALLE 5 CON STA. MARIA"
      }
    },
    {
      "type": "Feature",
      "geometry": {
        "type": "Point",
        "coordinates": [
          -11.988736,
          -77.000602
        ]
      },
      "properties": {
        "nombre": "VECINO -Andrés  Romero Valeriano\r\n",
        "tipo": "Fija",
        "marca": "HIK VISION",
        "ubicacion": "MZ R  LT. 26. URB San Gabriel \r\nCALLE 5 CON STA. MARIA"
      }
    },
    {
      "type": "Feature",
      "geometry": {
        "type": "Point",
        "coordinates": [
          -11.988743,
          -77.000796
        ]
      },
      "properties": {
        "nombre": "VECINO -Andrés  Romero Valeriano\r\n",
        "tipo": "Fija",
        "marca": "HIK VISION",
        "ubicacion": "MZ R  LT. 26. URB San Gabriel \r\nCALLE 5 CON STA. MARIA"
      }
    },
    {
      "type": "Feature",
      "geometry": {
        "type": "Point",
        "coordinates": [
          -11.977433,
          -77.019648
        ]
      },
      "properties": {
        "nombre": "VECINO - Agustina Acevedo Yañez \r\n",
        "tipo": "Fija",
        "marca": "HIK VISION",
        "ubicacion": "MZ. J. LT. 32. AA.HH.  San Fernando \r\nLOS PINOS CON LOS ALAMOS"
      }
    },
    {
      "type": "Feature",
      "geometry": {
        "type": "Point",
        "coordinates": [
          -11.977405,
          -77.019819
        ]
      },
      "properties": {
        "nombre": "VECINO - Agustina Acevedo Yañez \r\n",
        "tipo": "Fija",
        "marca": "HIK VISION",
        "ubicacion": "MZ. J. LT. 32. AA.HH.  San Fernando \r\nLOS PINOS CON LOS ALAMOS"
      }
    },
    {
      "type": "Feature",
      "geometry": {
        "type": "Point",
        "coordinates": [
          -11.976352,
          -77.019552
        ]
      },
      "properties": {
        "nombre": "VECINO - Agustina Acevedo Yañez \r\n",
        "tipo": "Fija",
        "marca": "HIK VISION",
        "ubicacion": "MZ. J. LT. 32. AA.HH.  San Fernando \r\nLOS PINOS CON LOS ALAMOS"
      }
    },
    {
      "type": "Feature",
      "geometry": {
        "type": "Point",
        "coordinates": [
          -11.977519,
          -77.020071
        ]
      },
      "properties": {
        "nombre": "VECINO - Agustina Acevedo Yañez \r\n",
        "tipo": "Fija",
        "marca": "HIK VISION",
        "ubicacion": "MZ. J. LT. 32. AA.HH.  San Fernando \r\nLOS PINOS CON LOS ALAMOS"
      }
    },
    {
      "type": "Feature",
      "geometry": {
        "type": "Point",
        "coordinates": [
          -11.976272,
          -77.018232
        ]
      },
      "properties": {
        "nombre": "VECINO - Agustina Acevedo Yañez II\r\n",
        "tipo": "Fija",
        "marca": "HIK VISION",
        "ubicacion": "MZ. J. LT. 32. AA.HH.  San Fernando \r\nLOS ALAMOS CON CANTO BELLO"
      }
    },
    {
      "type": "Feature",
      "geometry": {
        "type": "Point",
        "coordinates": [
          -11.07534,
          -77.019002
        ]
      },
      "properties": {
        "nombre": "VECINO - Agustina Acevedo Yañez II\r\n",
        "tipo": "Fija",
        "marca": "HIK VISION",
        "ubicacion": "MZ. J. LT. 32. AA.HH.  San Fernando \r\nLOS ALAMOS CON CANTO BELLO"
      }
    },
    {
      "type": "Feature",
      "geometry": {
        "type": "Point",
        "coordinates": [
          -11.975638,
          -77.019117
        ]
      },
      "properties": {
        "nombre": "VECINO - Agustina Acevedo Yañez II\r\n",
        "tipo": "Fija",
        "marca": "HIK VISION",
        "ubicacion": "MZ. J. LT. 32. AA.HH.  San Fernando \r\nLOS ALAMOS CON CANTO BELLO"
      }
    },
    {
      "type": "Feature",
      "geometry": {
        "type": "Point",
        "coordinates": [
          -11.953432,
          -77.003784
        ]
      },
      "properties": {
        "nombre": "Fiorela Sofía Paquiyauri chipana\r\n",
        "tipo": "Fija",
        "marca": "HIK VISION",
        "ubicacion": "MZ 148Lt. 1 grupo 18 sector B Huascar\r\nav tulipanes"
      }
    },
    {
      "type": "Feature",
      "geometry": {
        "type": "Point",
        "coordinates": [
          -11.966423,
          -76.988014
        ]
      },
      "properties": {
        "nombre": "Nicolai \r\n",
        "tipo": "Fija",
        "marca": "HIK VISION",
        "ubicacion": "Mzj lt17 cooperativa de vivienda la unión \r\naV CENTRAL CON LOS FISICOS\r\n"
      }
    },
    {
      "type": "Feature",
      "geometry": {
        "type": "Point",
        "coordinates": [
          -11.989382,
          -76.995611
        ]
      },
      "properties": {
        "nombre": "Oliver carbajal\r\n",
        "tipo": "Fija",
        "marca": "HIK VISION",
        "ubicacion": "Luis cavero mz F lote 4 costado penal "
      }
    },
    {
      "type": "Feature",
      "geometry": {
        "type": "Point",
        "coordinates": [
          -11.989333,
          -76.995738
        ]
      },
      "properties": {
        "nombre": "Oliver carbajal\r\n",
        "tipo": "Fija",
        "marca": "HIK VISION",
        "ubicacion": "Luis cavero mz F lote 4 costado penal "
      }
    },
    {
      "type": "Feature",
      "geometry": {
        "type": "Point",
        "coordinates": [
          -11.989343,
          -76.995728
        ]
      },
      "properties": {
        "nombre": "Oliver carbajal\r\n",
        "tipo": "Fija",
        "marca": "HIK VISION",
        "ubicacion": "Luis cavero mz F lote 4 costado penal "
      }
    },
    {
      "type": "Feature",
      "geometry": {
        "type": "Point",
        "coordinates": [
          -11.989333,
          -76.995718
        ]
      },
      "properties": {
        "nombre": "Oliver carbajal\r\n",
        "tipo": "Fija",
        "marca": "HIK VISION",
        "ubicacion": "Luis cavero mz F lote 4 costado penal "
      }
    },
    {
      "type": "Feature",
      "geometry": {
        "type": "Point",
        "coordinates": [
          -12.022302,
          -77.005949
        ]
      },
      "properties": {
        "nombre": "DIEGO ZACARIAS",
        "tipo": "Fija",
        "marca": "HIK VISION",
        "ubicacion": "JOSE MARI ARGUEDAS CON ORREGO"
      }
    },
    {
      "type": "Feature",
      "geometry": {
        "type": "Point",
        "coordinates": [
          -12.02233,
          -77.005951
        ]
      },
      "properties": {
        "nombre": "DIEGO ZACARIAS",
        "tipo": "Fija",
        "marca": "HIK VISION",
        "ubicacion": "JOSE MARI ARGUEDAS CON ORREGO"
      }
    },
    {
      "type": "Feature",
      "geometry": {
        "type": "Point",
        "coordinates": [
          -12.022328,
          -77.005958
        ]
      },
      "properties": {
        "nombre": "DIEGO ZACARIAS",
        "tipo": "Fija",
        "marca": "HIK VISION",
        "ubicacion": "JOSE MARI ARGUEDAS CON ORREGO"
      }
    },
    {
      "type": "Feature",
      "geometry": {
        "type": "Point",
        "coordinates": [
          -12.022319,
          -77.005951
        ]
      },
      "properties": {
        "nombre": "DIEGO ZACARIAS",
        "tipo": "Fija",
        "marca": "HIK VISION",
        "ubicacion": "JOSE MARI ARGUEDAS CON ORREGO"
      }
    },
    {
      "type": "Feature",
      "geometry": {
        "type": "Point",
        "coordinates": [
          -12.001012,
          -77.001517
        ]
      },
      "properties": {
        "nombre": "Erlin Malabar\r\n",
        "tipo": "Fija",
        "marca": "HIK VISION",
        "ubicacion": "Calle Las Galitas 564"
      }
    },
    {
      "type": "Feature",
      "geometry": {
        "type": "Point",
        "coordinates": [
          -12.001031,
          -77.001543
        ]
      },
      "properties": {
        "nombre": "Erlin Malabar\r\n",
        "tipo": "Fija",
        "marca": "HIK VISION",
        "ubicacion": "Calle Las Galitas 565"
      }
    },
    {
      "type": "Feature",
      "geometry": {
        "type": "Point",
        "coordinates": [
          -12.001001,
          -77.001515
        ]
      },
      "properties": {
        "nombre": "Erlin Malabar\r\n",
        "tipo": "Fija",
        "marca": "HIK VISION",
        "ubicacion": "Calle Las Galitas 566"
      }
    },
    {
      "type": "Feature",
      "geometry": {
        "type": "Point",
        "coordinates": [
          -12.001019,
          -77.001497
        ]
      },
      "properties": {
        "nombre": "Erlin Malabar\r\n",
        "tipo": "Fija",
        "marca": "HIK VISION",
        "ubicacion": "Calle Las Galitas 567"
      }
    },
    {
      "type": "Feature",
      "geometry": {
        "type": "Point",
        "coordinates": [
          -12.001017,
          -77.001499
        ]
      },
      "properties": {
        "nombre": "Erlin Malabar\r\n",
        "tipo": "Fija",
        "marca": "HIK VISION",
        "ubicacion": "Calle Las Galitas 568"
      }
    },
    {
      "type": "Feature",
      "geometry": {
        "type": "Point",
        "coordinates": [
          -11.974149,
          -76.988331
        ]
      },
      "properties": {
        "nombre": "Victor Limaya - COLEGIO CARLOS NORIEGA\r\n",
        "tipo": "Fija",
        "marca": "HIK VISION",
        "ubicacion": "Calle 12 con Los Orfebres"
      }
    },
    {
      "type": "Feature",
      "geometry": {
        "type": "Point",
        "coordinates": [
          -11.974154,
          -76.988359
        ]
      },
      "properties": {
        "nombre": "Victor Limaya - COLEGIO CARLOS NORIEGA\r\n",
        "tipo": "Fija",
        "marca": "HIK VISION",
        "ubicacion": "Calle 12 con Los Orfebres"
      }
    },
    {
      "type": "Feature",
      "geometry": {
        "type": "Point",
        "coordinates": [
          -11.974039,
          -76.988327
        ]
      },
      "properties": {
        "nombre": "Victor Limaya - COLEGIO CARLOS NORIEGA\r\n",
        "tipo": "Fija",
        "marca": "HIK VISION",
        "ubicacion": "Calle 12 con Los Orfebres"
      }
    },
    {
      "type": "Feature",
      "geometry": {
        "type": "Point",
        "coordinates": [
          -11.974264,
          -76.988432
        ]
      },
      "properties": {
        "nombre": "Victor Limaya - COLEGIO CARLOS NORIEGA\r\n",
        "tipo": "Fija",
        "marca": "HIK VISION",
        "ubicacion": "Calle 12 con Los Orfebres"
      }
    },
    {
      "type": "Feature",
      "geometry": {
        "type": "Point",
        "coordinates": [
          -11.974044,
          -76.988391
        ]
      },
      "properties": {
        "nombre": "Victor Limaya - COLEGIO CARLOS NORIEGA\r\n",
        "tipo": "Fija",
        "marca": "HIK VISION",
        "ubicacion": "Calle 12 con Los Orfebres"
      }
    },
    {
      "type": "Feature",
      "geometry": {
        "type": "Point",
        "coordinates": [
          -11.97618,
          -76.998084
        ]
      },
      "properties": {
        "nombre": "VECINO WILLIAM",
        "tipo": "Fija",
        "marca": "DAHUA",
        "ubicacion": "RIO UCAYALI CON RIO RAMIS URB. CANRO REY II ETAPA"
      }
    },
    {
      "type": "Feature",
      "geometry": {
        "type": "Point",
        "coordinates": [
          -11.976193,
          -76.998048
        ]
      },
      "properties": {
        "nombre": "VECINO WILLIAM",
        "tipo": "Fija",
        "marca": "DAHUA",
        "ubicacion": "RIO UCAYALI CON RIO RAMIS URB. CANRO REY II ETAPA"
      }
    },
    {
      "type": "Feature",
      "geometry": {
        "type": "Point",
        "coordinates": [
          -11.976176,
          -76.998026
        ]
      },
      "properties": {
        "nombre": "VECINO WILLIAM",
        "tipo": "Fija",
        "marca": "DAHUA",
        "ubicacion": "RIO UCAYALI CON RIO RAMIS URB. CANRO REY II ETAPA"
      }
    },
    {
      "type": "Feature",
      "geometry": {
        "type": "Point",
        "coordinates": [
          -11.976161,
          -76.998037
        ]
      },
      "properties": {
        "nombre": "VECINO WILLIAM",
        "tipo": "Fija",
        "marca": "DAHUA",
        "ubicacion": "RIO UCAYALI CON RIO RAMIS URB. CANRO REY II ETAPA"
      }
    },
    {
      "type": "Feature",
      "geometry": {
        "type": "Point",
        "coordinates": [
          -11.998017,
          -77.000582
        ]
      },
      "properties": {
        "nombre": "Cruz Yauri Keny",
        "tipo": "Fija y domo",
        "marca": "HIK VISION",
        "ubicacion": "AV SANTA ROSA CON BLENDAS"
      }
    },
    {
      "type": "Feature",
      "geometry": {
        "type": "Point",
        "coordinates": [
          -11.998015,
          -77.00058
        ]
      },
      "properties": {
        "nombre": "Cruz Yauri Keny",
        "tipo": "Fija y domo",
        "marca": "HIK VISION",
        "ubicacion": "AV SANTA ROSA CON BLENDAS"
      }
    },
    {
      "type": "Feature",
      "geometry": {
        "type": "Point",
        "coordinates": [
          -11.998149,
          -77.000511
        ]
      },
      "properties": {
        "nombre": "Cruz Yauri Keny",
        "tipo": "Fija y domo",
        "marca": "HIK VISION",
        "ubicacion": "AV SANTA ROSA CON BLENDAS"
      }
    },
    {
      "type": "Feature",
      "geometry": {
        "type": "Point",
        "coordinates": [
          -11.992717,
          -77.000478
        ]
      },
      "properties": {
        "nombre": "Milagros Mercado",
        "tipo": "Fija",
        "marca": "HIK VISION",
        "ubicacion": "Av. Santa Rosa de Lima - costado de caldo de gallina Fran"
      }
    },
    {
      "type": "Feature",
      "geometry": {
        "type": "Point",
        "coordinates": [
          -11.992715,
          -77.000475
        ]
      },
      "properties": {
        "nombre": null,
        "tipo": "Fija",
        "marca": "HIK VISION",
        "ubicacion": "Av. Santa Rosa de Lima - costado de caldo de gallina Fran"
      }
    },
    {
      "type": "Feature",
      "geometry": {
        "type": "Point",
        "coordinates": [
          -11.991765,
          -77.000157
        ]
      },
      "properties": {
        "nombre": "Juan Armas Abanto",
        "tipo": "Fija y domo",
        "marca": "HIK VISION",
        "ubicacion": "CRUCE SANTA ROSA CON JORGE BASADRE"
      }
    },
    {
      "type": "Feature",
      "geometry": {
        "type": "Point",
        "coordinates": [
          -11.991763,
          -77.000152
        ]
      },
      "properties": {
        "nombre": null,
        "tipo": "Fija y domo",
        "marca": "HIK VISION",
        "ubicacion": "CRUCE SANTA ROSA CON JORGE BASADRE"
      }
    },
    {
      "type": "Feature",
      "geometry": {
        "type": "Point",
        "coordinates": [
          -12.002898,
          -76.999143
        ]
      },
      "properties": {
        "nombre": "PARADERO VILLAFLORES - ",
        "tipo": "Fija y domo",
        "marca": "HIK VISION",
        "ubicacion": null
      }
    },
    {
      "type": "Feature",
      "geometry": {
        "type": "Point",
        "coordinates": [
          null,
          null
        ]
      },
      "properties": {
        "nombre": null,
        "tipo": "Fija y domo",
        "marca": "HIK VISION",
        "ubicacion": null
      }
    },
    {
      "type": "Feature",
      "geometry": {
        "type": "Point",
        "coordinates": [
          null,
          null
        ]
      },
      "properties": {
        "nombre": null,
        "tipo": "Fija y domo",
        "marca": "HIK VISION",
        "ubicacion": null
      }
    },
    {
      "type": "Feature",
      "geometry": {
        "type": "Point",
        "coordinates": [
          -11.96696,
          -76.987656
        ]
      },
      "properties": {
        "nombre": "Diana Neyra",
        "tipo": "Fija y domo",
        "marca": "DAHUA",
        "ubicacion": "AV CENTRAL CON FISICOS"
      }
    },
    {
      "type": "Feature",
      "geometry": {
        "type": "Point",
        "coordinates": [
          -11.966959,
          -76.987653
        ]
      },
      "properties": {
        "nombre": null,
        "tipo": "Fija y domo",
        "marca": "DAHUA",
        "ubicacion": "AV CENTRAL CON FISICOS"
      }
    },
    {
      "type": "Feature",
      "geometry": {
        "type": "Point",
        "coordinates": [
          -11.966961,
          -76.987657
        ]
      },
      "properties": {
        "nombre": null,
        "tipo": "Fija y domo",
        "marca": "DAHUA",
        "ubicacion": "AV CENTRAL CON FISICOS"
      }
    },
    {
      "type": "Feature",
      "geometry": {
        "type": "Point",
        "coordinates": [
          -12.008697,
          -76.998079
        ]
      },
      "properties": {
        "nombre": "COLEGIO LA LIBERTAD - Sixto Padilla",
        "tipo": "Fija",
        "marca": "HIK VISION",
        "ubicacion": "\r\nLAS ENERGITAS Y DIMANTES"
      }
    },
    {
      "type": "Feature",
      "geometry": {
        "type": "Point",
        "coordinates": [
          -12.017591,
          -77.01007
        ]
      },
      "properties": {
        "nombre": "Tolentino Quispe",
        "tipo": "Fija",
        "marca": "HIK VISION",
        "ubicacion": "\r\nMERCADO EL CARMEN"
      }
    },
    {
      "type": "Feature",
      "geometry": {
        "type": "Point",
        "coordinates": [
          -11.966946,
          -76.980794
        ]
      },
      "properties": {
        "nombre": "Fragata",
        "tipo": "Fija",
        "marca": "HIK VISION",
        "ubicacion": "GRASS SINTÉTICO LA FRAGATA - CANTO REY SJL"
      }
    },
    {
      "type": "Feature",
      "geometry": {
        "type": "Point",
        "coordinates": [
          -11.966948,
          -76.980796
        ]
      },
      "properties": {
        "nombre": "Fragata",
        "tipo": "Fija",
        "marca": "HIK VISION",
        "ubicacion": "GRASS SINTÉTICO LA FRAGATA - CANTO REY SJL"
      }
    },
    {
      "type": "Feature",
      "geometry": {
        "type": "Point",
        "coordinates": [
          -11.966942,
          -76.980795
        ]
      },
      "properties": {
        "nombre": "Fragata",
        "tipo": "Fija",
        "marca": "HIK VISION",
        "ubicacion": "GRASS SINTÉTICO LA FRAGATA - CANTO REY SJL"
      }
    },
    {
      "type": "Feature",
      "geometry": {
        "type": "Point",
        "coordinates": [
          -11.966941,
          -76.980793
        ]
      },
      "properties": {
        "nombre": "Fragata",
        "tipo": "Fija",
        "marca": "HIK VISION",
        "ubicacion": "GRASS SINTÉTICO LA FRAGATA - CANTO REY SJL"
      }
    },
    {
      "type": "Feature",
      "geometry": {
        "type": "Point",
        "coordinates": [
          -11.966333,
          -76.981837
        ]
      },
      "properties": {
        "nombre": "Fragata",
        "tipo": "Fija",
        "marca": "HIK VISION",
        "ubicacion": "GRASS SINTÉTICO LA FRAGATA - CANTO REY SJL"
      }
    },
    {
      "type": "Feature",
      "geometry": {
        "type": "Point",
        "coordinates": [
          -11.967764,
          -76.982489
        ]
      },
      "properties": {
        "nombre": "Fragata",
        "tipo": "Fija",
        "marca": "HIK VISION",
        "ubicacion": "GRASS SINTÉTICO LA FRAGATA - CANTO REY SJL"
      }
    },
    {
      "type": "Feature",
      "geometry": {
        "type": "Point",
        "coordinates": [
          -11.967761,
          -76.982492
        ]
      },
      "properties": {
        "nombre": "Fragata",
        "tipo": "Fija",
        "marca": "HIK VISION",
        "ubicacion": "GRASS SINTÉTICO LA FRAGATA - CANTO REY SJL"
      }
    },
    {
      "type": "Feature",
      "geometry": {
        "type": "Point",
        "coordinates": [
          -11.967762,
          -76.982499
        ]
      },
      "properties": {
        "nombre": "Fragata",
        "tipo": "Fija",
        "marca": "HIK VISION",
        "ubicacion": "GRASS SINTÉTICO LA FRAGATA - CANTO REY SJL"
      }
    },
    {
      "type": "Feature",
      "geometry": {
        "type": "Point",
        "coordinates": [
          -11.969621,
          -76.98122
        ]
      },
      "properties": {
        "nombre": "Fragata",
        "tipo": "Fija",
        "marca": "HIK VISION",
        "ubicacion": "GRASS SINTÉTICO LA FRAGATA - CANTO REY SJL"
      }
    },
    {
      "type": "Feature",
      "geometry": {
        "type": "Point",
        "coordinates": [
          -11.97059,
          -76.980985
        ]
      },
      "properties": {
        "nombre": "Fragata",
        "tipo": "Fija",
        "marca": "HIK VISION",
        "ubicacion": "GRASS SINTÉTICO LA FRAGATA - CANTO REY SJL"
      }
    },
    {
      "type": "Feature",
      "geometry": {
        "type": "Point",
        "coordinates": [
          -12.028011,
          -77.007046
        ]
      },
      "properties": {
        "nombre": "Nelson Olivos Flores",
        "tipo": "Fija",
        "marca": "HIK VISION",
        "ubicacion": "Chavin De Huantar & Wiracocha"
      }
    },
    {
      "type": "Feature",
      "geometry": {
        "type": "Point",
        "coordinates": [
          -12.013918,
          -76.99599
        ]
      },
      "properties": {
        "nombre": "FLOR LOZANO - CASITA VERDE",
        "tipo": "Fija",
        "marca": "HIK VISION",
        "ubicacion": "Calle Las golondrinas mz O lt 23 - CASITA VERDE"
      }
    },
    {
      "type": "Feature",
      "geometry": {
        "type": "Point",
        "coordinates": [
          -12.01392,
          -76.9959
        ]
      },
      "properties": {
        "nombre": "FLOR LOZANO - CASITA VERDE",
        "tipo": "Fija",
        "marca": "HIK VISION",
        "ubicacion": "Calle Las golondrinas mz O lt 23 - CASITA VERDE"
      }
    },
    {
      "type": "Feature",
      "geometry": {
        "type": "Point",
        "coordinates": [
          -12.015042,
          -76.995405
        ]
      },
      "properties": {
        "nombre": "RENE - PARQUE HORIZONTE II ETAPA",
        "tipo": "Fija y domo",
        "marca": "HIK VISION",
        "ubicacion": "PARQUE HORIZONTE II ETAPA"
      }
    },
    {
      "type": "Feature",
      "geometry": {
        "type": "Point",
        "coordinates": [
          -12.01504,
          -76.995407
        ]
      },
      "properties": {
        "nombre": "RENE - PARQUE HORIZONTE II ETAPA",
        "tipo": "Fija y domo",
        "marca": "HIK VISION",
        "ubicacion": "PARQUE HORIZONTE II ETAPA"
      }
    },
    {
      "type": "Feature",
      "geometry": {
        "type": "Point",
        "coordinates": [
          -12.015039,
          -76.995406
        ]
      },
      "properties": {
        "nombre": "RENE - PARQUE HORIZONTE II ETAPA",
        "tipo": "Fija y domo",
        "marca": "HIK VISION",
        "ubicacion": "PARQUE HORIZONTE II ETAPA"
      }
    },
    {
      "type": "Feature",
      "geometry": {
        "type": "Point",
        "coordinates": [
          -12.015045,
          -76.99541
        ]
      },
      "properties": {
        "nombre": "RENE - PARQUE HORIZONTE II ETAPA",
        "tipo": "Fija y domo",
        "marca": "HIK VISION",
        "ubicacion": "PARQUE HORIZONTE II ETAPA"
      }
    },
    {
      "type": "Feature",
      "geometry": {
        "type": "Point",
        "coordinates": [
          -11.93974,
          -76.976585
        ]
      },
      "properties": {
        "nombre": "COLEGIO 151 MICAELA BASTIDAS Director: Grover Cajchaya Medina\r\nSecretaria: Adalupe Hernandez Napa",
        "tipo": "Fija",
        "marca": "HIK VISION",
        "ubicacion": "MAR ROJO CON STA. MARIA - 4 DE MOTUPE "
      }
    },
    {
      "type": "Feature",
      "geometry": {
        "type": "Point",
        "coordinates": [
          -11.939747,
          -76.976587
        ]
      },
      "properties": {
        "nombre": "COLEGIO 151 MICAELA BASTIDAS Director: Grover Cajchaya Medina\r\nSecretaria: Adalupe Hernandez Napa",
        "tipo": "Fija",
        "marca": "HIK VISION",
        "ubicacion": "MAR ROJO CON STA. MARIA - 4 DE MOTUPE "
      }
    },
    {
      "type": "Feature",
      "geometry": {
        "type": "Point",
        "coordinates": [
          -11.940105,
          -76.976516
        ]
      },
      "properties": {
        "nombre": "COLEGIO 151 MICAELA BASTIDAS Director: Grover Cajchaya Medina\r\nSecretaria: Adalupe Hernandez Napa",
        "tipo": "Fija",
        "marca": "HIK VISION",
        "ubicacion": "MAR ROJO CON STA. MARIA - 4 DE MOTUPE "
      }
    },
    {
      "type": "Feature",
      "geometry": {
        "type": "Point",
        "coordinates": [
          -11.940931,
          -76.977814
        ]
      },
      "properties": {
        "nombre": "COLEGIO 151 MICAELA BASTIDAS Director: Grover Cajchaya Medina\r\nSecretaria: Adalupe Hernandez Napa",
        "tipo": "Fija",
        "marca": "HIK VISION",
        "ubicacion": "MAR ROJO CON STA. MARIA - 4 DE MOTUPE "
      }
    },
    {
      "type": "Feature",
      "geometry": {
        "type": "Point",
        "coordinates": [
          -12.014227,
          -77.000361
        ]
      },
      "properties": {
        "nombre": "BENITA FERNANDEZ HUAYTA",
        "tipo": "Fija",
        "marca": "HIK VISION",
        "ubicacion": "Canarios 1136-1238"
      }
    },
    {
      "type": "Feature",
      "geometry": {
        "type": "Point",
        "coordinates": [
          -12.014237,
          -77.000354
        ]
      },
      "properties": {
        "nombre": "BENITA FERNANDEZ HUAYTA",
        "tipo": "Fija",
        "marca": "HIK VISION",
        "ubicacion": "Canarios 1136-1239"
      }
    },
    {
      "type": "Feature",
      "geometry": {
        "type": "Point",
        "coordinates": [
          -12.014261,
          -77.000345
        ]
      },
      "properties": {
        "nombre": "BENITA FERNANDEZ HUAYTA",
        "tipo": "Fija",
        "marca": "HIK VISION",
        "ubicacion": "Canarios 1136-1240"
      }
    },
    {
      "type": "Feature",
      "geometry": {
        "type": "Point",
        "coordinates": [
          -11.964779,
          -76.985678
        ]
      },
      "properties": {
        "nombre": "Jesica Diaz",
        "tipo": "Domo",
        "marca": "HIK VISION",
        "ubicacion": "CLAVELES Y CIRUJANOS"
      }
    },
    {
      "type": "Feature",
      "geometry": {
        "type": "Point",
        "coordinates": [
          -11.964778,
          -76.985675
        ]
      },
      "properties": {
        "nombre": "Jesica Diaz",
        "tipo": "Domo",
        "marca": "HIK VISION",
        "ubicacion": "CLAVELES Y CIRUJANOS"
      }
    },
    {
      "type": "Feature",
      "geometry": {
        "type": "Point",
        "coordinates": [
          -11.964777,
          -76.985676
        ]
      },
      "properties": {
        "nombre": "Jesica Diaz",
        "tipo": "Domo",
        "marca": "HIK VISION",
        "ubicacion": "CLAVELES Y CIRUJANOS"
      }
    },
    {
      "type": "Feature",
      "geometry": {
        "type": "Point",
        "coordinates": [
          -11.964552,
          -76.98607
        ]
      },
      "properties": {
        "nombre": "Jesica Diaz",
        "tipo": "Domo",
        "marca": "HIK VISION",
        "ubicacion": "CLAVELES Y CIRUJANOS"
      }
    },
    {
      "type": "Feature",
      "geometry": {
        "type": "Point",
        "coordinates": [
          -11.964776,
          -76.98568
        ]
      },
      "properties": {
        "nombre": "Jesica Diaz",
        "tipo": "Domo",
        "marca": "HIK VISION",
        "ubicacion": "CLAVELES Y CIRUJANOS"
      }
    },
    {
      "type": "Feature",
      "geometry": {
        "type": "Point",
        "coordinates": [
          -11.964775,
          -76.985673
        ]
      },
      "properties": {
        "nombre": "Jesica Diaz",
        "tipo": "Domo",
        "marca": "HIK VISION",
        "ubicacion": "CLAVELES Y CIRUJANOS"
      }
    },
    {
      "type": "Feature",
      "geometry": {
        "type": "Point",
        "coordinates": [
          -11.964774,
          -76.985672
        ]
      },
      "properties": {
        "nombre": "Jesica Diaz",
        "tipo": "Domo",
        "marca": "HIK VISION",
        "ubicacion": "CLAVELES Y CIRUJANOS"
      }
    },
    {
      "type": "Feature",
      "geometry": {
        "type": "Point",
        "coordinates": [
          -11.964771,
          -76.985671
        ]
      },
      "properties": {
        "nombre": "Jesica Diaz",
        "tipo": "Domo",
        "marca": "HIK VISION",
        "ubicacion": "CLAVELES Y CIRUJANOS"
      }
    },
    {
      "type": "Feature",
      "geometry": {
        "type": "Point",
        "coordinates": [
          -11.932028,
          -76.991892
        ]
      },
      "properties": {
        "nombre": "CESAR - LOCAL COMUNAL MARIATEGUI",
        "tipo": "Fija",
        "marca": "DAHUA",
        "ubicacion": "PSJE 13 CON PAMPA ALTA - A FRENTE DEL PAREDERO R28C"
      }
    },
    {
      "type": "Feature",
      "geometry": {
        "type": "Point",
        "coordinates": [
          -11.932029,
          -76.991893
        ]
      },
      "properties": {
        "nombre": "CESAR - LOCAL COMUNAL MARIATEGUI",
        "tipo": "Fija",
        "marca": "DAHUA",
        "ubicacion": "PSJE 13 CON PAMPA ALTA - A FRENTE DEL PAREDERO R28C"
      }
    },
    {
      "type": "Feature",
      "geometry": {
        "type": "Point",
        "coordinates": [
          -11.93203,
          -76.991894
        ]
      },
      "properties": {
        "nombre": "CESAR - LOCAL COMUNAL MARIATEGUI",
        "tipo": "Fija",
        "marca": "DAHUA",
        "ubicacion": "PSJE 13 CON PAMPA ALTA - A FRENTE DEL PAREDERO R28C"
      }
    },
    {
      "type": "Feature",
      "geometry": {
        "type": "Point",
        "coordinates": [
          -11.930973,
          -76.992145
        ]
      },
      "properties": {
        "nombre": "CESAR - LOCAL COMUNAL MARIATEGUI",
        "tipo": "Fija",
        "marca": "DAHUA",
        "ubicacion": "PSJE 13 CON PAMPA ALTA - A FRENTE DEL PAREDERO R28C"
      }
    },
    {
      "type": "Feature",
      "geometry": {
        "type": "Point",
        "coordinates": [
          -11.972558,
          -76.988307
        ]
      },
      "properties": {
        "nombre": "Sebastian Ramos",
        "tipo": "Fija",
        "marca": "HIK VISION",
        "ubicacion": "LOS PUBLICITAS CON CALLE 12"
      }
    },
    {
      "type": "Feature",
      "geometry": {
        "type": "Point",
        "coordinates": [
          -11.972556,
          -76.988302
        ]
      },
      "properties": {
        "nombre": "Sebastian Ramos",
        "tipo": "Fija",
        "marca": "HIK VISION",
        "ubicacion": "LOS PUBLICITAS CON CALLE 13"
      }
    },
    {
      "type": "Feature",
      "geometry": {
        "type": "Point",
        "coordinates": [
          -12.02351,
          -76.984696
        ]
      },
      "properties": {
        "nombre": "VECINO - MARÍA DIAZ MARTINEZ",
        "tipo": "Fija",
        "marca": "HIK VISION",
        "ubicacion": "Jr. Tiahuanaco #1749 urb. Zárate "
      }
    },
    {
      "type": "Feature",
      "geometry": {
        "type": "Point",
        "coordinates": [
          -12.0234,
          -76.98469
        ]
      },
      "properties": {
        "nombre": "VECINO - MARÍA DIAZ MARTINEZ",
        "tipo": "Fija",
        "marca": "HIK VISION",
        "ubicacion": "Jr. Tiahuanaco #1749 urb. Zárate "
      }
    },
    {
      "type": "Feature",
      "geometry": {
        "type": "Point",
        "coordinates": [
          -12.012118,
          -76.998741
        ]
      },
      "properties": {
        "nombre": "I.E.P MATEMÁTICO CATÓLICO SAN JUAN ",
        "tipo": "Fija",
        "marca": "HIK VISION",
        "ubicacion": "Jr. Los codornices mz D lt 10 URB. La bacilia sjl "
      }
    },
    {
      "type": "Feature",
      "geometry": {
        "type": "Point",
        "coordinates": [
          -12.012116,
          -76.998738
        ]
      },
      "properties": {
        "nombre": "I.E.P MATEMÁTICO CATÓLICO SAN JUAN ",
        "tipo": "Fija",
        "marca": "HIK VISION",
        "ubicacion": "Jr. Los codornices mz D lt 10 URB. La bacilia sjl "
      }
    },
    {
      "type": "Feature",
      "geometry": {
        "type": "Point",
        "coordinates": [
          -12.02571756,
          -77.001807
        ]
      },
      "properties": {
        "nombre": "VECINO - DAVID HUAYPAYA - TIENDA BITEL",
        "tipo": "Fija",
        "marca": "HIK VISION",
        "ubicacion": "Av.gran chimu - av.piramide del sol 398"
      }
    },
    {
      "type": "Feature",
      "geometry": {
        "type": "Point",
        "coordinates": [
          -12.02571756,
          -77.001806
        ]
      },
      "properties": {
        "nombre": "VECINO - DAVID HUAYPAYA - TIENDA BITEL",
        "tipo": "Fija",
        "marca": "HIK VISION",
        "ubicacion": "Av.gran chimu - av.piramide del sol 399"
      }
    },
    {
      "type": "Feature",
      "geometry": {
        "type": "Point",
        "coordinates": [
          -11.994056,
          -77.002256
        ]
      },
      "properties": {
        "nombre": "Nancy Guadalupe ",
        "tipo": "Fija",
        "marca": "HIK VISION",
        "ubicacion": "CANCHA LA HUAYRONA (COLEGIO)"
      }
    },
    {
      "type": "Feature",
      "geometry": {
        "type": "Point",
        "coordinates": [
          -11.966361,
          -77.005052
        ]
      },
      "properties": {
        "nombre": "COLEGIO - Marizol Alcarraz Tello",
        "tipo": "Fija",
        "marca": "HIK VISION",
        "ubicacion": "Mz.A Lt.11 Jr.Los Naranjos  Urb.Canto Grande "
      }
    },
    {
      "type": "Feature",
      "geometry": {
        "type": "Point",
        "coordinates": [
          -11.962461,
          -76.978986
        ]
      },
      "properties": {
        "nombre": "Elizabeth Chancasana",
        "tipo": "Fija",
        "marca": "HIK VISION",
        "ubicacion": "SANTA MARIA"
      }
    },
    {
      "type": "Feature",
      "geometry": {
        "type": "Point",
        "coordinates": [
          -11.962367,
          -76.978961
        ]
      },
      "properties": {
        "nombre": "Elizabeth Chancasana",
        "tipo": "Fija",
        "marca": "HIK VISION",
        "ubicacion": "SANTA MARIA"
      }
    },
    {
      "type": "Feature",
      "geometry": {
        "type": "Point",
        "coordinates": [
          -11.96244,
          -76.978955
        ]
      },
      "properties": {
        "nombre": "Elizabeth Chancasana",
        "tipo": "Fija",
        "marca": "HIK VISION",
        "ubicacion": "SANTA MARIA"
      }
    },
    {
      "type": "Feature",
      "geometry": {
        "type": "Point",
        "coordinates": [
          -11.962469,
          -76.97908
        ]
      },
      "properties": {
        "nombre": "Elizabeth Chancasana",
        "tipo": "Fija",
        "marca": "HIK VISION",
        "ubicacion": "SANTA MARIA"
      }
    },
    {
      "type": "Feature",
      "geometry": {
        "type": "Point",
        "coordinates": [
          -11.962463,
          -76.978989
        ]
      },
      "properties": {
        "nombre": "Elizabeth Chancasana",
        "tipo": "Fija",
        "marca": "HIK VISION",
        "ubicacion": "SANTA MARIA"
      }
    },
    {
      "type": "Feature",
      "geometry": {
        "type": "Point",
        "coordinates": [
          -12.012845,
          -77.008381
        ]
      },
      "properties": {
        "nombre": "Sonia Gonzales",
        "tipo": "Fija",
        "marca": "DAHUA",
        "ubicacion": "AV TUSILAGOS OESTE CON LOS RECINOS"
      }
    },
    {
      "type": "Feature",
      "geometry": {
        "type": "Point",
        "coordinates": [
          -12.012842,
          -77.00838
        ]
      },
      "properties": {
        "nombre": "Sonia Gonzales",
        "tipo": "Fija",
        "marca": "DAHUA",
        "ubicacion": "AV TUSILAGOS OESTE CON LOS RECINOS"
      }
    },
    {
      "type": "Feature",
      "geometry": {
        "type": "Point",
        "coordinates": [
          -11.966361,
          -77.005052
        ]
      },
      "properties": {
        "nombre": "MERCADO 10 DE CANTO GRANDE",
        "tipo": "Fija",
        "marca": "HIK VISION",
        "ubicacion": "Mz.A Lt.11 Jr.Los Naranjos  Urb.Canto Grande "
      }
    },
    {
      "type": "Feature",
      "geometry": {
        "type": "Point",
        "coordinates": [
          -11.966363,
          -77.00505
        ]
      },
      "properties": {
        "nombre": "MERCADO 10 DE CANTO GRANDE",
        "tipo": "Fija",
        "marca": "HIK VISION",
        "ubicacion": "Mz.A Lt.11 Jr.Los Naranjos  Urb.Canto Grande "
      }
    },
    {
      "type": "Feature",
      "geometry": {
        "type": "Point",
        "coordinates": [
          -11.966359,
          -77.005049
        ]
      },
      "properties": {
        "nombre": "MERCADO 10 DE CANTO GRANDE",
        "tipo": "Fija",
        "marca": "HIK VISION",
        "ubicacion": "Mz.A Lt.11 Jr.Los Naranjos  Urb.Canto Grande "
      }
    },
    {
      "type": "Feature",
      "geometry": {
        "type": "Point",
        "coordinates": [
          -11.966366,
          -77.005048
        ]
      },
      "properties": {
        "nombre": "MERCADO 10 DE CANTO GRANDE",
        "tipo": "Fija",
        "marca": "HIK VISION",
        "ubicacion": "Mz.A Lt.11 Jr.Los Naranjos  Urb.Canto Grande "
      }
    },
    {
      "type": "Feature",
      "geometry": {
        "type": "Point",
        "coordinates": [
          -11.966367,
          -77.005046
        ]
      },
      "properties": {
        "nombre": "MERCADO 10 DE CANTO GRANDE",
        "tipo": "Fija",
        "marca": "HIK VISION",
        "ubicacion": "Mz.A Lt.11 Jr.Los Naranjos  Urb.Canto Grande "
      }
    },
    {
      "type": "Feature",
      "geometry": {
        "type": "Point",
        "coordinates": [
          -11.981833,
          -77.017974
        ]
      },
      "properties": {
        "nombre": "VECINO - Margoth Aguirre Cavilia\r\n",
        "tipo": "Fija",
        "marca": "HIK VISION",
        "ubicacion": "Jr.Nevados Huascarán N° 133 Sta Elizabeth 2da etapa\r\n"
      }
    },
    {
      "type": "Feature",
      "geometry": {
        "type": "Point",
        "coordinates": [
          -11.982716,
          -77.017794
        ]
      },
      "properties": {
        "nombre": "BETEL COLEGIO - Loyda Salinas",
        "tipo": "Fija",
        "marca": "HIK VISION",
        "ubicacion": "Jr.Nevado Morococha N°2639\r\n"
      }
    },
    {
      "type": "Feature",
      "geometry": {
        "type": "Point",
        "coordinates": [
          -11.995876,
          -77.013891
        ]
      },
      "properties": {
        "nombre": "VECINO - Marta\r\n",
        "tipo": "Fija",
        "marca": "HIK VISION",
        "ubicacion": "Jr los servales 316\r\n"
      }
    },
    {
      "type": "Feature",
      "geometry": {
        "type": "Point",
        "coordinates": [
          -11.995874,
          -77.013889
        ]
      },
      "properties": {
        "nombre": "VECINO - Marta\r\n",
        "tipo": "Fija",
        "marca": "HIK VISION",
        "ubicacion": "Jr los servales 316\r\n"
      }
    },
    {
      "type": "Feature",
      "geometry": {
        "type": "Point",
        "coordinates": [
          -11.995871,
          -77.013888
        ]
      },
      "properties": {
        "nombre": "VECINO - Marta\r\n",
        "tipo": "Fija",
        "marca": "HIK VISION",
        "ubicacion": "Jr los servales 316\r\n"
      }
    },
    {
      "type": "Feature",
      "geometry": {
        "type": "Point",
        "coordinates": [
          -12.008523,
          -77.005917
        ]
      },
      "properties": {
        "nombre": "Elvis Rodrigo",
        "tipo": "Fija",
        "marca": "HIK VISION",
        "ubicacion": "Los huertos 157"
      }
    },
    {
      "type": "Feature",
      "geometry": {
        "type": "Point",
        "coordinates": [
          -12.00852,
          -77.005917
        ]
      },
      "properties": {
        "nombre": "Elvis Rodrigo",
        "tipo": "Fija",
        "marca": "HIK VISION",
        "ubicacion": "Los huertos 157"
      }
    },
    {
      "type": "Feature",
      "geometry": {
        "type": "Point",
        "coordinates": [
          -11.967323,
          -76.991432
        ]
      },
      "properties": {
        "nombre": "VECINO - Luis Calipe",
        "tipo": "Fija",
        "marca": "HIK VISION",
        "ubicacion": "Mz.c lt.31 Jr. Los Ingenieros coop. Huancaray"
      }
    },
    {
      "type": "Feature",
      "geometry": {
        "type": "Point",
        "coordinates": [
          -11.967325,
          -76.991435
        ]
      },
      "properties": {
        "nombre": "VECINO - Luis Calipe",
        "tipo": "Fija",
        "marca": "HIK VISION",
        "ubicacion": "Mz.c lt.31 Jr. Los Ingenieros coop. Huancaray"
      }
    },
    {
      "type": "Feature",
      "geometry": {
        "type": "Point",
        "coordinates": [
          -11.98431,
          -77.009461
        ]
      },
      "properties": {
        "nombre": "VECINO - Carmen Núñez ",
        "tipo": "Fija",
        "marca": "HIK VISION",
        "ubicacion": "Jr Mercurio 168 URB san Carlos "
      }
    },
    {
      "type": "Feature",
      "geometry": {
        "type": "Point",
        "coordinates": [
          -11.984313,
          -77.009452
        ]
      },
      "properties": {
        "nombre": "VECINO - Carmen Núñez ",
        "tipo": "Fija",
        "marca": "HIK VISION",
        "ubicacion": "Jr Mercurio 168 URB san Carlos "
      }
    },
    {
      "type": "Feature",
      "geometry": {
        "type": "Point",
        "coordinates": [
          -11.984318,
          -77.009467
        ]
      },
      "properties": {
        "nombre": "VECINO - Carmen Núñez ",
        "tipo": "Fija",
        "marca": "HIK VISION",
        "ubicacion": "Jr Mercurio 168 URB san Carlos "
      }
    },
    {
      "type": "Feature",
      "geometry": {
        "type": "Point",
        "coordinates": [
          -11.984312,
          -77.00945
        ]
      },
      "properties": {
        "nombre": "VECINO - Carmen Núñez ",
        "tipo": "Fija",
        "marca": "HIK VISION",
        "ubicacion": "Jr Mercurio 168 URB san Carlos "
      }
    },
    {
      "type": "Feature",
      "geometry": {
        "type": "Point",
        "coordinates": [
          -11.953432,
          -77.003784
        ]
      },
      "properties": {
        "nombre": "Fiorela Sofía Paquiyauri chipana",
        "tipo": "Fija",
        "marca": "HIK VISION",
        "ubicacion": "MZ 148Lt. 1 grupo 18 sector B Huascar"
      }
    },
    {
      "type": "Feature",
      "geometry": {
        "type": "Point",
        "coordinates": [
          -11.968861,
          -76.987802
        ]
      },
      "properties": {
        "nombre": "JULIO QUIÑONES",
        "tipo": "Fija",
        "marca": "HIK VISION",
        "ubicacion": "Mz lt10 cooperativa la unión"
      }
    },
    {
      "type": "Feature",
      "geometry": {
        "type": "Point",
        "coordinates": [
          -11.968863,
          -76.987805
        ]
      },
      "properties": {
        "nombre": "JULIO QUIÑONES",
        "tipo": "Fija",
        "marca": "HIK VISION",
        "ubicacion": "Mz lt10 cooperativa la unión"
      }
    },
    {
      "type": "Feature",
      "geometry": {
        "type": "Point",
        "coordinates": [
          -11.966423,
          -76.988014
        ]
      },
      "properties": {
        "nombre": "Nicolai",
        "tipo": "Fija",
        "marca": "HIK VISION",
        "ubicacion": "Mzj lt17 cooperativa de vivienda la unión "
      }
    },
    {
      "type": "Feature",
      "geometry": {
        "type": "Point",
        "coordinates": [
          -12.025552,
          -76.992752
        ]
      },
      "properties": {
        "nombre": "PARQUE ANTUNEZ DE MAYOLO ",
        "tipo": "Domo",
        "marca": "DAHUA",
        "ubicacion": "Jr. Chavin de Huantar / Frente al parque Antunez de Mayolo"
      }
    },
    {
      "type": "Feature",
      "geometry": {
        "type": "Point",
        "coordinates": [
          -12.025265,
          -77.001505
        ]
      },
      "properties": {
        "nombre": "VECINO - NANCY MELCHOR ",
        "tipo": "Fija",
        "marca": "DAHUA",
        "ubicacion": "Jr. antisuyo 419"
      }
    },
    {
      "type": "Feature",
      "geometry": {
        "type": "Point",
        "coordinates": [
          -12.001992,
          -76.999553
        ]
      },
      "properties": {
        "nombre": "Clinica SAN MARCOS",
        "tipo": "Fija",
        "marca": "DAHUA",
        "ubicacion": "AV. SANTA ROSA 1719"
      }
    },
    {
      "type": "Feature",
      "geometry": {
        "type": "Point",
        "coordinates": [
          -12.001951,
          -76.999504
        ]
      },
      "properties": {
        "nombre": "Clinica SAN MARCOS",
        "tipo": "Fija",
        "marca": "DAHUA",
        "ubicacion": "AV. SANTA ROSA 1720"
      }
    },
    {
      "type": "Feature",
      "geometry": {
        "type": "Point",
        "coordinates": [
          -12.001949,
          -76.999504
        ]
      },
      "properties": {
        "nombre": "Clinica SAN MARCOS",
        "tipo": "Fija",
        "marca": "DAHUA",
        "ubicacion": "AV. SANTA ROSA 1721"
      }
    },
    {
      "type": "Feature",
      "geometry": {
        "type": "Point",
        "coordinates": [
          -12.001948,
          -76.999504
        ]
      },
      "properties": {
        "nombre": "Clinica SAN MARCOS",
        "tipo": "Fija",
        "marca": "DAHUA",
        "ubicacion": "AV. SANTA ROSA 1722"
      }
    },
    {
      "type": "Feature",
      "geometry": {
        "type": "Point",
        "coordinates": [
          -12.001946,
          -76.999504
        ]
      },
      "properties": {
        "nombre": "Clinica SAN MARCOS",
        "tipo": "Fija",
        "marca": "DAHUA",
        "ubicacion": "AV. SANTA ROSA 1723"
      }
    },
    {
      "type": "Feature",
      "geometry": {
        "type": "Point",
        "coordinates": [
          -12.001953,
          -76.999504
        ]
      },
      "properties": {
        "nombre": "Clinica SAN MARCOS",
        "tipo": "Fija",
        "marca": "DAHUA",
        "ubicacion": "AV. SANTA ROSA 1724"
      }
    },
    {
      "type": "Feature",
      "geometry": {
        "type": "Point",
        "coordinates": [
          -12.00195,
          -76.999504
        ]
      },
      "properties": {
        "nombre": "Clinica SAN MARCOS",
        "tipo": "Fija",
        "marca": "DAHUA",
        "ubicacion": "AV. SANTA ROSA 1725"
      }
    },
    {
      "type": "Feature",
      "geometry": {
        "type": "Point",
        "coordinates": [
          -12.001993,
          -76.999492
        ]
      },
      "properties": {
        "nombre": "Clinica SAN MARCOS",
        "tipo": "Fija",
        "marca": "DAHUA",
        "ubicacion": "AV. SANTA ROSA 1726"
      }
    },
    {
      "type": "Feature",
      "geometry": {
        "type": "Point",
        "coordinates": [
          -12.002001,
          -76.999486
        ]
      },
      "properties": {
        "nombre": "Clinica SAN MARCOS",
        "tipo": "Fija",
        "marca": "DAHUA",
        "ubicacion": "AV. SANTA ROSA 1727"
      }
    },
    {
      "type": "Feature",
      "geometry": {
        "type": "Point",
        "coordinates": [
          -12.002018,
          -76.999667
        ]
      },
      "properties": {
        "nombre": "Clinica SAN MARCOS",
        "tipo": "Fija",
        "marca": "DAHUA",
        "ubicacion": "AV. SANTA ROSA 1728"
      }
    },
    {
      "type": "Feature",
      "geometry": {
        "type": "Point",
        "coordinates": [
          -12.002047,
          -76.999653
        ]
      },
      "properties": {
        "nombre": "Clinica SAN MARCOS",
        "tipo": "Fija",
        "marca": "DAHUA",
        "ubicacion": "AV. SANTA ROSA 1729"
      }
    },
    {
      "type": "Feature",
      "geometry": {
        "type": "Point",
        "coordinates": [
          -12.000487,
          -77.004386
        ]
      },
      "properties": {
        "nombre": "VICTOR VEGA",
        "tipo": "Fija",
        "marca": "DAHUA",
        "ubicacion": "Av. 13 de enero 1914 urb. Manco inca"
      }
    },
    {
      "type": "Feature",
      "geometry": {
        "type": "Point",
        "coordinates": [
          -11.996901,
          -77.013523
        ]
      },
      "properties": {
        "nombre": "LUIS URBANO ROJAS",
        "tipo": "Fija",
        "marca": "DAHUA",
        "ubicacion": "Jr Los Helechos 320 Urb San Hilarion"
      }
    },
    {
      "type": "Feature",
      "geometry": {
        "type": "Point",
        "coordinates": [
          -11.99687,
          -77.013597
        ]
      },
      "properties": {
        "nombre": "LUIS URBANO ROJAS",
        "tipo": "Fija",
        "marca": "DAHUA",
        "ubicacion": "Jr Los Helechos 320 Urb San Hilarion"
      }
    },
    {
      "type": "Feature",
      "geometry": {
        "type": "Point",
        "coordinates": [
          -11.996819,
          -77.013397
        ]
      },
      "properties": {
        "nombre": "LUIS URBANO ROJAS",
        "tipo": "Fija",
        "marca": "DAHUA",
        "ubicacion": "Jr Los Helechos 320 Urb San Hilarion"
      }
    },
    {
      "type": "Feature",
      "geometry": {
        "type": "Point",
        "coordinates": [
          -12.009683,
          -76.994837
        ]
      },
      "properties": {
        "nombre": "Ridall Garcia",
        "tipo": "Fija",
        "marca": "HIK VISION",
        "ubicacion": "-12,0096830, -76,9948370.  57V5X2R4+43"
      }
    },
    {
      "type": "Feature",
      "geometry": {
        "type": "Point",
        "coordinates": [
          -12.009665,
          -76.994824
        ]
      },
      "properties": {
        "nombre": "Ridall Garcia",
        "tipo": "Fija",
        "marca": "HIK VISION",
        "ubicacion": "-12,0096830, -76,9948370.  57V5X2R4+44"
      }
    },
    {
      "type": "Feature",
      "geometry": {
        "type": "Point",
        "coordinates": [
          -12.009862,
          -76.994419
        ]
      },
      "properties": {
        "nombre": "Edver Mendez Jara\r\n",
        "tipo": "Fija",
        "marca": "HIK VISION",
        "ubicacion": "X2R4+364 San Juan de Lurigancho"
      }
    },
    {
      "type": "Feature",
      "geometry": {
        "type": "Point",
        "coordinates": [
          -12.00986,
          -76.994417
        ]
      },
      "properties": {
        "nombre": "Edver Mendez Jara\r\n",
        "tipo": "Fija",
        "marca": "HIK VISION",
        "ubicacion": "X2R4+364 San Juan de Lurigancho"
      }
    },
    {
      "type": "Feature",
      "geometry": {
        "type": "Point",
        "coordinates": [
          -12.021934,
          -76.967448
        ]
      },
      "properties": {
        "nombre": "KIMBERLY DIAZ",
        "tipo": "Fija",
        "marca": "HIK VISION",
        "ubicacion": "CIPRESES CON CALLE 11 - ESTACIÓN FRUTA"
      }
    },
    {
      "type": "Feature",
      "geometry": {
        "type": "Point",
        "coordinates": [
          -12.021936,
          -76.967449
        ]
      },
      "properties": {
        "nombre": "KIMBERLY DIAZ",
        "tipo": "Fija",
        "marca": "HIK VISION",
        "ubicacion": "CIPRESES CON CALLE 11 - ESTACIÓN FRUTA"
      }
    },
    {
      "type": "Feature",
      "geometry": {
        "type": "Point",
        "coordinates": [
          -12.003542,
          -77.018737
        ]
      },
      "properties": {
        "nombre": "JAQUELINA DAVILA",
        "tipo": "Fija",
        "marca": "DAHUA",
        "ubicacion": "MZ k2 LT 2 canto chico "
      }
    },
    {
      "type": "Feature",
      "geometry": {
        "type": "Point",
        "coordinates": [
          -12.026609,
          -77.009171
        ]
      },
      "properties": {
        "nombre": "Juan Domínguez - PARQUE ATAHUALPA",
        "tipo": "Fija",
        "marca": "HIK VISION",
        "ubicacion": "Parque Atahualpa"
      }
    },
    {
      "type": "Feature",
      "geometry": {
        "type": "Point",
        "coordinates": [
          -12.02712,
          -77.009517
        ]
      },
      "properties": {
        "nombre": "Juan Domínguez - PARQUE ATAHUALPA",
        "tipo": "Fija",
        "marca": "HIK VISION",
        "ubicacion": "Parque Atahualpa"
      }
    },
    {
      "type": "Feature",
      "geometry": {
        "type": "Point",
        "coordinates": [
          -12.027216,
          -77.009462
        ]
      },
      "properties": {
        "nombre": "Juan Domínguez - PARQUE ATAHUALPA",
        "tipo": "Fija",
        "marca": "HIK VISION",
        "ubicacion": "Parque Atahualpa"
      }
    },
    {
      "type": "Feature",
      "geometry": {
        "type": "Point",
        "coordinates": [
          -12.02697,
          -77.007937
        ]
      },
      "properties": {
        "nombre": "Juan Domínguez - PARQUE ATAHUALPA",
        "tipo": "Fija",
        "marca": "HIK VISION",
        "ubicacion": "Parque Atahualpa"
      }
    },
    {
      "type": "Feature",
      "geometry": {
        "type": "Point",
        "coordinates": [
          -12.026398,
          -77.008939
        ]
      },
      "properties": {
        "nombre": "Juan Domínguez - PARQUE ATAHUALPA",
        "tipo": "Fija",
        "marca": "HIK VISION",
        "ubicacion": "Parque Atahualpa"
      }
    },
    {
      "type": "Feature",
      "geometry": {
        "type": "Point",
        "coordinates": [
          -12.026912,
          -77.007947
        ]
      },
      "properties": {
        "nombre": "Juan Domínguez - PARQUE ATAHUALPA",
        "tipo": "Fija",
        "marca": "HIK VISION",
        "ubicacion": "Parque Atahualpa"
      }
    },
    {
      "type": "Feature",
      "geometry": {
        "type": "Point",
        "coordinates": [
          -12.026992,
          -77.008095
        ]
      },
      "properties": {
        "nombre": "Juan Domínguez - PARQUE ATAHUALPA",
        "tipo": "Fija",
        "marca": "HIK VISION",
        "ubicacion": "Parque Atahualpa"
      }
    },
    {
      "type": "Feature",
      "geometry": {
        "type": "Point",
        "coordinates": [
          -12.026992,
          -77.008253
        ]
      },
      "properties": {
        "nombre": "Juan Domínguez - PARQUE ATAHUALPA",
        "tipo": "Fija",
        "marca": "HIK VISION",
        "ubicacion": "Parque Atahualpa"
      }
    },
    {
      "type": "Feature",
      "geometry": {
        "type": "Point",
        "coordinates": [
          -12.026996,
          -77.008255
        ]
      },
      "properties": {
        "nombre": "Juan Domínguez - PARQUE ATAHUALPA",
        "tipo": "Fija",
        "marca": "HIK VISION",
        "ubicacion": "Parque Atahualpa"
      }
    },
    {
      "type": "Feature",
      "geometry": {
        "type": "Point",
        "coordinates": [
          -11.942264,
          -77.003762
        ]
      },
      "properties": {
        "nombre": "Orlando Herna ",
        "tipo": "Fija y domo",
        "marca": "HIK VISION",
        "ubicacion": "AH INTEGRACIÓN, SOLIDARIDAD Y PROGRESO SECTOR  ANTONIO RAIMONDY 1 Y 2"
      }
    },
    {
      "type": "Feature",
      "geometry": {
        "type": "Point",
        "coordinates": [
          -11.942301,
          -77.003725
        ]
      },
      "properties": {
        "nombre": "Orlando Herna ",
        "tipo": "Fija y domo",
        "marca": "HIK VISION",
        "ubicacion": "AH INTEGRACIÓN, SOLIDARIDAD Y PROGRESO SECTOR  ANTONIO RAIMONDY 1 Y 3"
      }
    },
    {
      "type": "Feature",
      "geometry": {
        "type": "Point",
        "coordinates": [
          -11.942332,
          -77.003788
        ]
      },
      "properties": {
        "nombre": "Orlando Herna ",
        "tipo": "Fija y domo",
        "marca": "HIK VISION",
        "ubicacion": "AH INTEGRACIÓN, SOLIDARIDAD Y PROGRESO SECTOR  ANTONIO RAIMONDY 1 Y 4"
      }
    },
    {
      "type": "Feature",
      "geometry": {
        "type": "Point",
        "coordinates": [
          -11.942264,
          -77.003762
        ]
      },
      "properties": {
        "nombre": "Orlando Herna ",
        "tipo": "Fija y domo",
        "marca": "HIK VISION",
        "ubicacion": "AH INTEGRACIÓN, SOLIDARIDAD Y PROGRESO SECTOR  ANTONIO RAIMONDY 1 Y 5"
      }
    },
    {
      "type": "Feature",
      "geometry": {
        "type": "Point",
        "coordinates": [
          -11.942049,
          -77.00299
        ]
      },
      "properties": {
        "nombre": "Orlando Herna ",
        "tipo": "Fija y domo",
        "marca": "HIK VISION",
        "ubicacion": "AH INTEGRACIÓN, SOLIDARIDAD Y PROGRESO SECTOR  ANTONIO RAIMONDY 1 Y 6"
      }
    },
    {
      "type": "Feature",
      "geometry": {
        "type": "Point",
        "coordinates": [
          -11.942099,
          -77.003029
        ]
      },
      "properties": {
        "nombre": "Orlando Herna ",
        "tipo": "Fija y domo",
        "marca": "HIK VISION",
        "ubicacion": "AH INTEGRACIÓN, SOLIDARIDAD Y PROGRESO SECTOR  ANTONIO RAIMONDY 1 Y 7"
      }
    },
    {
      "type": "Feature",
      "geometry": {
        "type": "Point",
        "coordinates": [
          -11.941667,
          -77.003175
        ]
      },
      "properties": {
        "nombre": "Orlando Herna ",
        "tipo": "Fija y domo",
        "marca": "HIK VISION",
        "ubicacion": "AH INTEGRACIÓN, SOLIDARIDAD Y PROGRESO SECTOR  ANTONIO RAIMONDY 1 Y 8"
      }
    },
    {
      "type": "Feature",
      "geometry": {
        "type": "Point",
        "coordinates": [
          -11.942282,
          -77.002942
        ]
      },
      "properties": {
        "nombre": "Orlando Herna ",
        "tipo": "Fija y domo",
        "marca": "HIK VISION",
        "ubicacion": "AH INTEGRACIÓN, SOLIDARIDAD Y PROGRESO SECTOR  ANTONIO RAIMONDY 1 Y 9"
      }
    },
    {
      "type": "Feature",
      "geometry": {
        "type": "Point",
        "coordinates": [
          -11.942234,
          -77.003649
        ]
      },
      "properties": {
        "nombre": "Orlando Herna ",
        "tipo": "Fija y domo",
        "marca": "HIK VISION",
        "ubicacion": "AH INTEGRACIÓN, SOLIDARIDAD Y PROGRESO SECTOR  ANTONIO RAIMONDY 1 Y 10"
      }
    },
    {
      "type": "Feature",
      "geometry": {
        "type": "Point",
        "coordinates": [
          -11.94252,
          -77.0029
        ]
      },
      "properties": {
        "nombre": "Orlando Herna ",
        "tipo": "Fija y domo",
        "marca": "HIK VISION",
        "ubicacion": "AH INTEGRACIÓN, SOLIDARIDAD Y PROGRESO SECTOR  ANTONIO RAIMONDY 1 Y 11"
      }
    },
    {
      "type": "Feature",
      "geometry": {
        "type": "Point",
        "coordinates": [
          -11.942014,
          -77.002892
        ]
      },
      "properties": {
        "nombre": "Orlando Herna ",
        "tipo": "Fija y domo",
        "marca": "HIK VISION",
        "ubicacion": "AH INTEGRACIÓN, SOLIDARIDAD Y PROGRESO SECTOR  ANTONIO RAIMONDY 1 Y 12"
      }
    },
    {
      "type": "Feature",
      "geometry": {
        "type": "Point",
        "coordinates": [
          -11.94251,
          -77.002906
        ]
      },
      "properties": {
        "nombre": "Orlando Herna ",
        "tipo": "Fija y domo",
        "marca": "HIK VISION",
        "ubicacion": "AH INTEGRACIÓN, SOLIDARIDAD Y PROGRESO SECTOR  ANTONIO RAIMONDY 1 Y 13"
      }
    },
    {
      "type": "Feature",
      "geometry": {
        "type": "Point",
        "coordinates": [
          -11.942509,
          -77.002905
        ]
      },
      "properties": {
        "nombre": "Orlando Herna ",
        "tipo": "Fija y domo",
        "marca": "HIK VISION",
        "ubicacion": "AH INTEGRACIÓN, SOLIDARIDAD Y PROGRESO SECTOR  ANTONIO RAIMONDY 1 Y 14"
      }
    },
    {
      "type": "Feature",
      "geometry": {
        "type": "Point",
        "coordinates": [
          -11.942506,
          -77.002902
        ]
      },
      "properties": {
        "nombre": "Orlando Herna ",
        "tipo": "Fija y domo",
        "marca": "HIK VISION",
        "ubicacion": "AH INTEGRACIÓN, SOLIDARIDAD Y PROGRESO SECTOR  ANTONIO RAIMONDY 1 Y 15"
      }
    },
    {
      "type": "Feature",
      "geometry": {
        "type": "Point",
        "coordinates": [
          -11.942511,
          -77.002903
        ]
      },
      "properties": {
        "nombre": "Orlando Herna ",
        "tipo": "Fija y domo",
        "marca": "HIK VISION",
        "ubicacion": "AH INTEGRACIÓN, SOLIDARIDAD Y PROGRESO SECTOR  ANTONIO RAIMONDY 1 Y 16"
      }
    },
    {
      "type": "Feature",
      "geometry": {
        "type": "Point",
        "coordinates": [
          -11.956891,
          -76.984657
        ]
      },
      "properties": {
        "nombre": "Ruth Reyes",
        "tipo": null,
        "marca": "HIK VISION",
        "ubicacion": "Parque central mza. C Bayovar"
      }
    },
    {
      "type": "Feature",
      "geometry": {
        "type": "Point",
        "coordinates": [
          -11.956746,
          -76.984468
        ]
      },
      "properties": {
        "nombre": "Ruth Reyes",
        "tipo": null,
        "marca": "HIK VISION",
        "ubicacion": "Parque central mza. C Bayovar"
      }
    },
    {
      "type": "Feature",
      "geometry": {
        "type": "Point",
        "coordinates": [
          -11.956817,
          -76.984563
        ]
      },
      "properties": {
        "nombre": "Ruth Reyes",
        "tipo": null,
        "marca": "HIK VISION",
        "ubicacion": "Parque central mza. C Bayovar"
      }
    },
    {
      "type": "Feature",
      "geometry": {
        "type": "Point",
        "coordinates": [
          -11.956751,
          -76.9847
        ]
      },
      "properties": {
        "nombre": "Ruth Reyes",
        "tipo": null,
        "marca": "HIK VISION",
        "ubicacion": "Parque central mza. C Bayovar"
      }
    },
    {
      "type": "Feature",
      "geometry": {
        "type": "Point",
        "coordinates": [
          -11.957017,
          -76.984692
        ]
      },
      "properties": {
        "nombre": "Ruth Reyes",
        "tipo": null,
        "marca": "HIK VISION",
        "ubicacion": "Parque central mza. C Bayovar"
      }
    },
    {
      "type": "Feature",
      "geometry": {
        "type": "Point",
        "coordinates": [
          -11.9567,
          -76.984935
        ]
      },
      "properties": {
        "nombre": "Ruth Reyes",
        "tipo": null,
        "marca": "HIK VISION",
        "ubicacion": "Parque central mza. C Bayovar"
      }
    },
    {
      "type": "Feature",
      "geometry": {
        "type": "Point",
        "coordinates": [
          -11.956698,
          -76.984848
        ]
      },
      "properties": {
        "nombre": "Ruth Reyes",
        "tipo": null,
        "marca": "HIK VISION",
        "ubicacion": "Parque central mza. C Bayovar"
      }
    },
    {
      "type": "Feature",
      "geometry": {
        "type": "Point",
        "coordinates": [
          -11.956879,
          -76.984741
        ]
      },
      "properties": {
        "nombre": "Ruth Reyes",
        "tipo": null,
        "marca": "HIK VISION",
        "ubicacion": "Parque central mza. C Bayovar"
      }
    },
    {
      "type": "Feature",
      "geometry": {
        "type": "Point",
        "coordinates": [
          -11.956666,
          -76.984587
        ]
      },
      "properties": {
        "nombre": "Ruth Reyes",
        "tipo": null,
        "marca": "HIK VISION",
        "ubicacion": "Parque central mza. C Bayovar"
      }
    },
    {
      "type": "Feature",
      "geometry": {
        "type": "Point",
        "coordinates": [
          -11.956896,
          -76.984624
        ]
      },
      "properties": {
        "nombre": "Ruth Reyes",
        "tipo": null,
        "marca": "HIK VISION",
        "ubicacion": "Parque central mza. C Bayovar"
      }
    },
    {
      "type": "Feature",
      "geometry": {
        "type": "Point",
        "coordinates": [
          -11.956703,
          -76.984801
        ]
      },
      "properties": {
        "nombre": "Ruth Reyes",
        "tipo": null,
        "marca": "HIK VISION",
        "ubicacion": "Parque central mza. C Bayovar"
      }
    },
    {
      "type": "Feature",
      "geometry": {
        "type": "Point",
        "coordinates": [
          -11.949978,
          -76.984753
        ]
      },
      "properties": {
        "nombre": "Martina Cruz",
        "tipo": "Fija",
        "marca": "2 DVR DAHUA Y HIK VISION",
        "ubicacion": "Alameda Elias Aguirre Mza. J espalda el padrino"
      }
    },
    {
      "type": "Feature",
      "geometry": {
        "type": "Point",
        "coordinates": [
          -11.949975,
          -76.98475
        ]
      },
      "properties": {
        "nombre": "Martina Cruz",
        "tipo": "Fija",
        "marca": "3 DVR DAHUA Y HIK VISION",
        "ubicacion": "Alameda Elias Aguirre Mza. J espalda el padrino"
      }
    },
    {
      "type": "Feature",
      "geometry": {
        "type": "Point",
        "coordinates": [
          -11.949991,
          -76.978063
        ]
      },
      "properties": {
        "nombre": "Gisell Montenegro",
        "tipo": "Fija",
        "marca": "HIK VISION",
        "ubicacion": "Colegio SANTA MARIA DE FATIMA"
      }
    },
    {
      "type": "Feature",
      "geometry": {
        "type": "Point",
        "coordinates": [
          -12.014801,
          -77.002666
        ]
      },
      "properties": {
        "nombre": "Marcos Chapoñan",
        "tipo": "Fija",
        "marca": "DAHUA",
        "ubicacion": "Jr las lausonias"
      }
    },
    {
      "type": "Feature",
      "geometry": {
        "type": "Point",
        "coordinates": [
          -12.0148,
          -77.002661
        ]
      },
      "properties": {
        "nombre": "Marcos Chapoñan",
        "tipo": "Fija",
        "marca": "DAHUA",
        "ubicacion": "Jr las lausonias"
      }
    },
    {
      "type": "Feature",
      "geometry": {
        "type": "Point",
        "coordinates": [
          -12.016353,
          -77.003581
        ]
      },
      "properties": {
        "nombre": "Gustavo sobero - Sr.Rafael Cuenca presidente del junta vecinal",
        "tipo": "Fija",
        "marca": "DAHUA",
        "ubicacion": "Parque CORINTHIANS - JR LOS PAPIROS"
      }
    },
    {
      "type": "Feature",
      "geometry": {
        "type": "Point",
        "coordinates": [
          -12.01635,
          -77.00358
        ]
      },
      "properties": {
        "nombre": "Gustavo sobero - Sr.Rafael Cuenca presidente del junta vecinal",
        "tipo": "Fija",
        "marca": "DAHUA",
        "ubicacion": "Parque CORINTHIANS - JR LOS PAPIROS"
      }
    },
    {
      "type": "Feature",
      "geometry": {
        "type": "Point",
        "coordinates": [
          -12.016352,
          -77.003579
        ]
      },
      "properties": {
        "nombre": "Gustavo sobero - Sr.Rafael Cuenca presidente del junta vecinal",
        "tipo": "Fija",
        "marca": "DAHUA",
        "ubicacion": "Parque CORINTHIANS - JR LOS PAPIROS"
      }
    },
    {
      "type": "Feature",
      "geometry": {
        "type": "Point",
        "coordinates": [
          -12.016351,
          -77.003578
        ]
      },
      "properties": {
        "nombre": "Gustavo sobero - Sr.Rafael Cuenca presidente del junta vecinal",
        "tipo": "Fija",
        "marca": "DAHUA",
        "ubicacion": "Parque CORINTHIANS - JR LOS PAPIROS"
      }
    },
    {
      "type": "Feature",
      "geometry": {
        "type": "Point",
        "coordinates": [
          -12.017011,
          -77.002954
        ]
      },
      "properties": {
        "nombre": "Veronica vasquez peña",
        "tipo": "Fija",
        "marca": "HIK VISION",
        "ubicacion": "Espalda de grifo petroperu - Los Jardines 2da etapa"
      }
    },
    {
      "type": "Feature",
      "geometry": {
        "type": "Point",
        "coordinates": [
          -12.017009,
          -77.00295
        ]
      },
      "properties": {
        "nombre": "Veronica vasquez peña",
        "tipo": "Fija",
        "marca": "HIK VISION",
        "ubicacion": "Espalda de grifo petroperu - Los Jardines 2da etapa"
      }
    },
    {
      "type": "Feature",
      "geometry": {
        "type": "Point",
        "coordinates": [
          -12.017,
          -77.002949
        ]
      },
      "properties": {
        "nombre": "Veronica vasquez peña",
        "tipo": "Fija",
        "marca": "HIK VISION",
        "ubicacion": "Espalda de grifo petroperu - Los Jardines 2da etapa"
      }
    },
    {
      "type": "Feature",
      "geometry": {
        "type": "Point",
        "coordinates": [
          -12.01701,
          -77.002948
        ]
      },
      "properties": {
        "nombre": "Veronica vasquez peña",
        "tipo": "Fija",
        "marca": "HIK VISION",
        "ubicacion": "Espalda de grifo petroperu - Los Jardines 2da etapa"
      }
    },
    {
      "type": "Feature",
      "geometry": {
        "type": "Point",
        "coordinates": [
          -11.960098,
          -76.989622
        ]
      },
      "properties": {
        "nombre": "VECINO - NANCY MAMANI",
        "tipo": "Fija",
        "marca": "HIK VISION",
        "ubicacion": "MZ N4 lote 1 JR París"
      }
    },
    {
      "type": "Feature",
      "geometry": {
        "type": "Point",
        "coordinates": [
          -11.960095,
          -76.98962
        ]
      },
      "properties": {
        "nombre": "VECINO - NANCY MAMANI",
        "tipo": "Fija",
        "marca": "HIK VISION",
        "ubicacion": "MZ N4 lote 1 JR París"
      }
    },
    {
      "type": "Feature",
      "geometry": {
        "type": "Point",
        "coordinates": [
          -11.960091,
          -76.989618
        ]
      },
      "properties": {
        "nombre": "VECINO - NANCY MAMANI",
        "tipo": "Fija",
        "marca": "HIK VISION",
        "ubicacion": "MZ N4 lote 1 JR París"
      }
    },
    {
      "type": "Feature",
      "geometry": {
        "type": "Point",
        "coordinates": [
          -11.998006,
          -77.004757
        ]
      },
      "properties": {
        "nombre": "VECINO - Antony Quispe",
        "tipo": "Fija",
        "marca": "HIK VISION",
        "ubicacion": "Calle las turquezas 432 inca manco capac"
      }
    },
    {
      "type": "Feature",
      "geometry": {
        "type": "Point",
        "coordinates": [
          -11.998002,
          -77.00475
        ]
      },
      "properties": {
        "nombre": "VECINO - Antony Quispe",
        "tipo": "Fija",
        "marca": "HIK VISION",
        "ubicacion": "Calle las turquezas 432 inca manco capac"
      }
    },
    {
      "type": "Feature",
      "geometry": {
        "type": "Point",
        "coordinates": [
          -11.975518,
          -76.999865
        ]
      },
      "properties": {
        "nombre": "VECINO - Juan Beltrán Brañez",
        "tipo": "Fija",
        "marca": "HIK VISION",
        "ubicacion": "Av. Canto Rey # 414 Urb Canto rey"
      }
    },
    {
      "type": "Feature",
      "geometry": {
        "type": "Point",
        "coordinates": [
          -11.967526,
          -76.995582
        ]
      },
      "properties": {
        "nombre": "VECINO - David Huamani juyo",
        "tipo": "Fija",
        "marca": "HIK VISION",
        "ubicacion": "Av.santa rosa #153"
      }
    },
    {
      "type": "Feature",
      "geometry": {
        "type": "Point",
        "coordinates": [
          -11.96754,
          -76.995556
        ]
      },
      "properties": {
        "nombre": "VECINO - David Huamani juyo",
        "tipo": "Fija",
        "marca": "HIK VISION",
        "ubicacion": "Av.santa rosa #153"
      }
    },
    {
      "type": "Feature",
      "geometry": {
        "type": "Point",
        "coordinates": [
          -11.98668,
          -77.012245
        ]
      },
      "properties": {
        "nombre": "VECINO - Ricardo Paul Injante Guzman",
        "tipo": "Fija",
        "marca": "HIK VISION",
        "ubicacion": "Jr Satélite N'222 Urb Santa Elizabeth"
      }
    },
    {
      "type": "Feature",
      "geometry": {
        "type": "Point",
        "coordinates": [
          -11.969469,
          -76.993122
        ]
      },
      "properties": {
        "nombre": "Yime Yoel Urrutia Perez - LOCAL COMERCIAL",
        "tipo": "Fija",
        "marca": "HIK VISION",
        "ubicacion": "Jr Los Ingenieros MzC13 Lote 04 AA.HH Eduardo de la Pinella"
      }
    },
    {
      "type": "Feature",
      "geometry": {
        "type": "Point",
        "coordinates": [
          -11.969415,
          -76.993088
        ]
      },
      "properties": {
        "nombre": "Yime Yoel Urrutia Perez - LOCAL COMERCIAL",
        "tipo": "Fija",
        "marca": "HIK VISION",
        "ubicacion": "Jr Los Ingenieros MzC13 Lote 04 AA.HH Eduardo de la Pinella"
      }
    },
    {
      "type": "Feature",
      "geometry": {
        "type": "Point",
        "coordinates": [
          -11.955729,
          -76.978524
        ]
      },
      "properties": {
        "nombre": "VECINO - MANUEL SULLUCHUCO",
        "tipo": "Fija",
        "marca": "HIK VISION",
        "ubicacion": "Mz H s/N aa.hh Tupac. Amaru 2do canto rey"
      }
    },
    {
      "type": "Feature",
      "geometry": {
        "type": "Point",
        "coordinates": [
          -11.955449,
          -76.9788
        ]
      },
      "properties": {
        "nombre": "VECINO - MANUEL SULLUCHUCO",
        "tipo": "Fija",
        "marca": "HIK VISION",
        "ubicacion": "Mz H s/N aa.hh Tupac. Amaru 2do canto rey"
      }
    },
    {
      "type": "Feature",
      "geometry": {
        "type": "Point",
        "coordinates": [
          -11.955779,
          -76.978887
        ]
      },
      "properties": {
        "nombre": "VECINO - MANUEL SULLUCHUCO",
        "tipo": "Fija",
        "marca": "HIK VISION",
        "ubicacion": "Mz H s/N aa.hh Tupac. Amaru 2do canto rey"
      }
    },
    {
      "type": "Feature",
      "geometry": {
        "type": "Point",
        "coordinates": [
          -11.95571,
          -76.977732
        ]
      },
      "properties": {
        "nombre": "VECINO - MANUEL SULLUCHUCO",
        "tipo": "Fija",
        "marca": "HIK VISION",
        "ubicacion": "Mz H s/N aa.hh Tupac. Amaru 2do canto rey"
      }
    },
    {
      "type": "Feature",
      "geometry": {
        "type": "Point",
        "coordinates": [
          -11.956247,
          -76.97716
        ]
      },
      "properties": {
        "nombre": "VECINO - MANUEL SULLUCHUCO",
        "tipo": "Fija",
        "marca": "HIK VISION",
        "ubicacion": "Mz H s/N aa.hh Tupac. Amaru 2do canto rey"
      }
    },
    {
      "type": "Feature",
      "geometry": {
        "type": "Point",
        "coordinates": [
          -11.956248,
          -76.977161
        ]
      },
      "properties": {
        "nombre": "VECINO - MANUEL SULLUCHUCO",
        "tipo": "Fija",
        "marca": "HIK VISION",
        "ubicacion": "Mz H s/N aa.hh Tupac. Amaru 2do canto rey"
      }
    },
    {
      "type": "Feature",
      "geometry": {
        "type": "Point",
        "coordinates": [
          -11.956858,
          -76.977959
        ]
      },
      "properties": {
        "nombre": "VECINO - MANUEL SULLUCHUCO",
        "tipo": "Fija",
        "marca": "HIK VISION",
        "ubicacion": "Mz H s/N aa.hh Tupac. Amaru 2do canto rey"
      }
    },
    {
      "type": "Feature",
      "geometry": {
        "type": "Point",
        "coordinates": [
          -11.956408,
          -76.977266
        ]
      },
      "properties": {
        "nombre": "VECINO - MANUEL SULLUCHUCO",
        "tipo": "Fija",
        "marca": "HIK VISION",
        "ubicacion": "Mz H s/N aa.hh Tupac. Amaru 2do canto rey"
      }
    },
    {
      "type": "Feature",
      "geometry": {
        "type": "Point",
        "coordinates": [
          -11.956952,
          -76.976159
        ]
      },
      "properties": {
        "nombre": "VECINO - MANUEL SULLUCHUCO",
        "tipo": "Fija",
        "marca": "HIK VISION",
        "ubicacion": "Mz H s/N aa.hh Tupac. Amaru 2do canto rey"
      }
    },
    {
      "type": "Feature",
      "geometry": {
        "type": "Point",
        "coordinates": [
          -11.957131,
          -76.977237
        ]
      },
      "properties": {
        "nombre": "VECINO - MANUEL SULLUCHUCO",
        "tipo": "Fija",
        "marca": "HIK VISION",
        "ubicacion": "Mz H s/N aa.hh Tupac. Amaru 2do canto rey"
      }
    },
    {
      "type": "Feature",
      "geometry": {
        "type": "Point",
        "coordinates": [
          -11.956673,
          -76.976486
        ]
      },
      "properties": {
        "nombre": "VECINO - MANUEL SULLUCHUCO",
        "tipo": "Fija",
        "marca": "HIK VISION",
        "ubicacion": "Mz H s/N aa.hh Tupac. Amaru 2do canto rey"
      }
    },
    {
      "type": "Feature",
      "geometry": {
        "type": "Point",
        "coordinates": [
          -11.955635,
          -76.978424
        ]
      },
      "properties": {
        "nombre": "VECINO - MANUEL SULLUCHUCO",
        "tipo": "Fija",
        "marca": "HIK VISION",
        "ubicacion": "Mz H s/N aa.hh Tupac. Amaru 2do canto rey"
      }
    },
    {
      "type": "Feature",
      "geometry": {
        "type": "Point",
        "coordinates": [
          -11.955729,
          -76.978524
        ]
      },
      "properties": {
        "nombre": "VECINO - MANUEL SULLUCHUCO",
        "tipo": "Fija",
        "marca": "HIK VISION",
        "ubicacion": "Mz H s/N aa.hh Tupac. Amaru 2do canto rey"
      }
    },
    {
      "type": "Feature",
      "geometry": {
        "type": "Point",
        "coordinates": [
          -11.955729,
          -76.978524
        ]
      },
      "properties": {
        "nombre": "VECINO - MANUEL SULLUCHUCO",
        "tipo": "Fija",
        "marca": "HIK VISION",
        "ubicacion": "Mz H s/N aa.hh Tupac. Amaru 2do canto rey"
      }
    },
    {
      "type": "Feature",
      "geometry": {
        "type": "Point",
        "coordinates": [
          -11.939335,
          -76.998666
        ]
      },
      "properties": {
        "nombre": "Botica bazarluz",
        "tipo": "Fija",
        "marca": "HIK VISION",
        "ubicacion": "JR.cgama mz n20 lt 4 asoci. De viviendas Casablanca"
      }
    },
    {
      "type": "Feature",
      "geometry": {
        "type": "Point",
        "coordinates": [
          -11.973827,
          -77.005965
        ]
      },
      "properties": {
        "nombre": "VECINO - Manuel bailon",
        "tipo": "Fija",
        "marca": "HIK VISION",
        "ubicacion": "Calle san martín s/n urb. San Rafael"
      }
    },
    {
      "type": "Feature",
      "geometry": {
        "type": "Point",
        "coordinates": [
          -11.97322,
          -77.005414
        ]
      },
      "properties": {
        "nombre": "VECINO - Manuel bailon",
        "tipo": "Fija",
        "marca": "HIK VISION",
        "ubicacion": "Calle san martín s/n urb. San Rafael"
      }
    },
    {
      "type": "Feature",
      "geometry": {
        "type": "Point",
        "coordinates": [
          -11.973714,
          -77.005894
        ]
      },
      "properties": {
        "nombre": "VECINO - Manuel bailon",
        "tipo": "Fija",
        "marca": "HIK VISION",
        "ubicacion": "Calle san martín s/n urb. San Rafael"
      }
    },
    {
      "type": "Feature",
      "geometry": {
        "type": "Point",
        "coordinates": [
          -11.974734,
          -77.004211
        ]
      },
      "properties": {
        "nombre": "VECINO - Manuel bailon",
        "tipo": "Fija",
        "marca": "HIK VISION",
        "ubicacion": "Calle san martín s/n urb. San Rafael"
      }
    },
    {
      "type": "Feature",
      "geometry": {
        "type": "Point",
        "coordinates": [
          -11.974339,
          -77.004469
        ]
      },
      "properties": {
        "nombre": "VECINO - Manuel bailon",
        "tipo": "Fija",
        "marca": "HIK VISION",
        "ubicacion": "Calle san martín s/n urb. San Rafael"
      }
    },
    {
      "type": "Feature",
      "geometry": {
        "type": "Point",
        "coordinates": [
          -11.973953,
          -77.004751
        ]
      },
      "properties": {
        "nombre": "VECINO - Manuel bailon",
        "tipo": "Fija",
        "marca": "HIK VISION",
        "ubicacion": "Calle san martín s/n urb. San Rafael"
      }
    },
    {
      "type": "Feature",
      "geometry": {
        "type": "Point",
        "coordinates": [
          -11.976424,
          -77.002845
        ]
      },
      "properties": {
        "nombre": "I.E NICOLÁS COPÉRNICO - JOSÉ CASTRO",
        "tipo": "Fija",
        "marca": "HIK VISION",
        "ubicacion": "Av. Fernando wiesse S/N cuadra 33 Urb Canto Rey"
      }
    },
    {
      "type": "Feature",
      "geometry": {
        "type": "Point",
        "coordinates": [
          -11.976424,
          -77.002845
        ]
      },
      "properties": {
        "nombre": "I.E NICOLÁS COPÉRNICO - JOSÉ CASTRO",
        "tipo": "Fija",
        "marca": "HIK VISION",
        "ubicacion": "Av. Fernando wiesse S/N cuadra 33 Urb Canto Rey"
      }
    },
    {
      "type": "Feature",
      "geometry": {
        "type": "Point",
        "coordinates": [
          -11.985094,
          -77.012329
        ]
      },
      "properties": {
        "nombre": "VECINO - MARIBEL ZAMORA",
        "tipo": "Fija",
        "marca": "HIK VISION",
        "ubicacion": "Jr. Júpiter 300"
      }
    },
    {
      "type": "Feature",
      "geometry": {
        "type": "Point",
        "coordinates": [
          -11.98517,
          -77.012353
        ]
      },
      "properties": {
        "nombre": "VECINO - MARIBEL ZAMORA",
        "tipo": "Fija",
        "marca": "HIK VISION",
        "ubicacion": "Jr. Júpiter 300"
      }
    },
    {
      "type": "Feature",
      "geometry": {
        "type": "Point",
        "coordinates": [
          -11.984757,
          -77.012342
        ]
      },
      "properties": {
        "nombre": "VECINO - MARIBEL ZAMORA",
        "tipo": "Fija",
        "marca": "HIK VISION",
        "ubicacion": "Jr. Júpiter 300"
      }
    },
    {
      "type": "Feature",
      "geometry": {
        "type": "Point",
        "coordinates": [
          -11.98519,
          -77.012441
        ]
      },
      "properties": {
        "nombre": "VECINO - MARIBEL ZAMORA",
        "tipo": "Fija",
        "marca": "HIK VISION",
        "ubicacion": "Jr. Júpiter 300"
      }
    },
    {
      "type": "Feature",
      "geometry": {
        "type": "Point",
        "coordinates": [
          -11.980958,
          -76.993957
        ]
      },
      "properties": {
        "nombre": "MARIANELA GALVAN",
        "tipo": "Fija",
        "marca": "DAHUA",
        "ubicacion": "Calle los cocalenos  805 URB semi rústica canto grande "
      }
    },
    {
      "type": "Feature",
      "geometry": {
        "type": "Point",
        "coordinates": [
          -11.980943,
          -76.993956
        ]
      },
      "properties": {
        "nombre": "MARIANELA GALVAN",
        "tipo": "Fija",
        "marca": "DAHUA",
        "ubicacion": "Calle los cocalenos  805 URB semi rústica canto grande "
      }
    },
    {
      "type": "Feature",
      "geometry": {
        "type": "Point",
        "coordinates": [
          -11.980763,
          -76.99388
        ]
      },
      "properties": {
        "nombre": "MARIANELA GALVAN",
        "tipo": "Fija",
        "marca": "DAHUA",
        "ubicacion": "Calle los cocalenos  805 URB semi rústica canto grande "
      }
    },
    {
      "type": "Feature",
      "geometry": {
        "type": "Point",
        "coordinates": [
          -11.981121,
          -76.993562
        ]
      },
      "properties": {
        "nombre": "MARIANELA GALVAN",
        "tipo": "Fija",
        "marca": "DAHUA",
        "ubicacion": "Calle los cocalenos  805 URB semi rústica canto grande "
      }
    },
    {
      "type": "Feature",
      "geometry": {
        "type": "Point",
        "coordinates": [
          -11.981065,
          -76.993875
        ]
      },
      "properties": {
        "nombre": "MARIANELA GALVAN",
        "tipo": "Fija",
        "marca": "DAHUA",
        "ubicacion": "Calle los cocalenos  805 URB semi rústica canto grande "
      }
    },
    {
      "type": "Feature",
      "geometry": {
        "type": "Point",
        "coordinates": [
          -11.989205,
          -77.01102
        ]
      },
      "properties": {
        "nombre": "ORESTEDES TELLO",
        "tipo": "Fija",
        "marca": "DAHUA",
        "ubicacion": "Av.Jorge Basadre oeste #188"
      }
    },
    {
      "type": "Feature",
      "geometry": {
        "type": "Point",
        "coordinates": [
          -11.989207,
          -77.01103
        ]
      },
      "properties": {
        "nombre": "ORESTEDES TELLO",
        "tipo": "Fija",
        "marca": "DAHUA",
        "ubicacion": "Av.Jorge Basadre oeste #189"
      }
    },
    {
      "type": "Feature",
      "geometry": {
        "type": "Point",
        "coordinates": [
          -11.936069,
          -76.987793
        ]
      },
      "properties": {
        "nombre": "EDITH CARMIÑA",
        "tipo": "Fija",
        "marca": "DAHUA",
        "ubicacion": "AL FRENTE DEL COLEGIO RAYITO EL SOL"
      }
    },
    {
      "type": "Feature",
      "geometry": {
        "type": "Point",
        "coordinates": [
          -11.936067,
          -76.98779
        ]
      },
      "properties": {
        "nombre": null,
        "tipo": "Fija",
        "marca": "DAHUA",
        "ubicacion": "AL FRENTE DEL COLEGIO RAYITO EL SOL"
      }
    },
    {
      "type": "Feature",
      "geometry": {
        "type": "Point",
        "coordinates": [
          -11.93606,
          -76.98778
        ]
      },
      "properties": {
        "nombre": null,
        "tipo": "Fija",
        "marca": "DAHUA",
        "ubicacion": "AL FRENTE DEL COLEGIO RAYITO EL SOL"
      }
    },
    {
      "type": "Feature",
      "geometry": {
        "type": "Point",
        "coordinates": [
          -11.936069,
          -76.987798
        ]
      },
      "properties": {
        "nombre": null,
        "tipo": "Fija",
        "marca": "DAHUA",
        "ubicacion": "AL FRENTE DEL COLEGIO RAYITO EL SOL"
      }
    }
  ]
}